-- MySQL dump 10.13  Distrib 5.5.62, for Win64 (AMD64)
--
-- Host: fassi.mo-consult.be    Database: fassi_cms_01
-- ------------------------------------------------------
-- Server version	5.5.5-10.3.29-MariaDB-0ubuntu0.20.04.1

/*!40101 SET @OLD_CHARACTER_SET_CLIENT=@@CHARACTER_SET_CLIENT */;
/*!40101 SET @OLD_CHARACTER_SET_RESULTS=@@CHARACTER_SET_RESULTS */;
/*!40101 SET @OLD_COLLATION_CONNECTION=@@COLLATION_CONNECTION */;
/*!40101 SET NAMES utf8 */;
/*!40103 SET @OLD_TIME_ZONE=@@TIME_ZONE */;
/*!40103 SET TIME_ZONE='+00:00' */;
/*!40014 SET @OLD_UNIQUE_CHECKS=@@UNIQUE_CHECKS, UNIQUE_CHECKS=0 */;
/*!40014 SET @OLD_FOREIGN_KEY_CHECKS=@@FOREIGN_KEY_CHECKS, FOREIGN_KEY_CHECKS=0 */;
/*!40101 SET @OLD_SQL_MODE=@@SQL_MODE, SQL_MODE='NO_AUTO_VALUE_ON_ZERO' */;
/*!40111 SET @OLD_SQL_NOTES=@@SQL_NOTES, SQL_NOTES=0 */;

--
-- Table structure for table `catalogs`
--

DROP TABLE IF EXISTS `catalogs`;
/*!40101 SET @saved_cs_client     = @@character_set_client */;
/*!40101 SET character_set_client = utf8 */;
CREATE TABLE `catalogs` (
  `id` bigint(20) unsigned NOT NULL AUTO_INCREMENT,
  `price` decimal(9,3) NOT NULL,
  `year` smallint(5) unsigned NOT NULL,
  `provider_id` bigint(20) unsigned NOT NULL,
  `created_at` timestamp NULL DEFAULT NULL,
  `updated_at` timestamp NULL DEFAULT NULL,
  `partmetadata_id` bigint(20) unsigned NOT NULL,
  `user_id` bigint(20) unsigned NOT NULL,
  PRIMARY KEY (`id`),
  KEY `catalogs_provider_id_foreign` (`provider_id`),
  KEY `catalogs_year_index` (`year`),
  KEY `catalogs_part_meta_id_foreign_idx` (`partmetadata_id`),
  KEY `catalogs_user_id_foreign` (`user_id`),
  CONSTRAINT `catalogs_part_meta_id_foreign` FOREIGN KEY (`partmetadata_id`) REFERENCES `partmetadatas` (`id`),
  CONSTRAINT `catalogs_provider_id_foreign` FOREIGN KEY (`provider_id`) REFERENCES `providers` (`id`) ON DELETE NO ACTION ON UPDATE NO ACTION,
  CONSTRAINT `catalogs_user_id_foreign` FOREIGN KEY (`user_id`) REFERENCES `users` (`id`) ON DELETE NO ACTION ON UPDATE NO ACTION
) ENGINE=InnoDB AUTO_INCREMENT=400 DEFAULT CHARSET=utf8mb4 COLLATE=utf8mb4_unicode_ci;
/*!40101 SET character_set_client = @saved_cs_client */;

--
-- Dumping data for table `catalogs`
--

LOCK TABLES `catalogs` WRITE;
/*!40000 ALTER TABLE `catalogs` DISABLE KEYS */;
INSERT INTO `catalogs` VALUES (1,1240.000,2021,1,'2021-06-06 15:25:00','2021-06-06 15:25:00',1,1),(2,35.000,2021,1,'2021-06-06 15:25:00','2021-06-06 15:25:00',2,1),(3,0.620,2021,1,'2021-06-06 15:25:00','2021-06-06 15:25:00',3,1),(4,1.730,2021,1,'2021-06-06 15:25:00','2021-06-06 15:25:00',4,1),(5,3.661,2021,1,'2021-06-06 15:25:00','2021-06-06 15:25:00',5,1),(6,5.855,2021,1,'2021-06-06 15:25:00','2021-06-06 15:25:00',6,1),(7,78.526,2021,1,'2021-06-06 15:25:00','2021-06-06 15:25:00',7,1),(8,2.584,2021,1,'2021-06-06 15:25:00','2021-06-06 15:25:00',8,1),(9,3.442,2021,1,'2021-06-06 15:25:00','2021-06-06 15:25:00',9,1),(10,79.313,2021,1,'2021-06-06 15:25:00','2021-06-06 15:25:00',10,1),(11,15.719,2021,1,'2021-06-06 15:25:00','2021-06-06 15:25:00',11,1),(12,85.818,2021,1,'2021-06-06 15:25:00','2021-06-06 15:25:00',12,1),(13,2.845,2021,1,'2021-06-06 15:25:00','2021-06-06 15:25:00',13,1),(14,1.478,2021,1,'2021-06-06 15:25:00','2021-06-06 15:25:00',14,1),(15,2.561,2021,1,'2021-06-06 15:25:00','2021-06-06 15:25:00',15,1),(16,6.044,2021,1,'2021-06-06 15:25:00','2021-06-06 15:25:00',16,1),(17,2.691,2021,1,'2021-06-06 15:25:00','2021-06-06 15:25:00',17,1),(18,22.444,2021,1,'2021-06-06 15:25:00','2021-06-06 15:25:00',18,1),(19,1.272,2021,1,'2021-06-06 15:25:00','2021-06-06 15:25:00',19,1),(20,47.260,2021,1,'2021-06-06 15:25:00','2021-06-06 15:25:00',20,1),(21,524.460,2021,1,'2021-06-06 15:25:00','2021-06-06 15:25:00',21,1),(22,0.526,2021,1,'2021-06-06 15:25:00','2021-06-06 15:25:00',22,1),(23,32.290,2021,1,'2021-06-06 15:25:00','2021-06-06 15:25:00',23,1),(24,32.290,2021,1,'2021-06-06 15:25:00','2021-06-06 15:25:00',24,1),(25,32.290,2021,1,'2021-06-06 15:25:00','2021-06-06 15:25:00',25,1),(26,32.290,2021,1,'2021-06-06 15:25:00','2021-06-06 15:25:00',26,1),(27,32.900,2021,1,'2021-06-06 15:25:00','2021-06-06 15:25:00',27,1),(28,115.000,2021,1,'2021-06-06 15:25:00','2021-06-06 15:25:00',28,1),(29,8.520,2021,1,'2021-06-06 15:25:00','2021-06-06 15:25:00',29,1),(30,319.000,2021,1,'2021-06-06 15:25:00','2021-06-06 15:25:00',30,1),(31,5.190,2021,1,'2021-06-06 15:25:00','2021-06-06 15:25:00',31,1),(32,4.960,2021,1,'2021-06-06 15:25:00','2021-06-06 15:25:00',32,1),(33,3.600,2021,1,'2021-06-06 15:25:00','2021-06-06 15:25:00',33,1),(34,4.850,2021,1,'2021-06-06 15:25:00','2021-06-06 15:25:00',34,1),(35,4.223,2021,1,'2021-06-06 15:25:00','2021-06-06 15:25:00',35,1),(36,3.040,2021,1,'2021-06-06 15:25:00','2021-06-06 15:25:00',36,1),(37,16.650,2021,1,'2021-06-06 15:25:00','2021-06-06 15:25:00',37,1),(38,35.140,2021,1,'2021-06-06 15:25:00','2021-06-06 15:25:00',38,1),(39,25.390,2021,1,'2021-06-06 15:25:00','2021-06-06 15:25:00',39,1),(40,35.397,2021,1,'2021-06-06 15:25:00','2021-06-06 15:25:00',40,1),(41,26.611,2021,1,'2021-06-06 15:25:00','2021-06-06 15:25:00',41,1),(42,34.577,2021,1,'2021-06-06 15:25:00','2021-06-06 15:25:00',42,1),(43,25.145,2021,1,'2021-06-06 15:25:00','2021-06-06 15:25:00',43,1),(44,34.577,2021,1,'2021-06-06 15:25:00','2021-06-06 15:25:00',44,1),(45,25.716,2021,1,'2021-06-06 15:25:00','2021-06-06 15:25:00',45,1),(46,19.700,2021,1,'2021-06-06 15:25:00','2021-06-06 15:25:00',46,1),(47,0.000,2021,1,'2021-06-06 15:25:00','2021-06-06 15:25:00',47,1),(48,0.000,2021,1,'2021-06-06 15:25:00','2021-06-06 15:25:00',48,1),(49,0.000,2021,1,'2021-06-06 15:25:00','2021-06-06 15:25:00',49,1),(50,1.610,2021,1,'2021-06-06 15:25:00','2021-06-06 15:25:00',50,1),(51,8.180,2021,1,'2021-06-06 15:25:00','2021-06-06 15:25:00',51,1),(52,2.840,2021,1,'2021-06-06 15:25:00','2021-06-06 15:25:00',52,1),(53,0.230,2021,1,'2021-06-06 15:25:00','2021-06-06 15:25:00',53,1),(54,0.280,2021,1,'2021-06-06 15:25:00','2021-06-06 15:25:00',54,1),(55,0.280,2021,1,'2021-06-06 15:25:00','2021-06-06 15:25:00',55,1),(56,33.884,2021,1,'2021-06-06 15:25:00','2021-06-06 15:25:00',56,1),(57,26.063,2021,1,'2021-06-06 15:25:00','2021-06-06 15:25:00',57,1),(58,26.800,2021,1,'2021-06-06 15:25:00','2021-06-06 15:25:00',58,1),(59,34.629,2021,1,'2021-06-06 15:25:00','2021-06-06 15:25:00',59,1),(60,28.396,2021,1,'2021-06-06 15:25:00','2021-06-06 15:25:00',60,1),(61,37.150,2021,1,'2021-06-06 15:25:00','2021-06-06 15:25:00',61,1),(62,31.449,2021,1,'2021-06-06 15:25:00','2021-06-06 15:25:00',62,1),(63,35.692,2021,1,'2021-06-06 15:25:00','2021-06-06 15:25:00',63,1),(64,29.613,2021,1,'2021-06-06 15:25:00','2021-06-06 15:25:00',64,1),(65,36.512,2021,1,'2021-06-06 15:25:00','2021-06-06 15:25:00',65,1),(66,30.606,2021,1,'2021-06-06 15:25:00','2021-06-06 15:25:00',66,1),(67,33.608,2021,1,'2021-06-06 15:25:00','2021-06-06 15:25:00',67,1),(68,24.152,2021,1,'2021-06-06 15:25:00','2021-06-06 15:25:00',68,1),(69,123.952,2021,1,'2021-06-06 15:25:00','2021-06-06 15:25:00',69,1),(70,52.759,2021,1,'2021-06-06 15:25:00','2021-06-06 15:25:00',70,1),(71,188.639,2021,1,'2021-06-06 15:25:00','2021-06-06 15:25:00',71,1),(72,81.968,2021,1,'2021-06-06 15:25:00','2021-06-06 15:25:00',72,1),(73,32.290,2021,1,'2021-06-06 15:25:00','2021-06-06 15:25:00',73,1),(74,29.310,2021,1,'2021-06-06 15:25:00','2021-06-06 15:25:00',74,1),(75,23.350,2021,1,'2021-06-06 15:25:00','2021-06-06 15:25:00',75,1),(76,172.630,2021,1,'2021-06-06 15:25:00','2021-06-06 15:25:00',76,1),(77,46.052,2021,1,'2021-06-06 15:25:00','2021-06-06 15:25:00',77,1),(78,33.532,2021,1,'2021-06-06 15:25:00','2021-06-06 15:25:00',78,1),(79,5.092,2021,1,'2021-06-06 15:25:00','2021-06-06 15:25:00',79,1),(80,33.360,2021,1,'2021-06-06 15:25:00','2021-06-06 15:25:00',80,1),(81,100.378,2021,1,'2021-06-06 15:25:00','2021-06-06 15:25:00',81,1),(82,77.880,2021,1,'2021-06-06 15:25:00','2021-06-06 15:25:00',82,1),(83,668.580,2021,1,'2021-06-06 15:25:00','2021-06-06 15:25:00',83,1),(84,3.873,2021,1,'2021-06-06 15:25:00','2021-06-06 15:25:00',84,1),(85,33.130,2021,1,'2021-06-06 15:25:00','2021-06-06 15:25:00',85,1),(86,17.895,2021,1,'2021-06-06 15:25:00','2021-06-06 15:25:00',86,1),(87,17.127,2021,1,'2021-06-06 15:25:00','2021-06-06 15:25:00',87,1),(88,20.256,2021,1,'2021-06-06 15:25:00','2021-06-06 15:25:00',88,1),(89,24.326,2021,1,'2021-06-06 15:25:00','2021-06-06 15:25:00',89,1),(90,19.684,2021,1,'2021-06-06 15:25:00','2021-06-06 15:25:00',90,1),(91,27.501,2021,1,'2021-06-06 15:25:00','2021-06-06 15:25:00',91,1),(92,0.012,2021,1,'2021-06-06 15:25:00','2021-06-06 15:25:00',92,1),(93,6172.000,2021,1,'2021-06-06 15:25:00','2021-06-06 15:25:00',93,1),(94,14.620,2021,1,'2021-06-06 15:25:00','2021-06-06 15:25:00',94,1),(95,16.111,2021,1,'2021-06-06 15:25:00','2021-06-06 15:25:00',95,1),(96,32.915,2021,1,'2021-06-06 15:25:00','2021-06-06 15:25:00',96,1),(97,26.236,2021,1,'2021-06-06 15:25:00','2021-06-06 15:25:00',97,1),(98,32.840,2021,1,'2021-06-06 15:25:00','2021-06-06 15:25:00',98,1),(99,26.883,2021,1,'2021-06-06 15:25:00','2021-06-06 15:25:00',99,1),(100,33.064,2021,1,'2021-06-06 15:25:00','2021-06-06 15:25:00',100,1),(101,28.719,2021,1,'2021-06-06 15:25:00','2021-06-06 15:25:00',101,1),(102,25.590,2021,1,'2021-06-06 15:25:00','2021-06-06 15:25:00',102,1),(103,31.969,2021,1,'2021-06-06 15:25:00','2021-06-06 15:25:00',103,1),(104,34.380,2021,1,'2021-06-06 15:25:00','2021-06-06 15:25:00',104,1),(105,30.011,2021,1,'2021-06-06 15:25:00','2021-06-06 15:25:00',105,1),(106,29.093,2021,1,'2021-06-06 15:25:00','2021-06-06 15:25:00',106,1),(107,35.247,2021,1,'2021-06-06 15:25:00','2021-06-06 15:25:00',107,1),(108,37.080,2021,1,'2021-06-06 15:25:00','2021-06-06 15:25:00',108,1),(109,31.500,2021,1,'2021-06-06 15:25:00','2021-06-06 15:25:00',109,1),(110,3.100,2021,1,'2021-06-06 15:25:00','2021-06-06 15:25:00',110,1),(111,6.750,2021,1,'2021-06-06 15:25:00','2021-06-06 15:25:00',111,1),(112,87.000,2021,1,'2021-06-06 15:25:00','2021-06-06 15:25:00',112,1),(113,42.717,2021,1,'2021-06-06 15:25:00','2021-06-06 15:25:00',113,1),(114,36.216,2021,1,'2021-06-06 15:25:00','2021-06-06 15:25:00',114,1),(115,43.364,2021,1,'2021-06-06 15:25:00','2021-06-06 15:25:00',115,1),(116,40.310,2021,1,'2021-06-06 15:25:00','2021-06-06 15:25:00',116,1),(117,49.494,2021,1,'2021-06-06 15:25:00','2021-06-06 15:25:00',117,1),(118,42.640,2021,1,'2021-06-06 15:25:00','2021-06-06 15:25:00',118,1),(119,45.078,2021,1,'2021-06-06 15:25:00','2021-06-06 15:25:00',119,1),(120,38.175,2021,1,'2021-06-06 15:25:00','2021-06-06 15:25:00',120,1),(121,39.710,2021,1,'2021-06-06 15:25:00','2021-06-06 15:25:00',121,1),(122,33.510,2021,1,'2021-06-06 15:25:00','2021-06-06 15:25:00',122,1),(123,25.913,2021,1,'2021-06-06 15:25:00','2021-06-06 15:25:00',123,1),(124,30.433,2021,1,'2021-06-06 15:25:00','2021-06-06 15:25:00',124,1),(125,29.637,2021,1,'2021-06-06 15:25:00','2021-06-06 15:25:00',125,1),(126,3.200,2021,1,'2021-06-06 15:25:00','2021-06-06 15:25:00',126,1),(127,7.040,2021,1,'2021-06-06 15:25:00','2021-06-06 15:25:00',127,1),(128,0.850,2021,1,'2021-06-06 15:25:00','2021-06-06 15:25:00',128,1),(129,1.950,2021,1,'2021-06-06 15:25:00','2021-06-06 15:25:00',129,1),(130,3.200,2021,1,'2021-06-06 15:25:00','2021-06-06 15:25:00',130,1),(131,5.720,2021,1,'2021-06-06 15:25:00','2021-06-06 15:25:00',131,1),(132,277.500,2021,1,'2021-06-06 15:25:00','2021-06-06 15:25:00',132,1),(133,8706.000,2021,1,'2021-06-06 15:25:00','2021-06-06 15:25:00',133,1),(134,1157.050,2021,1,'2021-06-06 15:25:00','2021-06-06 15:25:00',134,1),(135,12.410,2021,1,'2021-06-06 15:25:00','2021-06-06 15:25:00',135,1),(136,243.101,2021,1,'2021-06-06 15:25:00','2021-06-06 15:25:00',136,1),(137,3.040,2021,1,'2021-06-06 15:25:00','2021-06-06 15:25:00',137,1),(138,1835.680,2021,1,'2021-06-06 15:25:00','2021-06-06 15:25:00',138,1),(139,1835.680,2021,1,'2021-06-06 15:25:00','2021-06-06 15:25:00',139,1),(140,1384.150,2021,1,'2021-06-06 15:25:00','2021-06-06 15:25:00',140,1),(141,271.050,2021,1,'2021-06-06 15:25:00','2021-06-06 15:25:00',141,1),(142,2035.400,2021,1,'2021-06-06 15:25:00','2021-06-06 15:25:00',142,1),(143,2035.400,2021,1,'2021-06-06 15:25:00','2021-06-06 15:25:00',143,1),(144,3862.000,2021,1,'2021-06-06 15:25:00','2021-06-06 15:25:00',144,1),(145,5.960,2021,1,'2021-06-06 15:25:00','2021-06-06 15:25:00',145,1),(146,7137.000,2021,1,'2021-06-06 15:25:00','2021-06-06 15:25:00',146,1),(147,0.526,2021,1,'2021-06-06 15:25:00','2021-06-06 15:25:00',147,1),(148,0.503,2021,1,'2021-06-06 15:25:00','2021-06-06 15:25:00',148,1),(149,0.526,2021,1,'2021-06-06 15:25:00','2021-06-06 15:25:00',149,1),(150,0.526,2021,1,'2021-06-06 15:25:00','2021-06-06 15:25:00',150,1),(151,0.120,2021,1,'2021-06-06 15:25:00','2021-06-06 15:25:00',151,1),(152,32.000,2021,1,'2021-06-06 15:25:00','2021-06-06 15:25:00',152,1),(153,30.000,2021,1,'2021-06-06 15:25:00','2021-06-06 15:25:00',153,1),(154,26.000,2021,1,'2021-06-06 15:25:00','2021-06-06 15:25:00',154,1),(155,34.000,2021,1,'2021-06-06 15:25:00','2021-06-06 15:25:00',155,1),(156,0.526,2021,1,'2021-06-06 15:25:00','2021-06-06 15:25:00',156,1),(157,1907.750,2021,1,'2021-06-06 15:25:00','2021-06-06 15:25:00',157,1),(158,41.300,2021,1,'2021-06-06 15:25:00','2021-06-06 15:25:00',158,1),(159,0.526,2021,1,'2021-06-06 15:25:00','2021-06-06 15:25:00',159,1),(160,0.526,2021,1,'2021-06-06 15:25:00','2021-06-06 15:25:00',160,1),(161,0.059,2021,1,'2021-06-06 15:25:00','2021-06-06 15:25:00',161,1),(162,0.515,2021,1,'2021-06-06 15:25:00','2021-06-06 15:25:00',162,1),(163,0.526,2021,1,'2021-06-06 15:25:00','2021-06-06 15:25:00',163,1),(164,0.526,2021,1,'2021-06-06 15:25:00','2021-06-06 15:25:00',164,1),(165,0.007,2021,1,'2021-06-06 15:25:00','2021-06-06 15:25:00',165,1),(166,0.686,2021,1,'2021-06-06 15:25:00','2021-06-06 15:25:00',166,1),(167,0.070,2021,1,'2021-06-06 15:25:00','2021-06-06 15:25:00',167,1),(168,0.526,2021,1,'2021-06-06 15:25:00','2021-06-06 15:25:00',168,1),(169,8.688,2021,1,'2021-06-06 15:25:00','2021-06-06 15:25:00',169,1),(170,161.677,2021,1,'2021-06-06 15:25:00','2021-06-06 15:25:00',170,1),(171,13.700,2021,1,'2021-06-06 15:25:00','2021-06-06 15:25:00',171,1),(172,6.810,2021,1,'2021-06-06 15:25:00','2021-06-06 15:25:00',172,1),(173,1.540,2021,1,'2021-06-06 15:25:00','2021-06-06 15:25:00',173,1),(174,28.690,2021,1,'2021-06-06 15:25:00','2021-06-06 15:25:00',174,1),(175,16.900,2021,1,'2021-06-06 15:25:00','2021-06-06 15:25:00',175,1),(176,279.413,2021,1,'2021-06-06 15:25:00','2021-06-06 15:25:00',176,1),(177,26.680,2021,1,'2021-06-06 15:25:00','2021-06-06 15:25:00',177,1),(178,26.680,2021,1,'2021-06-06 15:25:00','2021-06-06 15:25:00',178,1),(179,45.540,2021,1,'2021-06-06 15:25:00','2021-06-06 15:25:00',179,1),(180,471.251,2021,1,'2021-06-06 15:25:00','2021-06-06 15:25:00',180,1),(181,119.146,2021,1,'2021-06-06 15:25:00','2021-06-06 15:25:00',181,1),(182,0.240,2021,1,'2021-06-06 15:25:00','2021-06-06 15:25:00',182,1),(183,744.660,2021,1,'2021-06-06 15:25:00','2021-06-06 15:25:00',183,1),(184,32.343,2021,1,'2021-06-06 15:25:00','2021-06-06 15:25:00',184,1),(185,29.416,2021,1,'2021-06-06 15:25:00','2021-06-06 15:25:00',185,1),(186,141.451,2021,1,'2021-06-06 15:25:00','2021-06-06 15:25:00',186,1),(187,9.870,2021,1,'2021-06-06 15:25:00','2021-06-06 15:25:00',187,1),(188,16.059,2021,1,'2021-06-06 15:25:00','2021-06-06 15:25:00',188,1),(189,15.465,2021,1,'2021-06-06 15:25:00','2021-06-06 15:25:00',189,1),(190,12.000,2021,1,'2021-06-06 15:25:00','2021-06-06 15:25:00',190,1),(191,1.242,2021,1,'2021-06-06 15:25:00','2021-06-06 15:25:00',191,1),(192,3.730,2021,1,'2021-06-06 15:25:00','2021-06-06 15:25:00',192,1),(193,102.760,2021,1,'2021-06-06 15:25:00','2021-06-06 15:25:00',193,1),(194,260.631,2021,1,'2021-06-06 15:25:00','2021-06-06 15:25:00',194,1),(195,285.453,2021,1,'2021-06-06 15:25:00','2021-06-06 15:25:00',195,1),(196,491.476,2021,1,'2021-06-06 15:25:00','2021-06-06 15:25:00',196,1),(197,119.146,2021,1,'2021-06-06 15:25:00','2021-06-06 15:25:00',197,1),(198,583.317,2021,1,'2021-06-06 15:25:00','2021-06-06 15:25:00',198,1),(199,65.237,2021,1,'2021-06-06 15:25:00','2021-06-06 15:25:00',199,1),(200,308.000,2021,1,'2021-06-06 15:25:00','2021-06-06 15:25:00',200,1),(201,354.000,2021,1,'2021-06-06 15:25:00','2021-06-06 15:25:00',201,1),(202,543.602,2021,1,'2021-06-06 15:25:00','2021-06-06 15:25:00',202,1),(203,10.430,2021,1,'2021-06-06 15:25:00','2021-06-06 15:25:00',203,1),(204,0.299,2021,1,'2021-06-06 15:25:00','2021-06-06 15:25:00',204,1),(205,0.040,2021,1,'2021-06-06 15:25:00','2021-06-06 15:25:00',205,1),(206,0.040,2021,1,'2021-06-06 15:25:00','2021-06-06 15:25:00',206,1),(207,0.020,2021,1,'2021-06-06 15:25:00','2021-06-06 15:25:00',207,1),(208,21.570,2021,1,'2021-06-06 15:25:00','2021-06-06 15:25:00',208,1),(209,34.770,2021,1,'2021-06-06 15:25:00','2021-06-06 15:25:00',209,1),(210,16.350,2021,1,'2021-06-06 15:25:00','2021-06-06 15:25:00',210,1),(211,55.300,2021,1,'2021-06-06 15:25:00','2021-06-06 15:25:00',211,1),(212,17.770,2021,1,'2021-06-06 15:25:00','2021-06-06 15:25:00',212,1),(213,21.843,2021,1,'2021-06-06 15:25:00','2021-06-06 15:25:00',213,1),(214,10.990,2021,1,'2021-06-06 15:25:00','2021-06-06 15:25:00',214,1),(215,24.203,2021,1,'2021-06-06 15:25:00','2021-06-06 15:25:00',215,1),(216,44.100,2021,1,'2021-06-06 15:25:00','2021-06-06 15:25:00',216,1),(217,14.870,2021,1,'2021-06-06 15:25:00','2021-06-06 15:25:00',217,1),(218,41.874,2021,1,'2021-06-06 15:25:00','2021-06-06 15:25:00',218,1),(219,35.819,2021,1,'2021-06-06 15:25:00','2021-06-06 15:25:00',219,1),(220,35.074,2021,1,'2021-06-06 15:25:00','2021-06-06 15:25:00',220,1),(221,33.037,2021,1,'2021-06-06 15:25:00','2021-06-06 15:25:00',221,1),(222,28.943,2021,1,'2021-06-06 15:25:00','2021-06-06 15:25:00',222,1),(223,24.570,2021,1,'2021-06-06 15:25:00','2021-06-06 15:25:00',223,1),(224,28.540,2021,1,'2021-06-06 15:25:00','2021-06-06 15:25:00',224,1),(225,38.640,2021,1,'2021-06-06 15:25:00','2021-06-06 15:25:00',225,1),(226,25.490,2021,1,'2021-06-06 15:25:00','2021-06-06 15:25:00',226,1),(227,30.232,2021,1,'2021-06-06 15:25:00','2021-06-06 15:25:00',227,1),(228,24.510,2021,1,'2021-06-06 15:25:00','2021-06-06 15:25:00',228,1),(229,39.443,2021,1,'2021-06-06 15:25:00','2021-06-06 15:25:00',229,1),(230,34.306,2021,1,'2021-06-06 15:25:00','2021-06-06 15:25:00',230,1),(231,36.390,2021,1,'2021-06-06 15:25:00','2021-06-06 15:25:00',231,1),(232,27.870,2021,1,'2021-06-06 15:25:00','2021-06-06 15:25:00',232,1),(233,46.020,2021,1,'2021-06-06 15:25:00','2021-06-06 15:25:00',233,1),(234,7.440,2021,1,'2021-06-06 15:25:00','2021-06-06 15:25:00',234,1),(235,26.625,2021,1,'2021-06-06 15:25:00','2021-06-06 15:25:00',235,1),(236,0.646,2021,1,'2021-06-06 15:25:00','2021-06-06 15:25:00',236,1),(237,0.693,2021,1,'2021-06-06 15:25:00','2021-06-06 15:25:00',237,1),(238,0.199,2021,1,'2021-06-06 15:25:00','2021-06-06 15:25:00',238,1),(239,0.473,2021,1,'2021-06-06 15:25:00','2021-06-06 15:25:00',239,1),(240,23.707,2021,1,'2021-06-06 15:25:00','2021-06-06 15:25:00',240,1),(241,36.980,2021,1,'2021-06-06 15:25:00','2021-06-06 15:25:00',241,1),(242,42.966,2021,1,'2021-06-06 15:25:00','2021-06-06 15:25:00',242,1),(243,13.900,2021,1,'2021-06-06 15:25:00','2021-06-06 15:25:00',243,1),(244,17.872,2021,1,'2021-06-06 15:25:00','2021-06-06 15:25:00',244,1),(245,23.581,2021,1,'2021-06-06 15:25:00','2021-06-06 15:25:00',245,1),(246,20.959,2021,1,'2021-06-06 15:25:00','2021-06-06 15:25:00',246,1),(247,38.808,2021,1,'2021-06-06 15:25:00','2021-06-06 15:25:00',247,1),(248,91.593,2021,1,'2021-06-06 15:25:00','2021-06-06 15:25:00',248,1),(249,0.000,2021,1,'2021-06-06 15:25:00','2021-06-06 15:25:00',249,1),(250,21.595,2021,1,'2021-06-06 15:25:00','2021-06-06 15:25:00',250,1),(251,10.450,2021,1,'2021-06-06 15:25:00','2021-06-06 15:25:00',251,1),(252,0.299,2021,1,'2021-06-06 15:25:00','2021-06-06 15:25:00',252,1),(253,70.750,2021,1,'2021-06-06 15:25:00','2021-06-06 15:25:00',253,1),(254,9.432,2021,1,'2021-06-06 15:25:00','2021-06-06 15:25:00',254,1),(255,85.520,2021,1,'2021-06-06 15:25:00','2021-06-06 15:25:00',255,1),(256,73.850,2021,1,'2021-06-06 15:25:00','2021-06-06 15:25:00',256,1),(257,24.077,2021,1,'2021-06-06 15:25:00','2021-06-06 15:25:00',257,1),(258,13.652,2021,1,'2021-06-06 15:25:00','2021-06-06 15:25:00',258,1),(259,69.820,2021,1,'2021-06-06 15:25:00','2021-06-06 15:25:00',259,1),(260,62.055,2021,1,'2021-06-06 15:25:00','2021-06-06 15:25:00',260,1),(261,29.562,2021,1,'2021-06-06 15:25:00','2021-06-06 15:25:00',261,1),(262,0.398,2021,1,'2021-06-06 15:25:00','2021-06-06 15:25:00',262,1),(263,2.482,2021,1,'2021-06-06 15:25:00','2021-06-06 15:25:00',263,1),(264,0.300,2021,1,'2021-06-06 15:25:00','2021-06-06 15:25:00',264,1),(265,151.414,2021,1,'2021-06-06 15:25:00','2021-06-06 15:25:00',265,1),(266,15.390,2021,1,'2021-06-06 15:25:00','2021-06-06 15:25:00',266,1),(267,148.932,2021,1,'2021-06-06 15:25:00','2021-06-06 15:25:00',267,1),(268,193.620,2021,1,'2021-06-06 15:25:00','2021-06-06 15:25:00',268,1),(269,88.615,2021,1,'2021-06-06 15:25:00','2021-06-06 15:25:00',269,1),(270,0.191,2021,1,'2021-06-06 15:25:00','2021-06-06 15:25:00',270,1),(271,25.965,2021,1,'2021-06-06 15:25:00','2021-06-06 15:25:00',271,1),(272,223.398,2021,1,'2021-06-06 15:25:00','2021-06-06 15:25:00',272,1),(273,223.398,2021,1,'2021-06-06 15:25:00','2021-06-06 15:25:00',273,1),(274,285.453,2021,1,'2021-06-06 15:25:00','2021-06-06 15:25:00',274,1),(275,223.390,2021,1,'2021-06-06 15:25:00','2021-06-06 15:25:00',275,1),(276,161.340,2021,1,'2021-06-06 15:25:00','2021-06-06 15:25:00',276,1),(277,64.040,2021,1,'2021-06-06 15:25:00','2021-06-06 15:25:00',277,1),(278,9.432,2021,1,'2021-06-06 15:25:00','2021-06-06 15:25:00',278,1),(279,49.644,2021,1,'2021-06-06 15:25:00','2021-06-06 15:25:00',279,1),(280,364.883,2021,1,'2021-06-06 15:25:00','2021-06-06 15:25:00',280,1),(281,364.883,2021,1,'2021-06-06 15:25:00','2021-06-06 15:25:00',281,1),(282,110.460,2021,1,'2021-06-06 15:25:00','2021-06-06 15:25:00',282,1),(283,148.932,2021,1,'2021-06-06 15:25:00','2021-06-06 15:25:00',283,1),(284,27.304,2021,1,'2021-06-06 15:25:00','2021-06-06 15:25:00',284,1),(285,193.612,2021,1,'2021-06-06 15:25:00','2021-06-06 15:25:00',285,1),(286,418.037,2021,1,'2021-06-06 15:25:00','2021-06-06 15:25:00',286,1),(287,0.240,2021,1,'2021-06-06 15:25:00','2021-06-06 15:25:00',287,1),(288,1.870,2021,1,'2021-06-06 15:25:00','2021-06-06 15:25:00',288,1),(289,2.290,2021,1,'2021-06-06 15:25:00','2021-06-06 15:25:00',289,1),(290,1.560,2021,1,'2021-06-06 15:25:00','2021-06-06 15:25:00',290,1),(291,61.810,2021,1,'2021-06-06 15:25:00','2021-06-06 15:25:00',291,1),(292,12.510,2021,1,'2021-06-06 15:25:00','2021-06-06 15:25:00',292,1),(293,4700.000,2021,1,'2021-06-06 15:25:00','2021-06-06 15:25:00',293,1),(294,5.819,2021,1,'2021-06-06 15:25:00','2021-06-06 15:25:00',294,1),(295,24.210,2021,1,'2021-06-06 15:25:00','2021-06-06 15:25:00',295,1),(296,78.761,2021,1,'2021-06-06 15:25:00','2021-06-06 15:25:00',296,1),(297,34.231,2021,1,'2021-06-06 15:25:00','2021-06-06 15:25:00',297,1),(298,1921.223,2021,1,'2021-06-06 15:25:00','2021-06-06 15:25:00',298,1),(299,1792.148,2021,1,'2021-06-06 15:25:00','2021-06-06 15:25:00',299,1),(300,2978.640,2021,1,'2021-06-06 15:25:00','2021-06-06 15:25:00',300,1),(301,1.810,2021,1,'2021-06-06 15:25:00','2021-06-06 15:25:00',301,1),(302,1.200,2021,1,'2021-06-06 15:25:00','2021-06-06 15:25:00',302,1),(303,1.738,2021,1,'2021-06-06 15:25:00','2021-06-06 15:25:00',303,1),(304,50.506,2021,1,'2021-06-06 15:25:00','2021-06-06 15:25:00',304,1),(305,1.206,2021,1,'2021-06-06 15:25:00','2021-06-06 15:25:00',305,1),(306,1.206,2021,1,'2021-06-06 15:25:00','2021-06-06 15:25:00',306,1),(307,0.620,2021,1,'2021-06-06 15:25:00','2021-06-06 15:25:00',307,1),(308,0.620,2021,1,'2021-06-06 15:25:00','2021-06-06 15:25:00',308,1),(309,1.206,2021,1,'2021-06-06 15:25:00','2021-06-06 15:25:00',309,1),(310,1.206,2021,1,'2021-06-06 15:25:00','2021-06-06 15:25:00',310,1),(311,63.910,2021,1,'2021-06-06 15:25:00','2021-06-06 15:25:00',311,1),(312,38.830,2021,1,'2021-06-06 15:25:00','2021-06-06 15:25:00',312,1),(313,71.480,2021,1,'2021-06-06 15:25:00','2021-06-06 15:25:00',313,1),(314,71.480,2021,1,'2021-06-06 15:25:00','2021-06-06 15:25:00',314,1),(315,2050.147,2021,1,'2021-06-06 15:25:00','2021-06-06 15:25:00',315,1),(316,0.526,2021,1,'2021-06-06 15:25:00','2021-06-06 15:25:00',316,1),(317,23.970,2021,1,'2021-06-06 15:25:00','2021-06-06 15:25:00',317,1),(318,19.330,2021,1,'2021-06-06 15:25:00','2021-06-06 15:25:00',318,1),(319,50.239,2021,1,'2021-06-06 15:25:00','2021-06-06 15:25:00',319,1),(320,50.239,2021,1,'2021-06-06 15:25:00','2021-06-06 15:25:00',320,1),(321,0.526,2021,1,'2021-06-06 15:25:00','2021-06-06 15:25:00',321,1),(322,0.526,2021,1,'2021-06-06 15:25:00','2021-06-06 15:25:00',322,1),(323,0.526,2021,1,'2021-06-06 15:25:00','2021-06-06 15:25:00',323,1),(324,0.526,2021,1,'2021-06-06 15:25:00','2021-06-06 15:25:00',324,1),(325,0.526,2021,1,'2021-06-06 15:25:00','2021-06-06 15:25:00',325,1),(326,0.526,2021,1,'2021-06-06 15:25:00','2021-06-06 15:25:00',326,1),(327,0.515,2021,1,'2021-06-06 15:25:00','2021-06-06 15:25:00',327,1),(328,5.587,2021,1,'2021-06-06 15:25:00','2021-06-06 15:25:00',328,1),(329,908.160,2021,1,'2021-06-06 15:25:00','2021-06-06 15:25:00',329,1),(330,279.537,2021,1,'2021-06-06 15:25:00','2021-06-06 15:25:00',330,1),(331,0.870,2021,1,'2021-06-06 15:25:00','2021-06-06 15:25:00',331,1),(332,7.049,2021,1,'2021-06-06 15:25:00','2021-06-06 15:25:00',332,1),(333,86.877,2021,1,'2021-06-06 15:25:00','2021-06-06 15:25:00',333,1),(334,85.830,2021,1,'2021-06-06 15:25:00','2021-06-06 15:25:00',334,1),(335,42.272,2021,1,'2021-06-06 15:25:00','2021-06-06 15:25:00',335,1),(336,12.820,2021,1,'2021-06-06 15:25:00','2021-06-06 15:25:00',336,1),(337,37.607,2021,1,'2021-06-06 15:25:00','2021-06-06 15:25:00',337,1),(338,135.603,2021,1,'2021-06-06 15:25:00','2021-06-06 15:25:00',338,1),(339,438.731,2021,1,'2021-06-06 15:25:00','2021-06-06 15:25:00',339,1),(340,170.678,2021,1,'2021-06-06 15:25:00','2021-06-06 15:25:00',340,1),(341,302.448,2021,1,'2021-06-06 15:25:00','2021-06-06 15:25:00',341,1),(342,271.050,2021,1,'2021-06-06 15:25:00','2021-06-06 15:25:00',342,1),(343,89.680,2021,1,'2021-06-06 15:25:00','2021-06-06 15:25:00',343,1),(344,384.840,2021,1,'2021-06-06 15:25:00','2021-06-06 15:25:00',344,1),(345,73.225,2021,1,'2021-06-06 15:25:00','2021-06-06 15:25:00',345,1),(346,73.225,2021,1,'2021-06-06 15:25:00','2021-06-06 15:25:00',346,1),(347,55.700,2021,1,'2021-06-06 15:25:00','2021-06-06 15:25:00',347,1),(348,25.070,2021,1,'2021-06-06 15:25:00','2021-06-06 15:25:00',348,1),(349,0.526,2021,1,'2021-06-06 15:25:00','2021-06-06 15:25:00',349,1),(350,0.526,2021,1,'2021-06-06 15:25:00','2021-06-06 15:25:00',350,1),(351,0.526,2021,1,'2021-06-06 15:25:00','2021-06-06 15:25:00',351,1),(352,1.000,2021,1,'2021-06-06 15:25:00','2021-06-06 15:25:00',352,1),(353,0.240,2021,1,'2021-06-06 15:25:00','2021-06-06 15:25:00',353,1),(354,0.030,2021,1,'2021-06-06 15:25:00','2021-06-06 15:25:00',354,1),(355,0.515,2021,1,'2021-06-06 15:25:00','2021-06-06 15:25:00',355,1),(356,0.630,2021,1,'2021-06-06 15:25:00','2021-06-06 15:25:00',356,1),(357,0.515,2021,1,'2021-06-06 15:25:00','2021-06-06 15:25:00',357,1),(358,0.550,2021,1,'2021-06-06 15:25:00','2021-06-06 15:25:00',358,1),(359,0.042,2021,1,'2021-06-06 15:25:00','2021-06-06 15:25:00',359,1),(360,0.160,2021,1,'2021-06-06 15:25:00','2021-06-06 15:25:00',360,1),(361,0.070,2021,1,'2021-06-06 15:25:00','2021-06-06 15:25:00',361,1),(362,0.270,2021,1,'2021-06-06 15:25:00','2021-06-06 15:25:00',362,1),(363,0.526,2021,1,'2021-06-06 15:25:00','2021-06-06 15:25:00',363,1),(364,0.820,2021,1,'2021-06-06 15:25:00','2021-06-06 15:25:00',364,1),(365,0.140,2021,1,'2021-06-06 15:25:00','2021-06-06 15:25:00',365,1),(366,1963.000,2021,1,'2021-06-06 15:25:00','2021-06-06 15:25:00',366,1),(367,2.400,2021,1,'2021-06-06 15:25:00','2021-06-06 15:25:00',367,1),(368,1.090,2021,1,'2021-06-06 15:25:00','2021-06-06 15:25:00',368,1),(369,1.810,2021,1,'2021-06-06 15:25:00','2021-06-06 15:25:00',369,1),(370,1.810,2021,1,'2021-06-06 15:25:00','2021-06-06 15:25:00',370,1),(371,3.470,2021,1,'2021-06-06 15:25:00','2021-06-06 15:25:00',371,1),(372,1.580,2021,1,'2021-06-06 15:25:00','2021-06-06 15:25:00',372,1),(373,7.050,2021,1,'2021-06-06 15:25:00','2021-06-06 15:25:00',373,1),(374,9.113,2021,1,'2021-06-06 15:25:00','2021-06-06 15:25:00',374,1),(375,4.700,2021,1,'2021-06-06 15:25:00','2021-06-06 15:25:00',375,1),(376,30.954,2021,1,'2021-06-06 15:25:00','2021-06-06 15:25:00',376,1),(377,26.749,2021,1,'2021-06-06 15:25:00','2021-06-06 15:25:00',377,1),(378,274.759,2021,1,'2021-06-06 15:25:00','2021-06-06 15:25:00',378,1),(379,246.856,2021,1,'2021-06-06 15:25:00','2021-06-06 15:25:00',379,1),(380,554.000,2021,1,'2021-06-06 15:25:00','2021-06-06 15:25:00',380,1),(381,21.940,2021,1,'2021-06-06 15:25:00','2021-06-06 15:25:00',381,1),(382,521.459,2021,1,'2021-06-06 15:25:00','2021-06-06 15:25:00',382,1),(383,546.632,2021,1,'2021-06-06 15:25:00','2021-06-06 15:25:00',383,1),(384,31.290,2021,1,'2021-06-06 15:25:00','2021-06-06 15:25:00',384,1),(385,33.908,2021,1,'2021-06-06 15:25:00','2021-06-06 15:25:00',385,1),(386,32.044,2021,1,'2021-06-06 15:25:00','2021-06-06 15:25:00',386,1),(387,0.000,2021,1,'2021-06-06 15:25:00','2021-06-06 15:25:00',387,1),(388,398.225,2021,1,'2021-06-06 15:25:00','2021-06-06 15:25:00',388,1),(389,79.644,2021,1,'2021-06-06 15:25:00','2021-06-06 15:25:00',389,1),(390,186.160,2021,1,'2021-06-06 15:25:00','2021-06-06 15:25:00',390,1),(391,203.550,2021,1,'2021-06-06 15:25:00','2021-06-06 15:25:00',391,1),(392,162.592,2021,1,'2021-06-06 15:25:00','2021-06-06 15:25:00',392,1),(393,48.627,2021,1,'2021-06-06 15:25:00','2021-06-06 15:25:00',393,1),(394,171.272,2021,1,'2021-06-06 15:25:00','2021-06-06 15:25:00',394,1),(395,268.078,2021,1,'2021-06-06 15:25:00','2021-06-06 15:25:00',395,1),(396,0.000,2021,1,'2021-06-06 15:25:00','2021-06-06 15:25:00',396,1),(397,125.100,2021,1,'2021-06-06 15:25:00','2021-06-06 15:25:00',397,1),(398,96.506,2021,1,'2021-06-06 15:25:00','2021-06-06 15:25:00',398,1),(399,0.894,2021,1,'2021-06-06 15:25:00','2021-06-06 15:25:00',399,1);
/*!40000 ALTER TABLE `catalogs` ENABLE KEYS */;
UNLOCK TABLES;

--
-- Table structure for table `clockings`
--

DROP TABLE IF EXISTS `clockings`;
/*!40101 SET @saved_cs_client     = @@character_set_client */;
/*!40101 SET character_set_client = utf8 */;
CREATE TABLE `clockings` (
  `id` bigint(20) unsigned NOT NULL AUTO_INCREMENT,
  `date` date NOT NULL,
  `start_date` datetime NOT NULL,
  `stop_date` datetime DEFAULT NULL,
  `technician_id` bigint(20) unsigned NOT NULL,
  `user_id` bigint(20) unsigned NOT NULL,
  `created_at` timestamp NULL DEFAULT NULL,
  `updated_at` timestamp NULL DEFAULT NULL,
  `worksheet_id` bigint(20) unsigned NOT NULL,
  PRIMARY KEY (`id`),
  KEY `clockings_technician_id_foreign` (`technician_id`),
  KEY `clockings_user_id_foreign` (`user_id`),
  KEY `clockings_date_index` (`date`),
  KEY `clockings_start_date_index` (`start_date`),
  KEY `clockings_stop_date_index` (`stop_date`),
  KEY `clockings_worksheet_id_foreign_idx` (`worksheet_id`),
  CONSTRAINT `clockings_technician_id_foreign` FOREIGN KEY (`technician_id`) REFERENCES `technicians` (`id`),
  CONSTRAINT `clockings_user_id_foreign` FOREIGN KEY (`user_id`) REFERENCES `users` (`id`),
  CONSTRAINT `clockings_worksheet_id_foreign` FOREIGN KEY (`worksheet_id`) REFERENCES `worksheets` (`id`) ON DELETE NO ACTION ON UPDATE NO ACTION
) ENGINE=InnoDB AUTO_INCREMENT=16 DEFAULT CHARSET=utf8mb4 COLLATE=utf8mb4_unicode_ci;
/*!40101 SET character_set_client = @saved_cs_client */;

--
-- Dumping data for table `clockings`
--

LOCK TABLES `clockings` WRITE;
/*!40000 ALTER TABLE `clockings` DISABLE KEYS */;
/*!40000 ALTER TABLE `clockings` ENABLE KEYS */;
UNLOCK TABLES;

--
-- Table structure for table `clockings_details`
--

DROP TABLE IF EXISTS `clockings_details`;
/*!40101 SET @saved_cs_client     = @@character_set_client */;
/*!40101 SET character_set_client = utf8 */;
CREATE TABLE `clockings_details` (
  `id` bigint(20) unsigned NOT NULL AUTO_INCREMENT,
  `date` date NOT NULL,
  `date_time` datetime NOT NULL,
  `action` varchar(1) COLLATE utf8mb4_unicode_ci NOT NULL,
  `status` varchar(1) COLLATE utf8mb4_unicode_ci NOT NULL DEFAULT 'A',
  `worksheet_id` bigint(20) unsigned NOT NULL,
  `technician_id` bigint(20) unsigned NOT NULL,
  `user_id` bigint(20) unsigned NOT NULL,
  `created_at` timestamp NULL DEFAULT NULL,
  `updated_at` timestamp NULL DEFAULT NULL,
  PRIMARY KEY (`id`),
  KEY `clockings_details_worksheet_id_foreign` (`worksheet_id`),
  KEY `clockings_details_technician_id_foreign` (`technician_id`),
  KEY `clockings_details_user_id_foreign` (`user_id`),
  KEY `clockings_details_date_index` (`date`),
  KEY `clockings_details_date_time_index` (`date_time`),
  KEY `clockings_details_action_index` (`action`),
  KEY `clockings_details_status_index` (`status`),
  CONSTRAINT `clockings_details_technician_id_foreign` FOREIGN KEY (`technician_id`) REFERENCES `technicians` (`id`),
  CONSTRAINT `clockings_details_user_id_foreign` FOREIGN KEY (`user_id`) REFERENCES `users` (`id`),
  CONSTRAINT `clockings_details_worksheet_id_foreign` FOREIGN KEY (`worksheet_id`) REFERENCES `worksheets` (`id`)
) ENGINE=InnoDB AUTO_INCREMENT=25 DEFAULT CHARSET=utf8mb4 COLLATE=utf8mb4_unicode_ci;
/*!40101 SET character_set_client = @saved_cs_client */;

--
-- Dumping data for table `clockings_details`
--

LOCK TABLES `clockings_details` WRITE;
/*!40000 ALTER TABLE `clockings_details` DISABLE KEYS */;
/*!40000 ALTER TABLE `clockings_details` ENABLE KEYS */;
UNLOCK TABLES;

--
-- Table structure for table `cranes`
--

DROP TABLE IF EXISTS `cranes`;
/*!40101 SET @saved_cs_client     = @@character_set_client */;
/*!40101 SET character_set_client = utf8 */;
CREATE TABLE `cranes` (
  `id` bigint(20) unsigned NOT NULL AUTO_INCREMENT,
  `serial` varchar(255) COLLATE utf8mb4_unicode_ci NOT NULL,
  `model` varchar(255) COLLATE utf8mb4_unicode_ci NOT NULL,
  `plate` varchar(20) COLLATE utf8mb4_unicode_ci DEFAULT NULL,
  `created_at` timestamp NULL DEFAULT NULL,
  `updated_at` timestamp NULL DEFAULT NULL,
  `user_id` bigint(20) unsigned NOT NULL,
  PRIMARY KEY (`id`),
  UNIQUE KEY `cranes_serial_unique` (`serial`),
  KEY `cranes_user_id_foreign` (`user_id`),
  CONSTRAINT `cranes_user_id_foreign` FOREIGN KEY (`user_id`) REFERENCES `users` (`id`)
) ENGINE=InnoDB AUTO_INCREMENT=20 DEFAULT CHARSET=utf8mb4 COLLATE=utf8mb4_unicode_ci;
/*!40101 SET character_set_client = @saved_cs_client */;

--
-- Dumping data for table `cranes`
--

LOCK TABLES `cranes` WRITE;
/*!40000 ALTER TABLE `cranes` DISABLE KEYS */;
/*!40000 ALTER TABLE `cranes` ENABLE KEYS */;
UNLOCK TABLES;

--
-- Table structure for table `customers`
--

DROP TABLE IF EXISTS `customers`;
/*!40101 SET @saved_cs_client     = @@character_set_client */;
/*!40101 SET character_set_client = utf8 */;
CREATE TABLE `customers` (
  `id` bigint(20) unsigned NOT NULL AUTO_INCREMENT,
  `name` varchar(100) COLLATE utf8mb4_unicode_ci NOT NULL,
  `address` varchar(100) COLLATE utf8mb4_unicode_ci NOT NULL,
  `address_optional` varchar(100) COLLATE utf8mb4_unicode_ci DEFAULT NULL,
  `city` varchar(50) COLLATE utf8mb4_unicode_ci NOT NULL,
  `zipcode` varchar(10) COLLATE utf8mb4_unicode_ci NOT NULL,
  `country` varchar(100) COLLATE utf8mb4_unicode_ci NOT NULL DEFAULT 'BELGIQUE',
  `mail` varchar(100) COLLATE utf8mb4_unicode_ci DEFAULT NULL,
  `phone` varchar(100) COLLATE utf8mb4_unicode_ci DEFAULT NULL,
  `mobile` varchar(100) COLLATE utf8mb4_unicode_ci DEFAULT NULL,
  `vat` varchar(15) COLLATE utf8mb4_unicode_ci DEFAULT NULL,
  `created_at` timestamp NULL DEFAULT NULL,
  `updated_at` timestamp NULL DEFAULT NULL,
  `user_id` bigint(20) unsigned NOT NULL,
  `black_listed` tinyint(1) NOT NULL DEFAULT 0,
  PRIMARY KEY (`id`),
  KEY `customers_user_id_foreign` (`user_id`),
  CONSTRAINT `customers_user_id_foreign` FOREIGN KEY (`user_id`) REFERENCES `users` (`id`)
) ENGINE=InnoDB AUTO_INCREMENT=20 DEFAULT CHARSET=utf8mb4 COLLATE=utf8mb4_unicode_ci;
/*!40101 SET character_set_client = @saved_cs_client */;

--
-- Dumping data for table `customers`
--

LOCK TABLES `customers` WRITE;
/*!40000 ALTER TABLE `customers` DISABLE KEYS */;
/*!40000 ALTER TABLE `customers` ENABLE KEYS */;
UNLOCK TABLES;

--
-- Table structure for table `failed_jobs`
--

DROP TABLE IF EXISTS `failed_jobs`;
/*!40101 SET @saved_cs_client     = @@character_set_client */;
/*!40101 SET character_set_client = utf8 */;
CREATE TABLE `failed_jobs` (
  `id` bigint(20) unsigned NOT NULL AUTO_INCREMENT,
  `uuid` varchar(255) COLLATE utf8mb4_unicode_ci NOT NULL,
  `connection` text COLLATE utf8mb4_unicode_ci NOT NULL,
  `queue` text COLLATE utf8mb4_unicode_ci NOT NULL,
  `payload` longtext COLLATE utf8mb4_unicode_ci NOT NULL,
  `exception` longtext COLLATE utf8mb4_unicode_ci NOT NULL,
  `failed_at` timestamp NOT NULL DEFAULT current_timestamp(),
  PRIMARY KEY (`id`),
  UNIQUE KEY `failed_jobs_uuid_unique` (`uuid`)
) ENGINE=InnoDB DEFAULT CHARSET=utf8mb4 COLLATE=utf8mb4_unicode_ci;
/*!40101 SET character_set_client = @saved_cs_client */;

--
-- Dumping data for table `failed_jobs`
--

LOCK TABLES `failed_jobs` WRITE;
/*!40000 ALTER TABLE `failed_jobs` DISABLE KEYS */;
/*!40000 ALTER TABLE `failed_jobs` ENABLE KEYS */;
UNLOCK TABLES;

--
-- Table structure for table `locations`
--

DROP TABLE IF EXISTS `locations`;
/*!40101 SET @saved_cs_client     = @@character_set_client */;
/*!40101 SET character_set_client = utf8 */;
CREATE TABLE `locations` (
  `id` bigint(20) unsigned NOT NULL AUTO_INCREMENT,
  `location` varchar(45) NOT NULL,
  `description` varchar(255) DEFAULT NULL,
  `enabled` tinyint(1) NOT NULL DEFAULT 1,
  `created_at` timestamp NULL DEFAULT NULL,
  `updated_at` timestamp NULL DEFAULT NULL,
  `user_id` bigint(20) unsigned DEFAULT NULL,
  PRIMARY KEY (`id`),
  UNIQUE KEY `location_UNIQUE` (`location`),
  KEY `locations_user_id_foreign_idx` (`user_id`),
  CONSTRAINT `locations_user_id_foreign` FOREIGN KEY (`user_id`) REFERENCES `users` (`id`)
) ENGINE=InnoDB AUTO_INCREMENT=12 DEFAULT CHARSET=utf8;
/*!40101 SET character_set_client = @saved_cs_client */;

--
-- Dumping data for table `locations`
--

LOCK TABLES `locations` WRITE;
/*!40000 ALTER TABLE `locations` DISABLE KEYS */;
INSERT INTO `locations` VALUES (1,'HALL','Hall',1,'2021-06-06 14:32:00','2021-06-06 14:32:00',1),(2,'MAGASIN','Magasin',1,'2021-06-06 14:32:00','2021-06-06 14:32:00',1),(3,'1WSH806','VW Caddie',1,'2021-06-06 14:32:00','2021-06-06 14:32:00',1),(4,'1XGV833','VW Crafter',1,'2021-06-06 14:32:00','2021-06-06 14:32:00',1),(5,'1VRD723','VW Crafter',1,'2021-06-06 14:32:00','2021-06-06 14:32:00',1),(6,'1YNQ981','VW Amarok',1,'2021-06-06 14:32:00','2021-06-06 14:32:00',1);
/*!40000 ALTER TABLE `locations` ENABLE KEYS */;
UNLOCK TABLES;

--
-- Table structure for table `migrations`
--

DROP TABLE IF EXISTS `migrations`;
/*!40101 SET @saved_cs_client     = @@character_set_client */;
/*!40101 SET character_set_client = utf8 */;
CREATE TABLE `migrations` (
  `id` int(10) unsigned NOT NULL AUTO_INCREMENT,
  `migration` varchar(255) COLLATE utf8mb4_unicode_ci NOT NULL,
  `batch` int(11) NOT NULL,
  PRIMARY KEY (`id`)
) ENGINE=InnoDB AUTO_INCREMENT=66 DEFAULT CHARSET=utf8mb4 COLLATE=utf8mb4_unicode_ci;
/*!40101 SET character_set_client = @saved_cs_client */;

--
-- Dumping data for table `migrations`
--

LOCK TABLES `migrations` WRITE;
/*!40000 ALTER TABLE `migrations` DISABLE KEYS */;
/*!40000 ALTER TABLE `migrations` ENABLE KEYS */;
UNLOCK TABLES;

--
-- Table structure for table `model_has_permissions`
--

DROP TABLE IF EXISTS `model_has_permissions`;
/*!40101 SET @saved_cs_client     = @@character_set_client */;
/*!40101 SET character_set_client = utf8 */;
CREATE TABLE `model_has_permissions` (
  `permission_id` bigint(20) unsigned NOT NULL,
  `model_type` varchar(255) COLLATE utf8mb4_unicode_ci NOT NULL,
  `model_id` bigint(20) unsigned NOT NULL,
  PRIMARY KEY (`permission_id`,`model_id`,`model_type`),
  KEY `model_has_permissions_model_id_model_type_index` (`model_id`,`model_type`),
  CONSTRAINT `model_has_permissions_permission_id_foreign` FOREIGN KEY (`permission_id`) REFERENCES `permissions` (`id`) ON DELETE CASCADE
) ENGINE=InnoDB DEFAULT CHARSET=utf8mb4 COLLATE=utf8mb4_unicode_ci;
/*!40101 SET character_set_client = @saved_cs_client */;

--
-- Dumping data for table `model_has_permissions`
--

LOCK TABLES `model_has_permissions` WRITE;
/*!40000 ALTER TABLE `model_has_permissions` DISABLE KEYS */;
/*!40000 ALTER TABLE `model_has_permissions` ENABLE KEYS */;
UNLOCK TABLES;

--
-- Table structure for table `model_has_roles`
--

DROP TABLE IF EXISTS `model_has_roles`;
/*!40101 SET @saved_cs_client     = @@character_set_client */;
/*!40101 SET character_set_client = utf8 */;
CREATE TABLE `model_has_roles` (
  `role_id` bigint(20) unsigned NOT NULL,
  `model_type` varchar(255) COLLATE utf8mb4_unicode_ci NOT NULL,
  `model_id` bigint(20) unsigned NOT NULL,
  PRIMARY KEY (`role_id`,`model_id`,`model_type`),
  KEY `model_has_roles_model_id_model_type_index` (`model_id`,`model_type`),
  CONSTRAINT `model_has_roles_role_id_foreign` FOREIGN KEY (`role_id`) REFERENCES `roles` (`id`) ON DELETE CASCADE
) ENGINE=InnoDB DEFAULT CHARSET=utf8mb4 COLLATE=utf8mb4_unicode_ci;
/*!40101 SET character_set_client = @saved_cs_client */;

--
-- Dumping data for table `model_has_roles`
--

LOCK TABLES `model_has_roles` WRITE;
/*!40000 ALTER TABLE `model_has_roles` DISABLE KEYS */;
INSERT INTO `model_has_roles` VALUES (1,'App\\Models\\User',1),(2,'App\\Models\\User',2),(2,'App\\Models\\User',4),(5,'App\\Models\\User',5);
/*!40000 ALTER TABLE `model_has_roles` ENABLE KEYS */;
UNLOCK TABLES;

--
-- Table structure for table `outs`
--

DROP TABLE IF EXISTS `outs`;
/*!40101 SET @saved_cs_client     = @@character_set_client */;
/*!40101 SET character_set_client = utf8 */;
CREATE TABLE `outs` (
  `id` bigint(20) unsigned NOT NULL AUTO_INCREMENT,
  `qty_pull` smallint(5) unsigned NOT NULL,
  `qty_before` smallint(5) unsigned NOT NULL,
  `reason_id` bigint(20) unsigned NOT NULL,
  `store_id` bigint(20) unsigned NOT NULL,
  `created_at` timestamp NULL DEFAULT NULL,
  `updated_at` timestamp NULL DEFAULT NULL,
  `user_id` bigint(20) unsigned NOT NULL,
  `note` varchar(255) COLLATE utf8mb4_unicode_ci DEFAULT NULL,
  PRIMARY KEY (`id`),
  KEY `outs_reason_id_foreign` (`reason_id`),
  KEY `outs_store_id_foreign` (`store_id`),
  KEY `outs_user_id_foreign` (`user_id`),
  CONSTRAINT `outs_reason_id_foreign` FOREIGN KEY (`reason_id`) REFERENCES `reasons` (`id`) ON DELETE NO ACTION ON UPDATE NO ACTION,
  CONSTRAINT `outs_store_id_foreign` FOREIGN KEY (`store_id`) REFERENCES `stores` (`id`) ON DELETE NO ACTION ON UPDATE NO ACTION,
  CONSTRAINT `outs_user_id_foreign` FOREIGN KEY (`user_id`) REFERENCES `users` (`id`)
) ENGINE=InnoDB AUTO_INCREMENT=32 DEFAULT CHARSET=utf8mb4 COLLATE=utf8mb4_unicode_ci;
/*!40101 SET character_set_client = @saved_cs_client */;

--
-- Dumping data for table `outs`
--

LOCK TABLES `outs` WRITE;
/*!40000 ALTER TABLE `outs` DISABLE KEYS */;
/*!40000 ALTER TABLE `outs` ENABLE KEYS */;
UNLOCK TABLES;

--
-- Table structure for table `partmetadatas`
--

DROP TABLE IF EXISTS `partmetadatas`;
/*!40101 SET @saved_cs_client     = @@character_set_client */;
/*!40101 SET character_set_client = utf8 */;
CREATE TABLE `partmetadatas` (
  `id` bigint(20) unsigned NOT NULL AUTO_INCREMENT,
  `part_number` varchar(100) COLLATE utf8mb4_unicode_ci NOT NULL,
  `description` varchar(255) COLLATE utf8mb4_unicode_ci NOT NULL,
  `enabled` tinyint(1) NOT NULL DEFAULT 1,
  `electrical_part` tinyint(1) NOT NULL DEFAULT 0,
  `bar_code` varchar(255) COLLATE utf8mb4_unicode_ci NOT NULL,
  `created_at` timestamp NULL DEFAULT NULL,
  `updated_at` timestamp NULL DEFAULT NULL,
  `reassort_level` smallint(5) DEFAULT NULL,
  `user_id` bigint(20) unsigned NOT NULL,
  PRIMARY KEY (`id`),
  UNIQUE KEY `part_number` (`part_number`),
  KEY `stores_part_number_index` (`part_number`),
  KEY `parts_metas_location_id_foreign` (`user_id`),
  CONSTRAINT `parts_metas_location_id_foreign` FOREIGN KEY (`user_id`) REFERENCES `users` (`id`)
) ENGINE=InnoDB AUTO_INCREMENT=484 DEFAULT CHARSET=utf8mb4 COLLATE=utf8mb4_unicode_ci;
/*!40101 SET character_set_client = @saved_cs_client */;

--
-- Dumping data for table `partmetadatas`
--

LOCK TABLES `partmetadatas` WRITE;
/*!40000 ALTER TABLE `partmetadatas` DISABLE KEYS */;
INSERT INTO `partmetadatas` VALUES (1,'01,25','kit stb radio',1,0,'01,25','2021-06-06 15:25:00','2021-06-06 15:25:00',0,1),(2,'7216','7216',1,0,'7216','2021-06-06 15:25:00','2021-06-06 15:25:00',0,1),(3,'16374','16374',1,0,'16374','2021-06-06 15:25:00','2021-06-06 15:25:00',0,1),(4,'37146','37146',1,0,'37146','2021-06-06 15:25:00','2021-06-06 15:25:00',0,1),(5,'43206','43206',1,0,'43206','2021-06-06 15:25:00','2021-06-06 15:25:00',0,1),(6,'48586','48586',1,0,'48586','2021-06-06 15:25:00','2021-06-06 15:25:00',0,1),(7,'48708','48708',1,0,'48708','2021-06-06 15:25:00','2021-06-06 15:25:00',0,1),(8,'48713','48713',1,0,'48713','2021-06-06 15:25:00','2021-06-06 15:25:00',0,1),(9,'48714','48714',1,0,'48714','2021-06-06 15:25:00','2021-06-06 15:25:00',0,1),(10,'48715','48715',1,0,'48715','2021-06-06 15:25:00','2021-06-06 15:25:00',0,1),(11,'48716','48716',1,0,'48716','2021-06-06 15:25:00','2021-06-06 15:25:00',0,1),(12,'48717','48717',1,0,'48717','2021-06-06 15:25:00','2021-06-06 15:25:00',0,1),(13,'48812','48812',1,0,'48812','2021-06-06 15:25:00','2021-06-06 15:25:00',0,1),(14,'48813','48813',1,0,'48813','2021-06-06 15:25:00','2021-06-06 15:25:00',0,1),(15,'48824','48824',1,0,'48824','2021-06-06 15:25:00','2021-06-06 15:25:00',0,1),(16,'48826','48826',1,0,'48826','2021-06-06 15:25:00','2021-06-06 15:25:00',0,1),(17,'48832','48832',1,0,'48832','2021-06-06 15:25:00','2021-06-06 15:25:00',0,1),(18,'48833','48833',1,0,'48833','2021-06-06 15:25:00','2021-06-06 15:25:00',0,1),(19,'75111','75111',1,0,'75111','2021-06-06 15:25:00','2021-06-06 15:25:00',0,1),(20,'90183','90183',1,0,'90183','2021-06-06 15:25:00','2021-06-06 15:25:00',0,1),(21,'105016','105016',1,0,'105016','2021-06-06 15:25:00','2021-06-06 15:25:00',0,1),(22,'116616','116616',1,0,'116616','2021-06-06 15:25:00','2021-06-06 15:25:00',0,1),(23,'116617','116617',1,0,'116617','2021-06-06 15:25:00','2021-06-06 15:25:00',0,1),(24,'116618','116618',1,0,'116618','2021-06-06 15:25:00','2021-06-06 15:25:00',0,1),(25,'116619','116619',1,0,'116619','2021-06-06 15:25:00','2021-06-06 15:25:00',0,1),(26,'116620','116620',1,0,'116620','2021-06-06 15:25:00','2021-06-06 15:25:00',0,1),(27,'116621','116621',1,0,'116621','2021-06-06 15:25:00','2021-06-06 15:25:00',0,1),(28,'145249','145249',1,0,'145249','2021-06-06 15:25:00','2021-06-06 15:25:00',0,1),(29,'145253','145253',1,0,'145253','2021-06-06 15:25:00','2021-06-06 15:25:00',0,1),(30,'146122','146122',1,0,'146122','2021-06-06 15:25:00','2021-06-06 15:25:00',0,1),(31,'148758','148758',1,0,'148758','2021-06-06 15:25:00','2021-06-06 15:25:00',0,1),(32,'148848','148848',1,0,'148848','2021-06-06 15:25:00','2021-06-06 15:25:00',0,1),(33,'148849','148849',1,0,'148849','2021-06-06 15:25:00','2021-06-06 15:25:00',0,1),(34,'148850','148850',1,0,'148850','2021-06-06 15:25:00','2021-06-06 15:25:00',0,1),(35,'149057','149057',1,0,'149057','2021-06-06 15:25:00','2021-06-06 15:25:00',0,1),(36,'190821','190821',1,0,'190821','2021-06-06 15:25:00','2021-06-06 15:25:00',0,1),(37,'200429','200429',1,0,'200429','2021-06-06 15:25:00','2021-06-06 15:25:00',0,1),(38,'200430','200430',1,0,'200430','2021-06-06 15:25:00','2021-06-06 15:25:00',0,1),(39,'200431','200431',1,0,'200431','2021-06-06 15:25:00','2021-06-06 15:25:00',0,1),(40,'200432','tuyau',1,0,'200432','2021-06-06 15:25:00','2021-06-06 15:25:00',0,1),(41,'200433','tuyau',1,0,'200433','2021-06-06 15:25:00','2021-06-06 15:25:00',0,1),(42,'200436','tuyau',1,0,'200436','2021-06-06 15:25:00','2021-06-06 15:25:00',0,1),(43,'200437','tuyau',1,0,'200437','2021-06-06 15:25:00','2021-06-06 15:25:00',0,1),(44,'200438','tuyau',1,0,'200438','2021-06-06 15:25:00','2021-06-06 15:25:00',0,1),(45,'200439','tuyau',1,0,'200439','2021-06-06 15:25:00','2021-06-06 15:25:00',0,1),(46,'200650','200650',1,0,'200650','2021-06-06 15:25:00','2021-06-06 15:25:00',0,1),(47,'200714','200714',1,0,'200714','2021-06-06 15:25:00','2021-06-06 15:25:00',0,1),(48,'200715','200715',1,0,'200715','2021-06-06 15:25:00','2021-06-06 15:25:00',0,1),(49,'200902','200902',1,0,'200902','2021-06-06 15:25:00','2021-06-06 15:25:00',0,1),(50,'220155','220155',1,0,'220155','2021-06-06 15:25:00','2021-06-06 15:25:00',0,1),(51,'220156','220156',1,0,'220156','2021-06-06 15:25:00','2021-06-06 15:25:00',0,1),(52,'220157','220157',1,0,'220157','2021-06-06 15:25:00','2021-06-06 15:25:00',0,1),(53,'220570','220570',1,0,'220570','2021-06-06 15:25:00','2021-06-06 15:25:00',0,1),(54,'220571','220571',1,0,'220571','2021-06-06 15:25:00','2021-06-06 15:25:00',0,1),(55,'220635','220635',1,0,'220635','2021-06-06 15:25:00','2021-06-06 15:25:00',0,1),(56,'221478','tuyau',1,0,'221478','2021-06-06 15:25:00','2021-06-06 15:25:00',0,1),(57,'221479','tuyau',1,0,'221479','2021-06-06 15:25:00','2021-06-06 15:25:00',0,1),(58,'221481','221481',1,0,'221481','2021-06-06 15:25:00','2021-06-06 15:25:00',0,1),(59,'221482','tuyau',1,0,'221482','2021-06-06 15:25:00','2021-06-06 15:25:00',0,1),(60,'221483','tuyau',1,0,'221483','2021-06-06 15:25:00','2021-06-06 15:25:00',0,1),(61,'221484','221484',1,0,'221484','2021-06-06 15:25:00','2021-06-06 15:25:00',0,1),(62,'221485','tuyau',1,0,'221485','2021-06-06 15:25:00','2021-06-06 15:25:00',0,1),(63,'221486','tuyau',1,0,'221486','2021-06-06 15:25:00','2021-06-06 15:25:00',0,1),(64,'221487','tuyau',1,0,'221487','2021-06-06 15:25:00','2021-06-06 15:25:00',0,1),(65,'221488','tuyau',1,0,'221488','2021-06-06 15:25:00','2021-06-06 15:25:00',0,1),(66,'221489','tuyau',1,0,'221489','2021-06-06 15:25:00','2021-06-06 15:25:00',0,1),(67,'221490','tuyau',1,0,'221490','2021-06-06 15:25:00','2021-06-06 15:25:00',0,1),(68,'221491','tuyau',1,0,'221491','2021-06-06 15:25:00','2021-06-06 15:25:00',0,1),(69,'221563','221563',1,0,'221563','2021-06-06 15:25:00','2021-06-06 15:25:00',0,1),(70,'221565','221565',1,0,'221565','2021-06-06 15:25:00','2021-06-06 15:25:00',0,1),(71,'221566','221566',1,0,'221566','2021-06-06 15:25:00','2021-06-06 15:25:00',0,1),(72,'221577','221577',1,0,'221577','2021-06-06 15:25:00','2021-06-06 15:25:00',0,1),(73,'221578','221578',1,0,'221578','2021-06-06 15:25:00','2021-06-06 15:25:00',0,1),(74,'221579','221579',1,0,'221579','2021-06-06 15:25:00','2021-06-06 15:25:00',0,1),(75,'221583','221583',1,0,'221583','2021-06-06 15:25:00','2021-06-06 15:25:00',0,1),(76,'221586','221586',1,0,'221586','2021-06-06 15:25:00','2021-06-06 15:25:00',0,1),(77,'221588','221588',1,0,'221588','2021-06-06 15:25:00','2021-06-06 15:25:00',0,1),(78,'221607','221607',1,0,'221607','2021-06-06 15:25:00','2021-06-06 15:25:00',0,1),(79,'221628','221628',1,0,'221628','2021-06-06 15:25:00','2021-06-06 15:25:00',0,1),(80,'221831','tuyau',1,0,'221831','2021-06-06 15:25:00','2021-06-06 15:25:00',0,1),(81,'240166','240166',1,0,'240166','2021-06-06 15:25:00','2021-06-06 15:25:00',0,1),(82,'266329','266329',1,0,'266329','2021-06-06 15:25:00','2021-06-06 15:25:00',0,1),(83,'266395','266395',1,0,'266395','2021-06-06 15:25:00','2021-06-06 15:25:00',0,1),(84,'322424','carter',1,0,'322424','2021-06-06 15:25:00','2021-06-06 15:25:00',0,1),(85,'380412','380412',1,0,'380412','2021-06-06 15:25:00','2021-06-06 15:25:00',0,1),(86,'380999','heurtoir',1,0,'380999','2021-06-06 15:25:00','2021-06-06 15:25:00',0,1),(87,'400337','tuyau',1,0,'400337','2021-06-06 15:25:00','2021-06-06 15:25:00',0,1),(88,'400338','tuyau',1,0,'400338','2021-06-06 15:25:00','2021-06-06 15:25:00',0,1),(89,'400849','tuyau',1,0,'400849','2021-06-06 15:25:00','2021-06-06 15:25:00',0,1),(90,'400850','tuyau',1,0,'400850','2021-06-06 15:25:00','2021-06-06 15:25:00',0,1),(91,'400987','tuyau',1,0,'400987','2021-06-06 15:25:00','2021-06-06 15:25:00',0,1),(92,'401138','401138',1,0,'401138','2021-06-06 15:25:00','2021-06-06 15:25:00',0,1),(93,'415800','travers',1,0,'415800','2021-06-06 15:25:00','2021-06-06 15:25:00',0,1),(94,'500506','500506',1,0,'500506','2021-06-06 15:25:00','2021-06-06 15:25:00',0,1),(95,'500508','tuyau',1,0,'500508','2021-06-06 15:25:00','2021-06-06 15:25:00',0,1),(96,'500509','tuyau',1,0,'500509','2021-06-06 15:25:00','2021-06-06 15:25:00',0,1),(97,'500510','tuyau',1,0,'500510','2021-06-06 15:25:00','2021-06-06 15:25:00',0,1),(98,'500511','tuyau',1,0,'500511','2021-06-06 15:25:00','2021-06-06 15:25:00',0,1),(99,'500512','tuyau',1,0,'500512','2021-06-06 15:25:00','2021-06-06 15:25:00',0,1),(100,'500513','tuyau',1,0,'500513','2021-06-06 15:25:00','2021-06-06 15:25:00',0,1),(101,'500514','tuyau',1,0,'500514','2021-06-06 15:25:00','2021-06-06 15:25:00',0,1),(102,'500515','tuyau',1,0,'500515','2021-06-06 15:25:00','2021-06-06 15:25:00',0,1),(103,'500517','tuyau',1,0,'500517','2021-06-06 15:25:00','2021-06-06 15:25:00',0,1),(104,'500518','tuyau',1,0,'500518','2021-06-06 15:25:00','2021-06-06 15:25:00',0,1),(105,'500519','tuyau',1,0,'500519','2021-06-06 15:25:00','2021-06-06 15:25:00',0,1),(106,'500520','tuyau',1,0,'500520','2021-06-06 15:25:00','2021-06-06 15:25:00',0,1),(107,'500521','tuyau',1,0,'500521','2021-06-06 15:25:00','2021-06-06 15:25:00',0,1),(108,'500522','tuyau',1,0,'500522','2021-06-06 15:25:00','2021-06-06 15:25:00',0,1),(109,'500523','tuyau',1,0,'500523','2021-06-06 15:25:00','2021-06-06 15:25:00',0,1),(110,'500882','500882',1,0,'500882','2021-06-06 15:25:00','2021-06-06 15:25:00',0,1),(111,'540637','540637',1,0,'540637','2021-06-06 15:25:00','2021-06-06 15:25:00',0,1),(112,'700080','700080',1,0,'700080','2021-06-06 15:25:00','2021-06-06 15:25:00',0,1),(113,'700451','tuyau',1,0,'700451','2021-06-06 15:25:00','2021-06-06 15:25:00',0,1),(114,'700452','tuyau',1,0,'700452','2021-06-06 15:25:00','2021-06-06 15:25:00',0,1),(115,'700453','tuyau',1,0,'700453','2021-06-06 15:25:00','2021-06-06 15:25:00',0,1),(116,'700454','tuyau',1,0,'700454','2021-06-06 15:25:00','2021-06-06 15:25:00',0,1),(117,'700455','tuyau',1,0,'700455','2021-06-06 15:25:00','2021-06-06 15:25:00',0,1),(118,'700456','tuyau',1,0,'700456','2021-06-06 15:25:00','2021-06-06 15:25:00',0,1),(119,'700457','tuyau',1,0,'700457','2021-06-06 15:25:00','2021-06-06 15:25:00',0,1),(120,'700458','tuyau',1,0,'700458','2021-06-06 15:25:00','2021-06-06 15:25:00',0,1),(121,'700650','700650',1,0,'700650','2021-06-06 15:25:00','2021-06-06 15:25:00',0,1),(122,'701138','tuyau',1,0,'701138','2021-06-06 15:25:00','2021-06-06 15:25:00',0,1),(123,'701139','tuyau',1,0,'701139','2021-06-06 15:25:00','2021-06-06 15:25:00',0,1),(124,'701612','tuyau',1,0,'701612','2021-06-06 15:25:00','2021-06-06 15:25:00',0,1),(125,'701613','tuyau',1,0,'701613','2021-06-06 15:25:00','2021-06-06 15:25:00',0,1),(126,'702116','702116',1,0,'702116','2021-06-06 15:25:00','2021-06-06 15:25:00',0,1),(127,'702122','702122',1,0,'702122','2021-06-06 15:25:00','2021-06-06 15:25:00',0,1),(128,'702124','702124',1,0,'702124','2021-06-06 15:25:00','2021-06-06 15:25:00',0,1),(129,'702125','702125',1,0,'702125','2021-06-06 15:25:00','2021-06-06 15:25:00',0,1),(130,'702126','702126',1,0,'702126','2021-06-06 15:25:00','2021-06-06 15:25:00',0,1),(131,'702127','702127',1,0,'702127','2021-06-06 15:25:00','2021-06-06 15:25:00',0,1),(132,'751704','verin',1,0,'751704','2021-06-06 15:25:00','2021-06-06 15:25:00',0,1),(133,'751802','HE/CE',1,0,'751802','2021-06-06 15:25:00','2021-06-06 15:25:00',0,1),(134,'990677','stab ex 701233',1,0,'990677','2021-06-06 15:25:00','2021-06-06 15:25:00',0,1),(135,'991168','991168',1,0,'991168','2021-06-06 15:25:00','2021-06-06 15:25:00',0,1),(136,'982150164','982150164',1,0,'982150164','2021-06-06 15:25:00','2021-06-06 15:25:00',0,1),(137,'115596S080','115596S080',1,0,'115596S080','2021-06-06 15:25:00','2021-06-06 15:25:00',0,1),(138,'170at135b','stabilisateur',1,0,'170at135b','2021-06-06 15:25:00','2021-06-06 15:25:00',0,1),(139,'170at136b','stabilisateur',1,0,'170at136b','2021-06-06 15:25:00','2021-06-06 15:25:00',0,1),(140,'211801F/CE','211801F/CE',1,0,'211801F/CE','2021-06-06 15:25:00','2021-06-06 15:25:00',0,1),(141,'330k065','330k065',1,0,'330k065','2021-06-06 15:25:00','2021-06-06 15:25:00',0,1),(142,'415a453/c','415a453/c',1,0,'415a453/c','2021-06-06 15:25:00','2021-06-06 15:25:00',0,1),(143,'415a454/c','415a454/c',1,0,'415a454/c','2021-06-06 15:25:00','2021-06-06 15:25:00',0,1),(144,'541800HE','541800HE',1,0,'541800HE','2021-06-06 15:25:00','2021-06-06 15:25:00',0,1),(145,'551077S050','551077S050',1,0,'551077S050','2021-06-06 15:25:00','2021-06-06 15:25:00',0,1),(146,'751802HE','751802HE',1,0,'751802HE','2021-06-06 15:25:00','2021-06-06 15:25:00',0,1),(147,'AR730','AR730',1,0,'AR730','2021-06-06 15:25:00','2021-06-06 15:25:00',0,1),(148,'AR735','AR735',1,0,'AR735','2021-06-06 15:25:00','2021-06-06 15:25:00',0,1),(149,'AS738','AS738',1,0,'AS738','2021-06-06 15:25:00','2021-06-06 15:25:00',0,1),(150,'AS782','AS782',1,0,'AS782','2021-06-06 15:25:00','2021-06-06 15:25:00',0,1),(151,'AS948','AS948',1,0,'AS948','2021-06-06 15:25:00','2021-06-06 15:25:00',0,1),(152,'bat,','scanreco',1,0,'bat,','2021-06-06 15:25:00','2021-06-06 15:25:00',0,1),(153,'bat.','Hbc',1,0,'bat.','2021-06-06 15:25:00','2021-06-06 15:25:00',0,1),(154,'bz165','bz165',1,0,'bz165','2021-06-06 15:25:00','2021-06-06 15:25:00',0,1),(155,'bz175','bz175',1,0,'bz175','2021-06-06 15:25:00','2021-06-06 15:25:00',0,1),(156,'CE713','CE713',1,0,'CE713','2021-06-06 15:25:00','2021-06-06 15:25:00',0,1),(157,'Cranab','grap',1,0,'Cranab','2021-06-06 15:25:00','2021-06-06 15:25:00',0,1),(158,'CT302','CT302',1,0,'CT302','2021-06-06 15:25:00','2021-06-06 15:25:00',0,1),(159,'DA602','DA602',1,0,'DA602','2021-06-06 15:25:00','2021-06-06 15:25:00',0,1),(160,'DA634','DA634',1,0,'DA634','2021-06-06 15:25:00','2021-06-06 15:25:00',0,1),(161,'DA650','DA650',1,0,'DA650','2021-06-06 15:25:00','2021-06-06 15:25:00',0,1),(162,'DA672','DA672',1,0,'DA672','2021-06-06 15:25:00','2021-06-06 15:25:00',0,1),(163,'DA704','DA704',1,0,'DA704','2021-06-06 15:25:00','2021-06-06 15:25:00',0,1),(164,'DA728','DA728',1,0,'DA728','2021-06-06 15:25:00','2021-06-06 15:25:00',0,1),(165,'DA730','DA730',1,0,'DA730','2021-06-06 15:25:00','2021-06-06 15:25:00',0,1),(166,'DA738','DA738',1,0,'DA738','2021-06-06 15:25:00','2021-06-06 15:25:00',0,1),(167,'DA998','DA998',1,0,'DA998','2021-06-06 15:25:00','2021-06-06 15:25:00',0,1),(168,'DE5775','DE5775',1,0,'DE5775','2021-06-06 15:25:00','2021-06-06 15:25:00',0,1),(169,'DI1000','levier',1,0,'DI1000','2021-06-06 15:25:00','2021-06-06 15:25:00',0,1),(170,'DI1010','DI1010',1,0,'DI1010','2021-06-06 15:25:00','2021-06-06 15:25:00',0,1),(171,'DI262','DI262',1,0,'DI262','2021-06-06 15:25:00','2021-06-06 15:25:00',0,1),(172,'DI265','DI265',1,0,'DI265','2021-06-06 15:25:00','2021-06-06 15:25:00',0,1),(173,'DI266','DI266',1,0,'DI266','2021-06-06 15:25:00','2021-06-06 15:25:00',0,1),(174,'DI311','DI311',1,0,'DI311','2021-06-06 15:25:00','2021-06-06 15:25:00',0,1),(175,'DI320','DI320',1,0,'DI320','2021-06-06 15:25:00','2021-06-06 15:25:00',0,1),(176,'DI511','DI511',1,0,'DI511','2021-06-06 15:25:00','2021-06-06 15:25:00',0,1),(177,'DI515','DI515',1,0,'DI515','2021-06-06 15:25:00','2021-06-06 15:25:00',0,1),(178,'DI516','DI516',1,0,'DI516','2021-06-06 15:25:00','2021-06-06 15:25:00',0,1),(179,'DI793','DI793',1,0,'DI793','2021-06-06 15:25:00','2021-06-06 15:25:00',0,1),(180,'DI807','DI807',1,0,'DI807','2021-06-06 15:25:00','2021-06-06 15:25:00',0,1),(181,'FA107','lampe de travail led',1,0,'FA107','2021-06-06 15:25:00','2021-06-06 15:25:00',0,1),(182,'FA108','FA108',1,0,'FA108','2021-06-06 15:25:00','2021-06-06 15:25:00',0,1),(183,'Fabercom','Fabercom',1,0,'Fabercom','2021-06-06 15:25:00','2021-06-06 15:25:00',0,1),(184,'FFI0006','cartouche filtrante',1,0,'FFI0006','2021-06-06 15:25:00','2021-06-06 15:25:00',0,1),(185,'FI779','cartouche filtrante',1,0,'FI779','2021-06-06 15:25:00','2021-06-06 15:25:00',0,1),(186,'FI783','FI783',1,0,'FI783','2021-06-06 15:25:00','2021-06-06 15:25:00',0,1),(187,'FI877','FI877',1,0,'FI877','2021-06-06 15:25:00','2021-06-06 15:25:00',0,1),(188,'FI878','cartouche sofima',1,0,'FI878','2021-06-06 15:25:00','2021-06-06 15:25:00',0,1),(189,'FI879','cartouche filtrec',1,0,'FI879','2021-06-06 15:25:00','2021-06-06 15:25:00',0,1),(190,'fp002','fp002',1,0,'fp002','2021-06-06 15:25:00','2021-06-06 15:25:00',0,1),(191,'FP105','FP105',1,0,'FP105','2021-06-06 15:25:00','2021-06-06 15:25:00',0,1),(192,'FS976','FS976',1,0,'FS976','2021-06-06 15:25:00','2021-06-06 15:25:00',0,1),(193,'FX001','FX001',1,0,'FX001','2021-06-06 15:25:00','2021-06-06 15:25:00',0,1),(194,'fx002/1','fiche de contrle pr treuil',1,0,'fx002/1','2021-06-06 15:25:00','2021-06-06 15:25:00',0,1),(195,'fx002/2','fiche de contrle pr treuil',1,0,'fx002/2','2021-06-06 15:25:00','2021-06-06 15:25:00',0,1),(196,'fx500','unite de contrle',1,0,'fx500','2021-06-06 15:25:00','2021-06-06 15:25:00',0,1),(197,'fx504','unite input/output',1,0,'fx504','2021-06-06 15:25:00','2021-06-06 15:25:00',0,1),(198,'fx800/3','unite a 3 connecteurs',1,0,'fx800/3','2021-06-06 15:25:00','2021-06-06 15:25:00',0,1),(199,'FX801','FX801',1,0,'FX801','2021-06-06 15:25:00','2021-06-06 15:25:00',0,1),(200,'FX801/1/G','FX801/1/G',1,0,'FX801/1/G','2021-06-06 15:25:00','2021-06-06 15:25:00',0,1),(201,'fx804','fx804',1,0,'fx804','2021-06-06 15:25:00','2021-06-06 15:25:00',0,1),(202,'fx901A','display',1,0,'fx901A','2021-06-06 15:25:00','2021-06-06 15:25:00',0,1),(203,'GA103','GA103',1,0,'GA103','2021-06-06 15:25:00','2021-06-06 15:25:00',0,1),(204,'ga944','crochet',1,0,'ga944','2021-06-06 15:25:00','2021-06-06 15:25:00',0,1),(205,'GO138','GO138',1,0,'GO138','2021-06-06 15:25:00','2021-06-06 15:25:00',0,1),(206,'GO179','GO179',1,0,'GO179','2021-06-06 15:25:00','2021-06-06 15:25:00',0,1),(207,'GO183','GO183',1,0,'GO183','2021-06-06 15:25:00','2021-06-06 15:25:00',0,1),(208,'gsc159','gsc159',1,0,'gsc159','2021-06-06 15:25:00','2021-06-06 15:25:00',0,1),(209,'gsc160','gsc160',1,0,'gsc160','2021-06-06 15:25:00','2021-06-06 15:25:00',0,1),(210,'gsc161','gsc161',1,0,'gsc161','2021-06-06 15:25:00','2021-06-06 15:25:00',0,1),(211,'gsc162','gsc162',1,0,'gsc162','2021-06-06 15:25:00','2021-06-06 15:25:00',0,1),(212,'gsc172','gsc172',1,0,'gsc172','2021-06-06 15:25:00','2021-06-06 15:25:00',0,1),(213,'GSC201','serie de joints',1,0,'GSC201','2021-06-06 15:25:00','2021-06-06 15:25:00',0,1),(214,'GSC236','GSC236',1,0,'GSC236','2021-06-06 15:25:00','2021-06-06 15:25:00',0,1),(215,'GSC277','serie de joints',1,0,'GSC277','2021-06-06 15:25:00','2021-06-06 15:25:00',0,1),(216,'gsc314','gsc314',1,0,'gsc314','2021-06-06 15:25:00','2021-06-06 15:25:00',0,1),(217,'GSC372','GSC372',1,0,'GSC372','2021-06-06 15:25:00','2021-06-06 15:25:00',0,1),(218,'GSC398','serie de joints',1,0,'GSC398','2021-06-06 15:25:00','2021-06-06 15:25:00',0,1),(219,'GSC400','serie de joints',1,0,'GSC400','2021-06-06 15:25:00','2021-06-06 15:25:00',0,1),(220,'GSC401','serie de joints',1,0,'GSC401','2021-06-06 15:25:00','2021-06-06 15:25:00',0,1),(221,'GSC402','serie de joints',1,0,'GSC402','2021-06-06 15:25:00','2021-06-06 15:25:00',0,1),(222,'GSC412','serie de joints',1,0,'GSC412','2021-06-06 15:25:00','2021-06-06 15:25:00',0,1),(223,'GSC442','GSC442',1,0,'GSC442','2021-06-06 15:25:00','2021-06-06 15:25:00',0,1),(224,'GSC446','GSC446',1,0,'GSC446','2021-06-06 15:25:00','2021-06-06 15:25:00',0,1),(225,'GSC447','GSC447',1,0,'GSC447','2021-06-06 15:25:00','2021-06-06 15:25:00',0,1),(226,'GSC451','GSC451',1,0,'GSC451','2021-06-06 15:25:00','2021-06-06 15:25:00',0,1),(227,'GSC452','serie de joints',1,0,'GSC452','2021-06-06 15:25:00','2021-06-06 15:25:00',0,1),(228,'gsc464','gsc464',1,0,'gsc464','2021-06-06 15:25:00','2021-06-06 15:25:00',0,1),(229,'GSC503','serie de joints',1,0,'GSC503','2021-06-06 15:25:00','2021-06-06 15:25:00',0,1),(230,'GSC504','serie de joints',1,0,'GSC504','2021-06-06 15:25:00','2021-06-06 15:25:00',0,1),(231,'GSC505','serie de joints',1,0,'GSC505','2021-06-06 15:25:00','2021-06-06 15:25:00',0,1),(232,'GSC529','GSC529',1,0,'GSC529','2021-06-06 15:25:00','2021-06-06 15:25:00',0,1),(233,'GSC530','GSC530',1,0,'GSC530','2021-06-06 15:25:00','2021-06-06 15:25:00',0,1),(234,'IE1012','IE1012',1,0,'IE1012','2021-06-06 15:25:00','2021-06-06 15:25:00',0,1),(235,'IE1044','IE1044',1,0,'IE1044','2021-06-06 15:25:00','2021-06-06 15:25:00',0,1),(236,'IE147','connecteur',1,0,'IE147','2021-06-06 15:25:00','2021-06-06 15:25:00',0,1),(237,'IE150','connecteur',1,0,'IE150','2021-06-06 15:25:00','2021-06-06 15:25:00',0,1),(238,'IE177','contact',1,0,'IE177','2021-06-06 15:25:00','2021-06-06 15:25:00',0,1),(239,'IE182','contact',1,0,'IE182','2021-06-06 15:25:00','2021-06-06 15:25:00',0,1),(240,'IE1990','connecteur avec rsistance',1,0,'IE1990','2021-06-06 15:25:00','2021-06-06 15:25:00',0,1),(241,'IE1993','IE1993',1,0,'IE1993','2021-06-06 15:25:00','2021-06-06 15:25:00',0,1),(242,'IE1994','cable de fx000 a pc',1,0,'IE1994','2021-06-06 15:25:00','2021-06-06 15:25:00',0,1),(243,'IE1995','cable de fx a pc',1,0,'IE1995','2021-06-06 15:25:00','2021-06-06 15:25:00',0,1),(244,'IE2001','cable',1,0,'IE2001','2021-06-06 15:25:00','2021-06-06 15:25:00',0,1),(245,'IE2006','cable pour JIB',1,0,'IE2006','2021-06-06 15:25:00','2021-06-06 15:25:00',0,1),(246,'IE2009','IE2009',1,0,'IE2009','2021-06-06 15:25:00','2021-06-06 15:25:00',0,1),(247,'IE2010','IE2010',1,0,'IE2010','2021-06-06 15:25:00','2021-06-06 15:25:00',0,1),(248,'IE2032','cable elec pr distri b lm',1,0,'IE2032','2021-06-06 15:25:00','2021-06-06 15:25:00',0,1),(249,'IE2037','IE2037',1,0,'IE2037','2021-06-06 15:25:00','2021-06-06 15:25:00',0,1),(250,'IE2105A','senseur de proximitie',1,0,'IE2105A','2021-06-06 15:25:00','2021-06-06 15:25:00',0,1),(251,'IE2152','IE2152',1,0,'IE2152','2021-06-06 15:25:00','2021-06-06 15:25:00',0,1),(252,'IE267','partie en gomme',1,0,'IE267','2021-06-06 15:25:00','2021-06-06 15:25:00',0,1),(253,'IE281','IE281',1,0,'IE281','2021-06-06 15:25:00','2021-06-06 15:25:00',0,1),(254,'IE283','led jaune',1,0,'IE283','2021-06-06 15:25:00','2021-06-06 15:25:00',0,1),(255,'IE294','IE294',1,0,'IE294','2021-06-06 15:25:00','2021-06-06 15:25:00',0,1),(256,'IE295','IE295',1,0,'IE295','2021-06-06 15:25:00','2021-06-06 15:25:00',0,1),(257,'IE303','connecteur',1,0,'IE303','2021-06-06 15:25:00','2021-06-06 15:25:00',0,1),(258,'IE517/M','senseur de proximite',1,0,'IE517/M','2021-06-06 15:25:00','2021-06-06 15:25:00',0,1),(259,'IE581','IE581',1,0,'IE581','2021-06-06 15:25:00','2021-06-06 15:25:00',0,1),(260,'IE666','avertisseur lumineux 24v',1,0,'IE666','2021-06-06 15:25:00','2021-06-06 15:25:00',0,1),(261,'IE682','boite de derivation (piece detache)',1,0,'IE682','2021-06-06 15:25:00','2021-06-06 15:25:00',0,1),(262,'IE685','contact',1,0,'IE685','2021-06-06 15:25:00','2021-06-06 15:25:00',0,1),(263,'IE687','connecteur',1,0,'IE687','2021-06-06 15:25:00','2021-06-06 15:25:00',0,1),(264,'IE689','IE689',1,0,'IE689','2021-06-06 15:25:00','2021-06-06 15:25:00',0,1),(265,'IE693','bulle electronique',1,0,'IE693','2021-06-06 15:25:00','2021-06-06 15:25:00',0,1),(266,'IE698','senseur de proximite',1,0,'IE698','2021-06-06 15:25:00','2021-06-06 15:25:00',0,1),(267,'IE706','encodeur mechanique',1,0,'IE706','2021-06-06 15:25:00','2021-06-06 15:25:00',0,1),(268,'IE742','IE742',1,0,'IE742','2021-06-06 15:25:00','2021-06-06 15:25:00',0,1),(269,'IE745','extracteur',1,0,'IE745','2021-06-06 15:25:00','2021-06-06 15:25:00',0,1),(270,'IE746','contact',1,0,'IE746','2021-06-06 15:25:00','2021-06-06 15:25:00',0,1),(271,'IE755','bouton de secours',1,0,'IE755','2021-06-06 15:25:00','2021-06-06 15:25:00',0,1),(272,'IE767L','encodeur elec gauce',1,0,'IE767L','2021-06-06 15:25:00','2021-06-06 15:25:00',0,1),(273,'IE767R','encodeur elec droit',1,0,'IE767R','2021-06-06 15:25:00','2021-06-06 15:25:00',0,1),(274,'IE778','senseur magnetostrictif',1,0,'IE778','2021-06-06 15:25:00','2021-06-06 15:25:00',0,1),(275,'IE781R','IE781R',1,0,'IE781R','2021-06-06 15:25:00','2021-06-06 15:25:00',0,1),(276,'IE786','IE786',1,0,'IE786','2021-06-06 15:25:00','2021-06-06 15:25:00',0,1),(277,'IE800','IE800',1,0,'IE800','2021-06-06 15:25:00','2021-06-06 15:25:00',0,1),(278,'IE823','IE823',1,0,'IE823','2021-06-06 15:25:00','2021-06-06 15:25:00',0,1),(279,'IE846','bande led orange',1,0,'IE846','2021-06-06 15:25:00','2021-06-06 15:25:00',0,1),(280,'IE852L','encoder a filo SX  droite',1,0,'IE852L','2021-06-06 15:25:00','2021-06-06 15:25:00',0,1),(281,'IE852R','encoder a filo dx',1,0,'IE852R','2021-06-06 15:25:00','2021-06-06 15:25:00',0,1),(282,'IE859','IE859',1,0,'IE859','2021-06-06 15:25:00','2021-06-06 15:25:00',0,1),(283,'IE873','senseur de rotation',1,0,'IE873','2021-06-06 15:25:00','2021-06-06 15:25:00',0,1),(284,'IE905','senseur de proxi',1,0,'IE905','2021-06-06 15:25:00','2021-06-06 15:25:00',0,1),(285,'IE912','bulle electronique',1,0,'IE912','2021-06-06 15:25:00','2021-06-06 15:25:00',0,1),(286,'IG502/26','IG502/26',1,0,'IG502/26','2021-06-06 15:25:00','2021-06-06 15:25:00',0,1),(287,'IN845','IN845',1,0,'IN845','2021-06-06 15:25:00','2021-06-06 15:25:00',0,1),(288,'IN850','IN850',1,0,'IN850','2021-06-06 15:25:00','2021-06-06 15:25:00',0,1),(289,'IN857','IN857',1,0,'IN857','2021-06-06 15:25:00','2021-06-06 15:25:00',0,1),(290,'IN956','IN956',1,0,'IN956','2021-06-06 15:25:00','2021-06-06 15:25:00',0,1),(291,'IR807R','IR807R',1,0,'IR807R','2021-06-06 15:25:00','2021-06-06 15:25:00',0,1),(292,'IR919','raccord rapide complet',1,0,'IR919','2021-06-06 15:25:00','2021-06-06 15:25:00',0,1),(293,'km332v850','km332v850',1,0,'km332v850','2021-06-06 15:25:00','2021-06-06 15:25:00',0,1),(294,'LUB05','LUB05',1,0,'LUB05','2021-06-06 15:25:00','2021-06-06 15:25:00',0,1),(295,'M0123','M0123',1,0,'M0123','2021-06-06 15:25:00','2021-06-06 15:25:00',0,1),(296,'MI102','fine de course texma1102',1,0,'MI102','2021-06-06 15:25:00','2021-06-06 15:25:00',0,1),(297,'MI118','micro interrupteur',1,0,'MI118','2021-06-06 15:25:00','2021-06-06 15:25:00',0,1),(298,'MT143','moto reducteur complet',1,0,'MT143','2021-06-06 15:25:00','2021-06-06 15:25:00',0,1),(299,'MT145','moto reducteur complet',1,0,'MT145','2021-06-06 15:25:00','2021-06-06 15:25:00',0,1),(300,'MT156','moto reducteur complet',1,0,'MT156','2021-06-06 15:25:00','2021-06-06 15:25:00',0,1),(301,'NI920','NI920',1,0,'NI920','2021-06-06 15:25:00','2021-06-06 15:25:00',0,1),(302,'NI923','NI923',1,0,'NI923','2021-06-06 15:25:00','2021-06-06 15:25:00',0,1),(303,'NI986','Nipple',1,0,'NI986','2021-06-06 15:25:00','2021-06-06 15:25:00',0,1),(304,'PLM001','PLM001',1,0,'PLM001','2021-06-06 15:25:00','2021-06-06 15:25:00',0,1),(305,'PO159','pommeau',1,0,'PO159','2021-06-06 15:25:00','2021-06-06 15:25:00',0,1),(306,'PO162','pommeau',1,0,'PO162','2021-06-06 15:25:00','2021-06-06 15:25:00',0,1),(307,'PO180','PO180',1,0,'PO180','2021-06-06 15:25:00','2021-06-06 15:25:00',0,1),(308,'PO183','PO183',1,0,'PO183','2021-06-06 15:25:00','2021-06-06 15:25:00',0,1),(309,'PO187','pommeau',1,0,'PO187','2021-06-06 15:25:00','2021-06-06 15:25:00',0,1),(310,'PO189','pommeau',1,0,'PO189','2021-06-06 15:25:00','2021-06-06 15:25:00',0,1),(311,'PR103','PR103',1,0,'PR103','2021-06-06 15:25:00','2021-06-06 15:25:00',0,1),(312,'PS45033','PS45033',1,0,'PS45033','2021-06-06 15:25:00','2021-06-06 15:25:00',0,1),(313,'PSG3D080','PSG3D080',1,0,'PSG3D080','2021-06-06 15:25:00','2021-06-06 15:25:00',0,1),(314,'PSG3D085','PSG3D085',1,0,'PSG3D085','2021-06-06 15:25:00','2021-06-06 15:25:00',0,1),(315,'RC816LS','radio commande scanreco',1,0,'RC816LS','2021-06-06 15:25:00','2021-06-06 15:25:00',0,1),(316,'RE271','RE271',1,0,'RE271','2021-06-06 15:25:00','2021-06-06 15:25:00',0,1),(317,'RG002','RG002',1,0,'RG002','2021-06-06 15:25:00','2021-06-06 15:25:00',0,1),(318,'RG936','RG936',1,0,'RG936','2021-06-06 15:25:00','2021-06-06 15:25:00',0,1),(319,'RG990','raccor dpivotant',1,0,'RG990','2021-06-06 15:25:00','2021-06-06 15:25:00',0,1),(320,'RG991','raccord pivotant',1,0,'RG991','2021-06-06 15:25:00','2021-06-06 15:25:00',0,1),(321,'RP201','RP201',1,0,'RP201','2021-06-06 15:25:00','2021-06-06 15:25:00',0,1),(322,'RP202','RP202',1,0,'RP202','2021-06-06 15:25:00','2021-06-06 15:25:00',0,1),(323,'RP204','RP204',1,0,'RP204','2021-06-06 15:25:00','2021-06-06 15:25:00',0,1),(324,'RP210','RP210',1,0,'RP210','2021-06-06 15:25:00','2021-06-06 15:25:00',0,1),(325,'RP213','RP213',1,0,'RP213','2021-06-06 15:25:00','2021-06-06 15:25:00',0,1),(326,'RP223','RP223',1,0,'RP223','2021-06-06 15:25:00','2021-06-06 15:25:00',0,1),(327,'RP277','RP277',1,0,'RP277','2021-06-06 15:25:00','2021-06-06 15:25:00',0,1),(328,'RS951','raccord',1,0,'RS951','2021-06-06 15:25:00','2021-06-06 15:25:00',0,1),(329,'SC020','SC020',1,0,'SC020','2021-06-06 15:25:00','2021-06-06 15:25:00',0,1),(330,'SE929','SE929',1,0,'SE929','2021-06-06 15:25:00','2021-06-06 15:25:00',0,1),(331,'SS978','SS978',1,0,'SS978','2021-06-06 15:25:00','2021-06-06 15:25:00',0,1),(332,'TA970','bouchon',1,0,'TA970','2021-06-06 15:25:00','2021-06-06 15:25:00',0,1),(333,'TI003','transducteur d inclinaison',1,0,'TI003','2021-06-06 15:25:00','2021-06-06 15:25:00',0,1),(334,'VA102','VA102',1,0,'VA102','2021-06-06 15:25:00','2021-06-06 15:25:00',0,1),(335,'VA187','valve',1,0,'VA187','2021-06-06 15:25:00','2021-06-06 15:25:00',0,1),(336,'VA232','VA232',1,0,'VA232','2021-06-06 15:25:00','2021-06-06 15:25:00',0,1),(337,'VA239','valve',1,0,'VA239','2021-06-06 15:25:00','2021-06-06 15:25:00',0,1),(338,'VA256','Valve',1,0,'VA256','2021-06-06 15:25:00','2021-06-06 15:25:00',0,1),(339,'VA259','valve regenartion huile 24v',1,0,'VA259','2021-06-06 15:25:00','2021-06-06 15:25:00',0,1),(340,'VA264','VA264',1,0,'VA264','2021-06-06 15:25:00','2021-06-06 15:25:00',0,1),(341,'VA265','VA265',1,0,'VA265','2021-06-06 15:25:00','2021-06-06 15:25:00',0,1),(342,'VA266','VA266',1,0,'VA266','2021-06-06 15:25:00','2021-06-06 15:25:00',0,1),(343,'VA280','VA280',1,0,'VA280','2021-06-06 15:25:00','2021-06-06 15:25:00',0,1),(344,'VA286','valve regenartion huile 26v',1,0,'VA286','2021-06-06 15:25:00','2021-06-06 15:25:00',0,1),(345,'VA298','valve',1,0,'VA298','2021-06-06 15:25:00','2021-06-06 15:25:00',0,1),(346,'VA299','valve',1,0,'VA299','2021-06-06 15:25:00','2021-06-06 15:25:00',0,1),(347,'VA300','valve',1,0,'VA300','2021-06-06 15:25:00','2021-06-06 15:25:00',0,1),(348,'VA301','valve',1,0,'VA301','2021-06-06 15:25:00','2021-06-06 15:25:00',0,1),(349,'VI504','VI504',1,0,'VI504','2021-06-06 15:25:00','2021-06-06 15:25:00',0,1),(350,'VI517','VI517',1,0,'VI517','2021-06-06 15:25:00','2021-06-06 15:25:00',0,1),(351,'VI580','VI580',1,0,'VI580','2021-06-06 15:25:00','2021-06-06 15:25:00',0,1),(352,'VI618','VI618',1,0,'VI618','2021-06-06 15:25:00','2021-06-06 15:25:00',0,1),(353,'VI658','VI658',1,0,'VI658','2021-06-06 15:25:00','2021-06-06 15:25:00',0,1),(354,'VI744','VI744',1,0,'VI744','2021-06-06 15:25:00','2021-06-06 15:25:00',0,1),(355,'VI757','VI757',1,0,'VI757','2021-06-06 15:25:00','2021-06-06 15:25:00',0,1),(356,'vi788','vi788',1,0,'vi788','2021-06-06 15:25:00','2021-06-06 15:25:00',0,1),(357,'VI849','VI849',1,0,'VI849','2021-06-06 15:25:00','2021-06-06 15:25:00',0,1),(358,'vi879','vi879',1,0,'vi879','2021-06-06 15:25:00','2021-06-06 15:25:00',0,1),(359,'vi880','vi880',1,0,'vi880','2021-06-06 15:25:00','2021-06-06 15:25:00',0,1),(360,'VI884','VI884',1,0,'VI884','2021-06-06 15:25:00','2021-06-06 15:25:00',0,1),(361,'vi893','vi893',1,0,'vi893','2021-06-06 15:25:00','2021-06-06 15:25:00',0,1),(362,'VI905','VI905',1,0,'VI905','2021-06-06 15:25:00','2021-06-06 15:25:00',0,1),(363,'VI916','VI916',1,0,'VI916','2021-06-06 15:25:00','2021-06-06 15:25:00',0,1),(364,'VI918','VI918',1,0,'VI918','2021-06-06 15:25:00','2021-06-06 15:25:00',0,1),(365,'VI919','VI919',1,0,'VI919','2021-06-06 15:25:00','2021-06-06 15:25:00',0,1),(366,'vr911','v5',1,0,'vr911','2021-06-06 15:25:00','2021-06-06 15:25:00',0,1),(367,'ZCT0007','ZCT0007',1,0,'ZCT0007','2021-06-06 15:25:00','2021-06-06 15:25:00',0,1),(368,'ZCT0021','ZCT0021',1,0,'ZCT0021','2021-06-06 15:25:00','2021-06-06 15:25:00',0,1),(369,'ZCT0023','ZCT0023',1,0,'ZCT0023','2021-06-06 15:25:00','2021-06-06 15:25:00',0,1),(370,'ZCT0024','ZCT0024',1,0,'ZCT0024','2021-06-06 15:25:00','2021-06-06 15:25:00',0,1),(371,'ZCT0033','ZCT0033',1,0,'ZCT0033','2021-06-06 15:25:00','2021-06-06 15:25:00',0,1),(372,'ZCT0038','ZCT0038',1,0,'ZCT0038','2021-06-06 15:25:00','2021-06-06 15:25:00',0,1),(373,'ZDI0014','ZDI0014',1,0,'ZDI0014','2021-06-06 15:25:00','2021-06-06 15:25:00',0,1),(374,'ZDI0015','ZDI0015',1,0,'ZDI0015','2021-06-06 15:25:00','2021-06-06 15:25:00',0,1),(375,'ZDI0016','ZDI0016',1,0,'ZDI0016','2021-06-06 15:25:00','2021-06-06 15:25:00',0,1),(376,'ZDI0017','ZDI0017',1,0,'ZDI0017','2021-06-06 15:25:00','2021-06-06 15:25:00',0,1),(377,'ZDI0018','ZDI0018',1,0,'ZDI0018','2021-06-06 15:25:00','2021-06-06 15:25:00',0,1),(378,'ZDI0021','ZDI0021',1,0,'ZDI0021','2021-06-06 15:25:00','2021-06-06 15:25:00',0,1),(379,'ZDI0022','ZDI0022',1,0,'ZDI0022','2021-06-06 15:25:00','2021-06-06 15:25:00',0,1),(380,'ZDI0063','ZDI0063',1,0,'ZDI0063','2021-06-06 15:25:00','2021-06-06 15:25:00',0,1),(381,'zdi0228','zdi0228',1,0,'zdi0228','2021-06-06 15:25:00','2021-06-06 15:25:00',0,1),(382,'ZDI0251','groupe cde electrique',1,0,'ZDI0251','2021-06-06 15:25:00','2021-06-06 15:25:00',0,1),(383,'ZDI0265','groupe electrique',1,0,'ZDI0265','2021-06-06 15:25:00','2021-06-06 15:25:00',0,1),(384,'ZFI0001','ZFI0001',1,0,'ZFI0001','2021-06-06 15:25:00','2021-06-06 15:25:00',0,1),(385,'ZFI0002','cartouche filtrante',1,0,'ZFI0002','2021-06-06 15:25:00','2021-06-06 15:25:00',0,1),(386,'ZFI0004','cartouche filtrante',1,0,'ZFI0004','2021-06-06 15:25:00','2021-06-06 15:25:00',0,1),(387,'ZFX0001','ZFX0001',1,0,'ZFX0001','2021-06-06 15:25:00','2021-06-06 15:25:00',0,1),(388,'ZFX0002','ZFX0002',1,0,'ZFX0002','2021-06-06 15:25:00','2021-06-06 15:25:00',0,1),(389,'ZFX0006','ZFX0006',1,0,'ZFX0006','2021-06-06 15:25:00','2021-06-06 15:25:00',0,1),(390,'ZMT0046','ZMT0046',1,0,'ZMT0046','2021-06-06 15:25:00','2021-06-06 15:25:00',0,1),(391,'ZMT0053','ZMT0053',1,0,'ZMT0053','2021-06-06 15:25:00','2021-06-06 15:25:00',0,1),(392,'ZRC0015','ZRC0015',1,0,'ZRC0015','2021-06-06 15:25:00','2021-06-06 15:25:00',0,1),(393,'ZRC0016','batterie',1,0,'ZRC0016','2021-06-06 15:25:00','2021-06-06 15:25:00',0,1),(394,'ZRC0083','batterie',1,0,'ZRC0083','2021-06-06 15:25:00','2021-06-06 15:25:00',0,1),(395,'ZRC0085','batterie',1,0,'ZRC0085','2021-06-06 15:25:00','2021-06-06 15:25:00',0,1),(396,'ZRC0103','ZRC0103',1,0,'ZRC0103','2021-06-06 15:25:00','2021-06-06 15:25:00',0,1),(397,'zsc0016','zsc0016',1,0,'zsc0016','2021-06-06 15:25:00','2021-06-06 15:25:00',0,1),(398,'ZSC0030','senseur de temperature',1,0,'ZSC0030','2021-06-06 15:25:00','2021-06-06 15:25:00',0,1),(399,'ZTG0004','fourche pour raccord',1,0,'ZTG0004','2021-06-06 15:25:00','2021-06-06 15:25:00',0,1);
/*!40000 ALTER TABLE `partmetadatas` ENABLE KEYS */;
UNLOCK TABLES;

--
-- Table structure for table `parts`
--

DROP TABLE IF EXISTS `parts`;
/*!40101 SET @saved_cs_client     = @@character_set_client */;
/*!40101 SET character_set_client = utf8 */;
CREATE TABLE `parts` (
  `id` bigint(20) unsigned NOT NULL AUTO_INCREMENT,
  `part_number` varchar(100) COLLATE utf8mb4_unicode_ci NOT NULL,
  `description` varchar(255) COLLATE utf8mb4_unicode_ci NOT NULL,
  `qty` smallint(6) NOT NULL,
  `price` decimal(7,2) NOT NULL,
  `year` smallint(5) unsigned NOT NULL,
  `user_id` bigint(20) unsigned NOT NULL,
  `created_at` timestamp NULL DEFAULT NULL,
  `updated_at` timestamp NULL DEFAULT NULL,
  `worksheet_id` bigint(20) unsigned DEFAULT NULL,
  `location_id` bigint(20) unsigned NOT NULL,
  `bar_code` varchar(255) COLLATE utf8mb4_unicode_ci NOT NULL,
  `type` varchar(1) COLLATE utf8mb4_unicode_ci NOT NULL DEFAULT 'O',
  PRIMARY KEY (`id`),
  KEY `parts_user_id_foreign` (`user_id`),
  KEY `parts_worksheet_id_foreign` (`worksheet_id`),
  KEY `parts_location_id_foreign_idx` (`location_id`),
  CONSTRAINT `parts_location_id_foreign` FOREIGN KEY (`location_id`) REFERENCES `locations` (`id`) ON DELETE NO ACTION ON UPDATE NO ACTION,
  CONSTRAINT `parts_user_id_foreign` FOREIGN KEY (`user_id`) REFERENCES `users` (`id`),
  CONSTRAINT `parts_worksheet_id_foreign` FOREIGN KEY (`worksheet_id`) REFERENCES `worksheets` (`id`)
) ENGINE=InnoDB AUTO_INCREMENT=25 DEFAULT CHARSET=utf8mb4 COLLATE=utf8mb4_unicode_ci;
/*!40101 SET character_set_client = @saved_cs_client */;

--
-- Dumping data for table `parts`
--

LOCK TABLES `parts` WRITE;
/*!40000 ALTER TABLE `parts` DISABLE KEYS */;
/*!40000 ALTER TABLE `parts` ENABLE KEYS */;
UNLOCK TABLES;

--
-- Table structure for table `password_resets`
--

DROP TABLE IF EXISTS `password_resets`;
/*!40101 SET @saved_cs_client     = @@character_set_client */;
/*!40101 SET character_set_client = utf8 */;
CREATE TABLE `password_resets` (
  `email` varchar(255) COLLATE utf8mb4_unicode_ci NOT NULL,
  `token` varchar(255) COLLATE utf8mb4_unicode_ci NOT NULL,
  `created_at` timestamp NULL DEFAULT NULL,
  KEY `password_resets_email_index` (`email`)
) ENGINE=InnoDB DEFAULT CHARSET=utf8mb4 COLLATE=utf8mb4_unicode_ci;
/*!40101 SET character_set_client = @saved_cs_client */;

--
-- Dumping data for table `password_resets`
--

LOCK TABLES `password_resets` WRITE;
/*!40000 ALTER TABLE `password_resets` DISABLE KEYS */;
/*!40000 ALTER TABLE `password_resets` ENABLE KEYS */;
UNLOCK TABLES;

--
-- Table structure for table `permissions`
--

DROP TABLE IF EXISTS `permissions`;
/*!40101 SET @saved_cs_client     = @@character_set_client */;
/*!40101 SET character_set_client = utf8 */;
CREATE TABLE `permissions` (
  `id` bigint(20) unsigned NOT NULL AUTO_INCREMENT,
  `name` varchar(255) COLLATE utf8mb4_unicode_ci NOT NULL,
  `guard_name` varchar(255) COLLATE utf8mb4_unicode_ci NOT NULL,
  `created_at` timestamp NULL DEFAULT NULL,
  `updated_at` timestamp NULL DEFAULT NULL,
  PRIMARY KEY (`id`)
) ENGINE=InnoDB AUTO_INCREMENT=42 DEFAULT CHARSET=utf8mb4 COLLATE=utf8mb4_unicode_ci;
/*!40101 SET character_set_client = @saved_cs_client */;

--
-- Dumping data for table `permissions`
--

LOCK TABLES `permissions` WRITE;
/*!40000 ALTER TABLE `permissions` DISABLE KEYS */;
INSERT INTO `permissions` VALUES (1,'list customer','web','2021-05-23 10:49:00','2021-05-23 10:49:00'),(2,'create customer','web','2021-05-23 10:49:00','2021-05-23 10:49:00'),(3,'edit customer','web','2021-05-23 10:49:00','2021-05-23 10:49:00'),(4,'consult customer','web','2021-05-23 10:49:00','2021-05-23 10:49:00'),(5,'list crane','web','2021-05-23 10:49:00','2021-05-23 10:49:00'),(6,'create crane','web','2021-05-23 10:49:00','2021-05-23 10:49:00'),(7,'edit crane','web','2021-05-23 10:49:00','2021-05-23 10:49:00'),(8,'consult crane','web','2021-05-23 10:49:00','2021-05-23 10:49:00'),(9,'expert crane','web','2021-05-23 10:49:00','2021-05-23 10:49:00'),(10,'list technician','web','2021-05-23 10:49:00','2021-05-23 10:49:00'),(11,'create technician','web','2021-05-23 10:49:00','2021-05-23 10:49:00'),(12,'edit technician','web','2021-05-23 10:49:00','2021-05-23 10:49:00'),(13,'consult technician','web','2021-05-23 10:49:00','2021-05-23 10:49:00'),(14,'clocking technician','web','2021-05-23 10:49:00','2021-05-23 10:49:00'),(15,'list worksheet','web','2021-05-23 10:49:00','2021-05-23 10:49:00'),(16,'create worksheet','web','2021-05-23 10:49:00','2021-05-23 10:49:00'),(17,'edit worksheet','web','2021-05-23 10:49:00','2021-05-23 10:49:00'),(18,'consult worksheet','web','2021-05-23 10:49:00','2021-05-23 10:49:00'),(19,'clocking worksheet','web','2021-05-23 10:49:00','2021-05-23 10:49:00'),(20,'part worksheet','web','2021-05-23 10:49:00','2021-05-23 10:49:00'),(21,'list catalog','web','2021-05-23 10:49:00','2021-05-23 10:49:00'),(22,'create catalog','web','2021-05-23 10:49:00','2021-05-23 10:49:00'),(23,'edit catalog','web','2021-05-23 10:49:00','2021-05-23 10:49:00'),(24,'consult catalog','web','2021-05-23 10:49:00','2021-05-23 10:49:00'),(25,'price catalog','web','2021-05-23 10:49:00','2021-05-23 10:49:00'),(26,'print catalog','web','2021-05-23 10:49:00','2021-05-23 10:49:00'),(27,'list stock','web','2021-05-23 10:49:00','2021-05-23 10:49:00'),(28,'print stock','web','2021-05-23 10:49:00','2021-05-23 10:49:00'),(29,'reassort stock','web','2021-05-23 10:49:00','2021-05-23 10:49:00'),(30,'out stock','web','2021-05-23 10:49:00','2021-05-23 10:49:00'),(31,'reassort worksheet stock','web','2021-05-23 10:49:00','2021-05-23 10:49:00'),(32,'out worksheet stock','web','2021-05-23 10:49:00','2021-05-23 10:49:00'),(33,'admin','web','2021-05-23 10:49:00','2021-05-23 10:49:00'),(34,'password change','web','2021-05-23 10:49:00','2021-05-23 10:49:00'),(35,'print worksheet','web','2021-05-23 10:49:00','2021-05-23 10:49:00'),(36,'consult customer extended','web','2021-06-02 19:50:00','2021-06-02 19:50:00'),(37,'consult crane extended','web','2021-06-02 19:50:00','2021-06-02 19:50:00'),(38,'consult technician extended','web','2021-06-02 19:50:00','2021-06-02 19:50:00'),(39,'consult worksheet extended','web','2021-06-02 19:50:00','2021-06-02 19:50:00'),(40,'consult catalog extended','web','2021-06-02 19:50:00','2021-06-02 19:50:00'),(41,'show reassort list','web','2021-06-05 15:28:00','2021-06-05 15:28:00');
/*!40000 ALTER TABLE `permissions` ENABLE KEYS */;
UNLOCK TABLES;

--
-- Table structure for table `providers`
--

DROP TABLE IF EXISTS `providers`;
/*!40101 SET @saved_cs_client     = @@character_set_client */;
/*!40101 SET character_set_client = utf8 */;
CREATE TABLE `providers` (
  `id` bigint(20) unsigned NOT NULL AUTO_INCREMENT,
  `name` varchar(100) COLLATE utf8mb4_unicode_ci NOT NULL,
  `created_at` timestamp NULL DEFAULT NULL,
  `updated_at` timestamp NULL DEFAULT NULL,
  PRIMARY KEY (`id`),
  KEY `providers_name_index` (`name`)
) ENGINE=InnoDB AUTO_INCREMENT=12 DEFAULT CHARSET=utf8mb4 COLLATE=utf8mb4_unicode_ci;
/*!40101 SET character_set_client = @saved_cs_client */;

--
-- Dumping data for table `providers`
--

LOCK TABLES `providers` WRITE;
/*!40000 ALTER TABLE `providers` DISABLE KEYS */;
INSERT INTO `providers` VALUES (1,'Opration Interne de chargement en masse','2021-06-07 15:31:00','2021-06-07 15:31:00');
/*!40000 ALTER TABLE `providers` ENABLE KEYS */;
UNLOCK TABLES;

--
-- Table structure for table `reasons`
--

DROP TABLE IF EXISTS `reasons`;
/*!40101 SET @saved_cs_client     = @@character_set_client */;
/*!40101 SET character_set_client = utf8 */;
CREATE TABLE `reasons` (
  `id` bigint(20) unsigned NOT NULL AUTO_INCREMENT,
  `reason` varchar(100) COLLATE utf8mb4_unicode_ci NOT NULL,
  `created_at` timestamp NULL DEFAULT NULL,
  `updated_at` timestamp NULL DEFAULT NULL,
  `option` varchar(1) COLLATE utf8mb4_unicode_ci NOT NULL,
  PRIMARY KEY (`id`)
) ENGINE=InnoDB AUTO_INCREMENT=11 DEFAULT CHARSET=utf8mb4 COLLATE=utf8mb4_unicode_ci;
/*!40101 SET character_set_client = @saved_cs_client */;

--
-- Dumping data for table `reasons`
--

LOCK TABLES `reasons` WRITE;
/*!40000 ALTER TABLE `reasons` DISABLE KEYS */;
/*!40000 ALTER TABLE `reasons` ENABLE KEYS */;
UNLOCK TABLES;

--
-- Table structure for table `reassortements`
--

DROP TABLE IF EXISTS `reassortements`;
/*!40101 SET @saved_cs_client     = @@character_set_client */;
/*!40101 SET character_set_client = utf8 */;
CREATE TABLE `reassortements` (
  `id` bigint(20) unsigned NOT NULL AUTO_INCREMENT,
  `qty_add` smallint(5) unsigned NOT NULL,
  `qty_before` smallint(5) unsigned NOT NULL,
  `store_id` bigint(20) unsigned NOT NULL,
  `created_at` timestamp NULL DEFAULT NULL,
  `updated_at` timestamp NULL DEFAULT NULL,
  `user_id` bigint(20) unsigned NOT NULL,
  `note` varchar(255) COLLATE utf8mb4_unicode_ci DEFAULT NULL,
  `reason_id` bigint(20) unsigned NOT NULL,
  PRIMARY KEY (`id`),
  KEY `reassortements_store_id_foreign` (`store_id`),
  KEY `reassortements_user_id_foreign` (`user_id`),
  KEY `reassortements_reason_id_foreign` (`reason_id`),
  CONSTRAINT `reassortements_reason_id_foreign` FOREIGN KEY (`reason_id`) REFERENCES `reasons` (`id`) ON DELETE NO ACTION ON UPDATE NO ACTION,
  CONSTRAINT `reassortements_store_id_foreign` FOREIGN KEY (`store_id`) REFERENCES `stores` (`id`) ON DELETE NO ACTION ON UPDATE NO ACTION,
  CONSTRAINT `reassortements_user_id_foreign` FOREIGN KEY (`user_id`) REFERENCES `users` (`id`)
) ENGINE=InnoDB AUTO_INCREMENT=35 DEFAULT CHARSET=utf8mb4 COLLATE=utf8mb4_unicode_ci;
/*!40101 SET character_set_client = @saved_cs_client */;

--
-- Dumping data for table `reassortements`
--

LOCK TABLES `reassortements` WRITE;
/*!40000 ALTER TABLE `reassortements` DISABLE KEYS */;
/*!40000 ALTER TABLE `reassortements` ENABLE KEYS */;
UNLOCK TABLES;

--
-- Table structure for table `role_has_permissions`
--

DROP TABLE IF EXISTS `role_has_permissions`;
/*!40101 SET @saved_cs_client     = @@character_set_client */;
/*!40101 SET character_set_client = utf8 */;
CREATE TABLE `role_has_permissions` (
  `permission_id` bigint(20) unsigned NOT NULL,
  `role_id` bigint(20) unsigned NOT NULL,
  PRIMARY KEY (`permission_id`,`role_id`),
  KEY `role_has_permissions_role_id_foreign` (`role_id`),
  CONSTRAINT `role_has_permissions_permission_id_foreign` FOREIGN KEY (`permission_id`) REFERENCES `permissions` (`id`) ON DELETE CASCADE,
  CONSTRAINT `role_has_permissions_role_id_foreign` FOREIGN KEY (`role_id`) REFERENCES `roles` (`id`) ON DELETE CASCADE
) ENGINE=InnoDB DEFAULT CHARSET=utf8mb4 COLLATE=utf8mb4_unicode_ci;
/*!40101 SET character_set_client = @saved_cs_client */;

--
-- Dumping data for table `role_has_permissions`
--

LOCK TABLES `role_has_permissions` WRITE;
/*!40000 ALTER TABLE `role_has_permissions` DISABLE KEYS */;
INSERT INTO `role_has_permissions` VALUES (1,1),(1,2),(1,3),(1,4),(2,1),(2,2),(2,3),(3,1),(3,2),(3,3),(4,1),(4,2),(4,3),(4,4),(5,1),(5,2),(5,3),(5,4),(5,5),(6,1),(6,2),(6,3),(7,1),(7,2),(7,3),(8,1),(8,2),(8,3),(8,4),(8,5),(9,1),(9,2),(9,3),(10,1),(10,2),(10,3),(11,1),(11,2),(11,3),(12,1),(12,2),(12,3),(13,1),(13,2),(13,3),(13,4),(14,1),(14,2),(14,3),(15,1),(15,2),(15,3),(15,4),(15,5),(16,1),(16,2),(16,3),(17,1),(17,2),(17,3),(18,1),(18,2),(18,3),(18,4),(18,5),(19,1),(19,2),(19,3),(20,1),(20,2),(20,3),(20,4),(21,1),(21,2),(21,3),(21,4),(21,5),(22,1),(22,2),(22,3),(23,1),(23,2),(23,3),(24,1),(24,2),(24,3),(24,4),(24,5),(25,1),(25,2),(25,3),(25,4),(26,1),(26,2),(26,3),(27,1),(27,2),(27,3),(27,4),(27,5),(27,6),(28,1),(28,2),(28,3),(28,6),(29,1),(29,2),(29,3),(29,6),(30,1),(30,2),(30,3),(30,6),(31,1),(31,2),(31,3),(31,6),(32,1),(32,2),(32,3),(32,6),(33,1),(33,2),(34,1),(34,2),(34,3),(35,1),(35,2),(35,3),(36,1),(36,2),(36,3),(36,4),(37,1),(37,2),(37,3),(37,4),(38,1),(38,2),(38,3),(38,4),(39,1),(39,2),(39,3),(39,4),(40,1),(40,2),(40,3),(40,4),(41,1),(41,2);
/*!40000 ALTER TABLE `role_has_permissions` ENABLE KEYS */;
UNLOCK TABLES;

--
-- Table structure for table `roles`
--

DROP TABLE IF EXISTS `roles`;
/*!40101 SET @saved_cs_client     = @@character_set_client */;
/*!40101 SET character_set_client = utf8 */;
CREATE TABLE `roles` (
  `id` bigint(20) unsigned NOT NULL AUTO_INCREMENT,
  `name` varchar(255) COLLATE utf8mb4_unicode_ci NOT NULL,
  `guard_name` varchar(255) COLLATE utf8mb4_unicode_ci NOT NULL,
  `created_at` timestamp NULL DEFAULT NULL,
  `updated_at` timestamp NULL DEFAULT NULL,
  PRIMARY KEY (`id`)
) ENGINE=InnoDB AUTO_INCREMENT=7 DEFAULT CHARSET=utf8mb4 COLLATE=utf8mb4_unicode_ci;
/*!40101 SET character_set_client = @saved_cs_client */;

--
-- Dumping data for table `roles`
--

LOCK TABLES `roles` WRITE;
/*!40000 ALTER TABLE `roles` DISABLE KEYS */;
INSERT INTO `roles` VALUES (1,'admin','web','2020-11-07 18:28:06','2020-11-07 18:28:06'),(2,'manager','web','2021-02-22 18:42:37','2021-02-22 18:42:37'),(3,'standard','web','2021-05-23 10:49:00','2021-05-23 10:49:00'),(4,'reader','web','2021-05-23 10:49:00','2021-05-23 10:49:00'),(5,'limited','web','2021-05-23 10:49:00','2021-05-23 10:49:00'),(6,'storekeeper','web','2021-05-23 10:49:00','2021-05-23 10:49:00');
/*!40000 ALTER TABLE `roles` ENABLE KEYS */;
UNLOCK TABLES;

--
-- Table structure for table `stores`
--

DROP TABLE IF EXISTS `stores`;
/*!40101 SET @saved_cs_client     = @@character_set_client */;
/*!40101 SET character_set_client = utf8 */;
CREATE TABLE `stores` (
  `id` bigint(20) unsigned NOT NULL AUTO_INCREMENT,
  `qty` smallint(5) unsigned NOT NULL,
  `created_at` timestamp NULL DEFAULT NULL,
  `updated_at` timestamp NULL DEFAULT NULL,
  `location_id` bigint(20) unsigned NOT NULL,
  `partmetadata_id` bigint(20) unsigned NOT NULL,
  `user_id` bigint(20) unsigned NOT NULL,
  PRIMARY KEY (`id`),
  KEY `stores_location_id_foreign_idx` (`location_id`),
  KEY `stores_user_id_foreign_idx` (`user_id`),
  KEY `stores_part_meta_id_foreign` (`partmetadata_id`),
  CONSTRAINT `stores_location_id_foreign` FOREIGN KEY (`location_id`) REFERENCES `locations` (`id`),
  CONSTRAINT `stores_part_meta_id_foreign` FOREIGN KEY (`partmetadata_id`) REFERENCES `partmetadatas` (`id`),
  CONSTRAINT `stores_user_id_foreign` FOREIGN KEY (`user_id`) REFERENCES `users` (`id`) ON DELETE NO ACTION ON UPDATE NO ACTION
) ENGINE=InnoDB AUTO_INCREMENT=400 DEFAULT CHARSET=utf8mb4 COLLATE=utf8mb4_unicode_ci;
/*!40101 SET character_set_client = @saved_cs_client */;

--
-- Dumping data for table `stores`
--

LOCK TABLES `stores` WRITE;
/*!40000 ALTER TABLE `stores` DISABLE KEYS */;
INSERT INTO `stores` VALUES (1,1,'2021-06-06 15:25:00','2021-06-06 15:25:00',2,1,1),(2,20,'2021-06-06 15:25:00','2021-06-06 15:25:00',2,2,1),(3,12,'2021-06-06 15:25:00','2021-06-06 15:25:00',2,3,1),(4,9,'2021-06-06 15:25:00','2021-06-06 15:25:00',2,4,1),(5,2,'2021-06-06 15:25:00','2021-06-06 15:25:00',2,5,1),(6,6,'2021-06-06 15:25:00','2021-06-06 15:25:00',2,6,1),(7,1,'2021-06-06 15:25:00','2021-06-06 15:25:00',2,7,1),(8,6,'2021-06-06 15:25:00','2021-06-06 15:25:00',2,8,1),(9,6,'2021-06-06 15:25:00','2021-06-06 15:25:00',2,9,1),(10,6,'2021-06-06 15:25:00','2021-06-06 15:25:00',2,10,1),(11,6,'2021-06-06 15:25:00','2021-06-06 15:25:00',2,11,1),(12,1,'2021-06-06 15:25:00','2021-06-06 15:25:00',2,12,1),(13,10,'2021-06-06 15:25:00','2021-06-06 15:25:00',2,13,1),(14,1,'2021-06-06 15:25:00','2021-06-06 15:25:00',2,14,1),(15,2,'2021-06-06 15:25:00','2021-06-06 15:25:00',2,15,1),(16,1,'2021-06-06 15:25:00','2021-06-06 15:25:00',2,16,1),(17,1,'2021-06-06 15:25:00','2021-06-06 15:25:00',2,17,1),(18,2,'2021-06-06 15:25:00','2021-06-06 15:25:00',2,18,1),(19,1,'2021-06-06 15:25:00','2021-06-06 15:25:00',2,19,1),(20,1,'2021-06-06 15:25:00','2021-06-06 15:25:00',2,20,1),(21,1,'2021-06-06 15:25:00','2021-06-06 15:25:00',2,21,1),(22,1,'2021-06-06 15:25:00','2021-06-06 15:25:00',2,22,1),(23,1,'2021-06-06 15:25:00','2021-06-06 15:25:00',2,23,1),(24,1,'2021-06-06 15:25:00','2021-06-06 15:25:00',2,24,1),(25,1,'2021-06-06 15:25:00','2021-06-06 15:25:00',2,25,1),(26,1,'2021-06-06 15:25:00','2021-06-06 15:25:00',2,26,1),(27,1,'2021-06-06 15:25:00','2021-06-06 15:25:00',2,27,1),(28,1,'2021-06-06 15:25:00','2021-06-06 15:25:00',2,28,1),(29,0,'2021-06-06 15:25:00','2021-06-06 15:25:00',2,29,1),(30,1,'2021-06-06 15:25:00','2021-06-06 15:25:00',2,30,1),(31,2,'2021-06-06 15:25:00','2021-06-06 15:25:00',2,31,1),(32,1,'2021-06-06 15:25:00','2021-06-06 15:25:00',2,32,1),(33,1,'2021-06-06 15:25:00','2021-06-06 15:25:00',2,33,1),(34,1,'2021-06-06 15:25:00','2021-06-06 15:25:00',2,34,1),(35,6,'2021-06-06 15:25:00','2021-06-06 15:25:00',2,35,1),(36,8,'2021-06-06 15:25:00','2021-06-06 15:25:00',2,36,1),(37,1,'2021-06-06 15:25:00','2021-06-06 15:25:00',2,37,1),(38,1,'2021-06-06 15:25:00','2021-06-06 15:25:00',2,38,1),(39,1,'2021-06-06 15:25:00','2021-06-06 15:25:00',2,39,1),(40,1,'2021-06-06 15:25:00','2021-06-06 15:25:00',2,40,1),(41,1,'2021-06-06 15:25:00','2021-06-06 15:25:00',2,41,1),(42,1,'2021-06-06 15:25:00','2021-06-06 15:25:00',2,42,1),(43,1,'2021-06-06 15:25:00','2021-06-06 15:25:00',2,43,1),(44,1,'2021-06-06 15:25:00','2021-06-06 15:25:00',2,44,1),(45,1,'2021-06-06 15:25:00','2021-06-06 15:25:00',2,45,1),(46,1,'2021-06-06 15:25:00','2021-06-06 15:25:00',2,46,1),(47,0,'2021-06-06 15:25:00','2021-06-06 15:25:00',2,47,1),(48,0,'2021-06-06 15:25:00','2021-06-06 15:25:00',2,48,1),(49,0,'2021-06-06 15:25:00','2021-06-06 15:25:00',2,49,1),(50,8,'2021-06-06 15:25:00','2021-06-06 15:25:00',2,50,1),(51,3,'2021-06-06 15:25:00','2021-06-06 15:25:00',2,51,1),(52,4,'2021-06-06 15:25:00','2021-06-06 15:25:00',2,52,1),(53,20,'2021-06-06 15:25:00','2021-06-06 15:25:00',2,53,1),(54,9,'2021-06-06 15:25:00','2021-06-06 15:25:00',2,54,1),(55,1,'2021-06-06 15:25:00','2021-06-06 15:25:00',2,55,1),(56,1,'2021-06-06 15:25:00','2021-06-06 15:25:00',2,56,1),(57,1,'2021-06-06 15:25:00','2021-06-06 15:25:00',2,57,1),(58,2,'2021-06-06 15:25:00','2021-06-06 15:25:00',2,58,1),(59,1,'2021-06-06 15:25:00','2021-06-06 15:25:00',2,59,1),(60,1,'2021-06-06 15:25:00','2021-06-06 15:25:00',2,60,1),(61,1,'2021-06-06 15:25:00','2021-06-06 15:25:00',2,61,1),(62,2,'2021-06-06 15:25:00','2021-06-06 15:25:00',2,62,1),(63,1,'2021-06-06 15:25:00','2021-06-06 15:25:00',2,63,1),(64,1,'2021-06-06 15:25:00','2021-06-06 15:25:00',2,64,1),(65,1,'2021-06-06 15:25:00','2021-06-06 15:25:00',2,65,1),(66,1,'2021-06-06 15:25:00','2021-06-06 15:25:00',2,66,1),(67,1,'2021-06-06 15:25:00','2021-06-06 15:25:00',2,67,1),(68,1,'2021-06-06 15:25:00','2021-06-06 15:25:00',2,68,1),(69,1,'2021-06-06 15:25:00','2021-06-06 15:25:00',2,69,1),(70,1,'2021-06-06 15:25:00','2021-06-06 15:25:00',2,70,1),(71,1,'2021-06-06 15:25:00','2021-06-06 15:25:00',2,71,1),(72,1,'2021-06-06 15:25:00','2021-06-06 15:25:00',2,72,1),(73,1,'2021-06-06 15:25:00','2021-06-06 15:25:00',2,73,1),(74,1,'2021-06-06 15:25:00','2021-06-06 15:25:00',2,74,1),(75,1,'2021-06-06 15:25:00','2021-06-06 15:25:00',2,75,1),(76,1,'2021-06-06 15:25:00','2021-06-06 15:25:00',2,76,1),(77,1,'2021-06-06 15:25:00','2021-06-06 15:25:00',2,77,1),(78,1,'2021-06-06 15:25:00','2021-06-06 15:25:00',2,78,1),(79,4,'2021-06-06 15:25:00','2021-06-06 15:25:00',2,79,1),(80,1,'2021-06-06 15:25:00','2021-06-06 15:25:00',2,80,1),(81,1,'2021-06-06 15:25:00','2021-06-06 15:25:00',2,81,1),(82,1,'2021-06-06 15:25:00','2021-06-06 15:25:00',2,82,1),(83,1,'2021-06-06 15:25:00','2021-06-06 15:25:00',2,83,1),(84,2,'2021-06-06 15:25:00','2021-06-06 15:25:00',2,84,1),(85,1,'2021-06-06 15:25:00','2021-06-06 15:25:00',2,85,1),(86,3,'2021-06-06 15:25:00','2021-06-06 15:25:00',2,86,1),(87,1,'2021-06-06 15:25:00','2021-06-06 15:25:00',2,87,1),(88,1,'2021-06-06 15:25:00','2021-06-06 15:25:00',2,88,1),(89,2,'2021-06-06 15:25:00','2021-06-06 15:25:00',2,89,1),(90,1,'2021-06-06 15:25:00','2021-06-06 15:25:00',2,90,1),(91,1,'2021-06-06 15:25:00','2021-06-06 15:25:00',2,91,1),(92,15,'2021-06-06 15:25:00','2021-06-06 15:25:00',2,92,1),(93,1,'2021-06-06 15:25:00','2021-06-06 15:25:00',2,93,1),(94,1,'2021-06-06 15:25:00','2021-06-06 15:25:00',2,94,1),(95,1,'2021-06-06 15:25:00','2021-06-06 15:25:00',2,95,1),(96,1,'2021-06-06 15:25:00','2021-06-06 15:25:00',2,96,1),(97,1,'2021-06-06 15:25:00','2021-06-06 15:25:00',2,97,1),(98,1,'2021-06-06 15:25:00','2021-06-06 15:25:00',2,98,1),(99,1,'2021-06-06 15:25:00','2021-06-06 15:25:00',2,99,1),(100,1,'2021-06-06 15:25:00','2021-06-06 15:25:00',2,100,1),(101,1,'2021-06-06 15:25:00','2021-06-06 15:25:00',2,101,1),(102,1,'2021-06-06 15:25:00','2021-06-06 15:25:00',2,102,1),(103,1,'2021-06-06 15:25:00','2021-06-06 15:25:00',2,103,1),(104,1,'2021-06-06 15:25:00','2021-06-06 15:25:00',2,104,1),(105,1,'2021-06-06 15:25:00','2021-06-06 15:25:00',2,105,1),(106,1,'2021-06-06 15:25:00','2021-06-06 15:25:00',2,106,1),(107,1,'2021-06-06 15:25:00','2021-06-06 15:25:00',2,107,1),(108,1,'2021-06-06 15:25:00','2021-06-06 15:25:00',2,108,1),(109,1,'2021-06-06 15:25:00','2021-06-06 15:25:00',2,109,1),(110,7,'2021-06-06 15:25:00','2021-06-06 15:25:00',2,110,1),(111,3,'2021-06-06 15:25:00','2021-06-06 15:25:00',2,111,1),(112,1,'2021-06-06 15:25:00','2021-06-06 15:25:00',2,112,1),(113,2,'2021-06-06 15:25:00','2021-06-06 15:25:00',2,113,1),(114,1,'2021-06-06 15:25:00','2021-06-06 15:25:00',2,114,1),(115,1,'2021-06-06 15:25:00','2021-06-06 15:25:00',2,115,1),(116,1,'2021-06-06 15:25:00','2021-06-06 15:25:00',2,116,1),(117,1,'2021-06-06 15:25:00','2021-06-06 15:25:00',2,117,1),(118,1,'2021-06-06 15:25:00','2021-06-06 15:25:00',2,118,1),(119,2,'2021-06-06 15:25:00','2021-06-06 15:25:00',2,119,1),(120,1,'2021-06-06 15:25:00','2021-06-06 15:25:00',2,120,1),(121,1,'2021-06-06 15:25:00','2021-06-06 15:25:00',2,121,1),(122,1,'2021-06-06 15:25:00','2021-06-06 15:25:00',2,122,1),(123,1,'2021-06-06 15:25:00','2021-06-06 15:25:00',2,123,1),(124,1,'2021-06-06 15:25:00','2021-06-06 15:25:00',2,124,1),(125,1,'2021-06-06 15:25:00','2021-06-06 15:25:00',2,125,1),(126,3,'2021-06-06 15:25:00','2021-06-06 15:25:00',2,126,1),(127,2,'2021-06-06 15:25:00','2021-06-06 15:25:00',2,127,1),(128,2,'2021-06-06 15:25:00','2021-06-06 15:25:00',2,128,1),(129,3,'2021-06-06 15:25:00','2021-06-06 15:25:00',2,129,1),(130,2,'2021-06-06 15:25:00','2021-06-06 15:25:00',2,130,1),(131,2,'2021-06-06 15:25:00','2021-06-06 15:25:00',2,131,1),(132,1,'2021-06-06 15:25:00','2021-06-06 15:25:00',2,132,1),(133,0,'2021-06-06 15:25:00','2021-06-06 15:25:00',2,133,1),(134,0,'2021-06-06 15:25:00','2021-06-06 15:25:00',2,134,1),(135,2,'2021-06-06 15:25:00','2021-06-06 15:25:00',2,135,1),(136,10,'2021-06-06 15:25:00','2021-06-06 15:25:00',2,136,1),(137,8,'2021-06-06 15:25:00','2021-06-06 15:25:00',2,137,1),(138,1,'2021-06-06 15:25:00','2021-06-06 15:25:00',2,138,1),(139,1,'2021-06-06 15:25:00','2021-06-06 15:25:00',2,139,1),(140,2,'2021-06-06 15:25:00','2021-06-06 15:25:00',2,140,1),(141,2,'2021-06-06 15:25:00','2021-06-06 15:25:00',2,141,1),(142,1,'2021-06-06 15:25:00','2021-06-06 15:25:00',2,142,1),(143,1,'2021-06-06 15:25:00','2021-06-06 15:25:00',2,143,1),(144,0,'2021-06-06 15:25:00','2021-06-06 15:25:00',2,144,1),(145,14,'2021-06-06 15:25:00','2021-06-06 15:25:00',2,145,1),(146,0,'2021-06-06 15:25:00','2021-06-06 15:25:00',2,146,1),(147,26,'2021-06-06 15:25:00','2021-06-06 15:25:00',2,147,1),(148,12,'2021-06-06 15:25:00','2021-06-06 15:25:00',2,148,1),(149,3,'2021-06-06 15:25:00','2021-06-06 15:25:00',2,149,1),(150,6,'2021-06-06 15:25:00','2021-06-06 15:25:00',2,150,1),(151,2,'2021-06-06 15:25:00','2021-06-06 15:25:00',2,151,1),(152,5,'2021-06-06 15:25:00','2021-06-06 15:25:00',2,152,1),(153,5,'2021-06-06 15:25:00','2021-06-06 15:25:00',2,153,1),(154,1,'2021-06-06 15:25:00','2021-06-06 15:25:00',2,154,1),(155,1,'2021-06-06 15:25:00','2021-06-06 15:25:00',2,155,1),(156,100,'2021-06-06 15:25:00','2021-06-06 15:25:00',2,156,1),(157,1,'2021-06-06 15:25:00','2021-06-06 15:25:00',2,157,1),(158,4,'2021-06-06 15:25:00','2021-06-06 15:25:00',2,158,1),(159,4,'2021-06-06 15:25:00','2021-06-06 15:25:00',2,159,1),(160,2,'2021-06-06 15:25:00','2021-06-06 15:25:00',2,160,1),(161,1,'2021-06-06 15:25:00','2021-06-06 15:25:00',2,161,1),(162,4,'2021-06-06 15:25:00','2021-06-06 15:25:00',2,162,1),(163,6,'2021-06-06 15:25:00','2021-06-06 15:25:00',2,163,1),(164,4,'2021-06-06 15:25:00','2021-06-06 15:25:00',2,164,1),(165,2,'2021-06-06 15:25:00','2021-06-06 15:25:00',2,165,1),(166,8,'2021-06-06 15:25:00','2021-06-06 15:25:00',2,166,1),(167,2,'2021-06-06 15:25:00','2021-06-06 15:25:00',2,167,1),(168,3,'2021-06-06 15:25:00','2021-06-06 15:25:00',2,168,1),(169,7,'2021-06-06 15:25:00','2021-06-06 15:25:00',2,169,1),(170,1,'2021-06-06 15:25:00','2021-06-06 15:25:00',2,170,1),(171,1,'2021-06-06 15:25:00','2021-06-06 15:25:00',2,171,1),(172,3,'2021-06-06 15:25:00','2021-06-06 15:25:00',2,172,1),(173,1,'2021-06-06 15:25:00','2021-06-06 15:25:00',2,173,1),(174,1,'2021-06-06 15:25:00','2021-06-06 15:25:00',2,174,1),(175,4,'2021-06-06 15:25:00','2021-06-06 15:25:00',2,175,1),(176,1,'2021-06-06 15:25:00','2021-06-06 15:25:00',2,176,1),(177,1,'2021-06-06 15:25:00','2021-06-06 15:25:00',2,177,1),(178,1,'2021-06-06 15:25:00','2021-06-06 15:25:00',2,178,1),(179,1,'2021-06-06 15:25:00','2021-06-06 15:25:00',2,179,1),(180,7,'2021-06-06 15:25:00','2021-06-06 15:25:00',2,180,1),(181,19,'2021-06-06 15:25:00','2021-06-06 15:25:00',2,181,1),(182,29,'2021-06-06 15:25:00','2021-06-06 15:25:00',2,182,1),(183,1,'2021-06-06 15:25:00','2021-06-06 15:25:00',2,183,1),(184,4,'2021-06-06 15:25:00','2021-06-06 15:25:00',2,184,1),(185,8,'2021-06-06 15:25:00','2021-06-06 15:25:00',2,185,1),(186,1,'2021-06-06 15:25:00','2021-06-06 15:25:00',2,186,1),(187,1,'2021-06-06 15:25:00','2021-06-06 15:25:00',2,187,1),(188,5,'2021-06-06 15:25:00','2021-06-06 15:25:00',2,188,1),(189,5,'2021-06-06 15:25:00','2021-06-06 15:25:00',2,189,1),(190,1,'2021-06-06 15:25:00','2021-06-06 15:25:00',2,190,1),(191,2,'2021-06-06 15:25:00','2021-06-06 15:25:00',2,191,1),(192,2,'2021-06-06 15:25:00','2021-06-06 15:25:00',2,192,1),(193,0,'2021-06-06 15:25:00','2021-06-06 15:25:00',2,193,1),(194,3,'2021-06-06 15:25:00','2021-06-06 15:25:00',2,194,1),(195,2,'2021-06-06 15:25:00','2021-06-06 15:25:00',2,195,1),(196,4,'2021-06-06 15:25:00','2021-06-06 15:25:00',2,196,1),(197,4,'2021-06-06 15:25:00','2021-06-06 15:25:00',2,197,1),(198,1,'2021-06-06 15:25:00','2021-06-06 15:25:00',2,198,1),(199,2,'2021-06-06 15:25:00','2021-06-06 15:25:00',2,199,1),(200,1,'2021-06-06 15:25:00','2021-06-06 15:25:00',2,200,1),(201,2,'2021-06-06 15:25:00','2021-06-06 15:25:00',2,201,1),(202,1,'2021-06-06 15:25:00','2021-06-06 15:25:00',2,202,1),(203,1,'2021-06-06 15:25:00','2021-06-06 15:25:00',2,203,1),(204,4,'2021-06-06 15:25:00','2021-06-06 15:25:00',2,204,1),(205,1,'2021-06-06 15:25:00','2021-06-06 15:25:00',2,205,1),(206,1,'2021-06-06 15:25:00','2021-06-06 15:25:00',2,206,1),(207,8,'2021-06-06 15:25:00','2021-06-06 15:25:00',2,207,1),(208,1,'2021-06-06 15:25:00','2021-06-06 15:25:00',2,208,1),(209,2,'2021-06-06 15:25:00','2021-06-06 15:25:00',2,209,1),(210,1,'2021-06-06 15:25:00','2021-06-06 15:25:00',2,210,1),(211,1,'2021-06-06 15:25:00','2021-06-06 15:25:00',2,211,1),(212,1,'2021-06-06 15:25:00','2021-06-06 15:25:00',2,212,1),(213,1,'2021-06-06 15:25:00','2021-06-06 15:25:00',2,213,1),(214,1,'2021-06-06 15:25:00','2021-06-06 15:25:00',2,214,1),(215,2,'2021-06-06 15:25:00','2021-06-06 15:25:00',2,215,1),(216,2,'2021-06-06 15:25:00','2021-06-06 15:25:00',2,216,1),(217,3,'2021-06-06 15:25:00','2021-06-06 15:25:00',2,217,1),(218,1,'2021-06-06 15:25:00','2021-06-06 15:25:00',2,218,1),(219,2,'2021-06-06 15:25:00','2021-06-06 15:25:00',2,219,1),(220,2,'2021-06-06 15:25:00','2021-06-06 15:25:00',2,220,1),(221,1,'2021-06-06 15:25:00','2021-06-06 15:25:00',2,221,1),(222,2,'2021-06-06 15:25:00','2021-06-06 15:25:00',2,222,1),(223,2,'2021-06-06 15:25:00','2021-06-06 15:25:00',2,223,1),(224,4,'2021-06-06 15:25:00','2021-06-06 15:25:00',2,224,1),(225,2,'2021-06-06 15:25:00','2021-06-06 15:25:00',2,225,1),(226,3,'2021-06-06 15:25:00','2021-06-06 15:25:00',2,226,1),(227,2,'2021-06-06 15:25:00','2021-06-06 15:25:00',2,227,1),(228,1,'2021-06-06 15:25:00','2021-06-06 15:25:00',2,228,1),(229,1,'2021-06-06 15:25:00','2021-06-06 15:25:00',2,229,1),(230,1,'2021-06-06 15:25:00','2021-06-06 15:25:00',2,230,1),(231,1,'2021-06-06 15:25:00','2021-06-06 15:25:00',2,231,1),(232,3,'2021-06-06 15:25:00','2021-06-06 15:25:00',2,232,1),(233,3,'2021-06-06 15:25:00','2021-06-06 15:25:00',2,233,1),(234,1,'2021-06-06 15:25:00','2021-06-06 15:25:00',2,234,1),(235,1,'2021-06-06 15:25:00','2021-06-06 15:25:00',2,235,1),(236,20,'2021-06-06 15:25:00','2021-06-06 15:25:00',2,236,1),(237,10,'2021-06-06 15:25:00','2021-06-06 15:25:00',2,237,1),(238,14,'2021-06-06 15:25:00','2021-06-06 15:25:00',2,238,1),(239,69,'2021-06-06 15:25:00','2021-06-06 15:25:00',2,239,1),(240,5,'2021-06-06 15:25:00','2021-06-06 15:25:00',2,240,1),(241,0,'2021-06-06 15:25:00','2021-06-06 15:25:00',2,241,1),(242,1,'2021-06-06 15:25:00','2021-06-06 15:25:00',2,242,1),(243,2,'2021-06-06 15:25:00','2021-06-06 15:25:00',2,243,1),(244,4,'2021-06-06 15:25:00','2021-06-06 15:25:00',2,244,1),(245,3,'2021-06-06 15:25:00','2021-06-06 15:25:00',2,245,1),(246,1,'2021-06-06 15:25:00','2021-06-06 15:25:00',2,246,1),(247,2,'2021-06-06 15:25:00','2021-06-06 15:25:00',2,247,1),(248,1,'2021-06-06 15:25:00','2021-06-06 15:25:00',2,248,1),(249,2,'2021-06-06 15:25:00','2021-06-06 15:25:00',2,249,1),(250,5,'2021-06-06 15:25:00','2021-06-06 15:25:00',2,250,1),(251,2,'2021-06-06 15:25:00','2021-06-06 15:25:00',2,251,1),(252,20,'2021-06-06 15:25:00','2021-06-06 15:25:00',2,252,1),(253,3,'2021-06-06 15:25:00','2021-06-06 15:25:00',2,253,1),(254,3,'2021-06-06 15:25:00','2021-06-06 15:25:00',2,254,1),(255,3,'2021-06-06 15:25:00','2021-06-06 15:25:00',2,255,1),(256,3,'2021-06-06 15:25:00','2021-06-06 15:25:00',2,256,1),(257,4,'2021-06-06 15:25:00','2021-06-06 15:25:00',2,257,1),(258,5,'2021-06-06 15:25:00','2021-06-06 15:25:00',2,258,1),(259,1,'2021-06-06 15:25:00','2021-06-06 15:25:00',2,259,1),(260,1,'2021-06-06 15:25:00','2021-06-06 15:25:00',2,260,1),(261,2,'2021-06-06 15:25:00','2021-06-06 15:25:00',2,261,1),(262,10,'2021-06-06 15:25:00','2021-06-06 15:25:00',2,262,1),(263,9,'2021-06-06 15:25:00','2021-06-06 15:25:00',2,263,1),(264,2,'2021-06-06 15:25:00','2021-06-06 15:25:00',2,264,1),(265,2,'2021-06-06 15:25:00','2021-06-06 15:25:00',2,265,1),(266,10,'2021-06-06 15:25:00','2021-06-06 15:25:00',2,266,1),(267,4,'2021-06-06 15:25:00','2021-06-06 15:25:00',2,267,1),(268,2,'2021-06-06 15:25:00','2021-06-06 15:25:00',2,268,1),(269,1,'2021-06-06 15:25:00','2021-06-06 15:25:00',2,269,1),(270,94,'2021-06-06 15:25:00','2021-06-06 15:25:00',2,270,1),(271,4,'2021-06-06 15:25:00','2021-06-06 15:25:00',2,271,1),(272,4,'2021-06-06 15:25:00','2021-06-06 15:25:00',2,272,1),(273,4,'2021-06-06 15:25:00','2021-06-06 15:25:00',2,273,1),(274,2,'2021-06-06 15:25:00','2021-06-06 15:25:00',2,274,1),(275,0,'2021-06-06 15:25:00','2021-06-06 15:25:00',2,275,1),(276,2,'2021-06-06 15:25:00','2021-06-06 15:25:00',2,276,1),(277,1,'2021-06-06 15:25:00','2021-06-06 15:25:00',2,277,1),(278,5,'2021-06-06 15:25:00','2021-06-06 15:25:00',2,278,1),(279,17,'2021-06-06 15:25:00','2021-06-06 15:25:00',2,279,1),(280,1,'2021-06-06 15:25:00','2021-06-06 15:25:00',2,280,1),(281,2,'2021-06-06 15:25:00','2021-06-06 15:25:00',2,281,1),(282,1,'2021-06-06 15:25:00','2021-06-06 15:25:00',2,282,1),(283,2,'2021-06-06 15:25:00','2021-06-06 15:25:00',2,283,1),(284,2,'2021-06-06 15:25:00','2021-06-06 15:25:00',2,284,1),(285,3,'2021-06-06 15:25:00','2021-06-06 15:25:00',2,285,1),(286,1,'2021-06-06 15:25:00','2021-06-06 15:25:00',2,286,1),(287,15,'2021-06-06 15:25:00','2021-06-06 15:25:00',2,287,1),(288,3,'2021-06-06 15:25:00','2021-06-06 15:25:00',2,288,1),(289,11,'2021-06-06 15:25:00','2021-06-06 15:25:00',2,289,1),(290,12,'2021-06-06 15:25:00','2021-06-06 15:25:00',2,290,1),(291,5,'2021-06-06 15:25:00','2021-06-06 15:25:00',2,291,1),(292,3,'2021-06-06 15:25:00','2021-06-06 15:25:00',2,292,1),(293,1,'2021-06-06 15:25:00','2021-06-06 15:25:00',2,293,1),(294,3,'2021-06-06 15:25:00','2021-06-06 15:25:00',2,294,1),(295,4,'2021-06-06 15:25:00','2021-06-06 15:25:00',2,295,1),(296,4,'2021-06-06 15:25:00','2021-06-06 15:25:00',2,296,1),(297,4,'2021-06-06 15:25:00','2021-06-06 15:25:00',2,297,1),(298,1,'2021-06-06 15:25:00','2021-06-06 15:25:00',2,298,1),(299,1,'2021-06-06 15:25:00','2021-06-06 15:25:00',2,299,1),(300,1,'2021-06-06 15:25:00','2021-06-06 15:25:00',2,300,1),(301,4,'2021-06-06 15:25:00','2021-06-06 15:25:00',2,301,1),(302,3,'2021-06-06 15:25:00','2021-06-06 15:25:00',2,302,1),(303,4,'2021-06-06 15:25:00','2021-06-06 15:25:00',2,303,1),(304,1,'2021-06-06 15:25:00','2021-06-06 15:25:00',2,304,1),(305,10,'2021-06-06 15:25:00','2021-06-06 15:25:00',2,305,1),(306,10,'2021-06-06 15:25:00','2021-06-06 15:25:00',2,306,1),(307,5,'2021-06-06 15:25:00','2021-06-06 15:25:00',2,307,1),(308,5,'2021-06-06 15:25:00','2021-06-06 15:25:00',2,308,1),(309,10,'2021-06-06 15:25:00','2021-06-06 15:25:00',2,309,1),(310,10,'2021-06-06 15:25:00','2021-06-06 15:25:00',2,310,1),(311,12,'2021-06-06 15:25:00','2021-06-06 15:25:00',2,311,1),(312,2,'2021-06-06 15:25:00','2021-06-06 15:25:00',2,312,1),(313,4,'2021-06-06 15:25:00','2021-06-06 15:25:00',2,313,1),(314,6,'2021-06-06 15:25:00','2021-06-06 15:25:00',2,314,1),(315,3,'2021-06-06 15:25:00','2021-06-06 15:25:00',2,315,1),(316,4,'2021-06-06 15:25:00','2021-06-06 15:25:00',2,316,1),(317,3,'2021-06-06 15:25:00','2021-06-06 15:25:00',2,317,1),(318,9,'2021-06-06 15:25:00','2021-06-06 15:25:00',2,318,1),(319,2,'2021-06-06 15:25:00','2021-06-06 15:25:00',2,319,1),(320,5,'2021-06-06 15:25:00','2021-06-06 15:25:00',2,320,1),(321,5,'2021-06-06 15:25:00','2021-06-06 15:25:00',2,321,1),(322,8,'2021-06-06 15:25:00','2021-06-06 15:25:00',2,322,1),(323,8,'2021-06-06 15:25:00','2021-06-06 15:25:00',2,323,1),(324,1,'2021-06-06 15:25:00','2021-06-06 15:25:00',2,324,1),(325,2,'2021-06-06 15:25:00','2021-06-06 15:25:00',2,325,1),(326,12,'2021-06-06 15:25:00','2021-06-06 15:25:00',2,326,1),(327,4,'2021-06-06 15:25:00','2021-06-06 15:25:00',2,327,1),(328,2,'2021-06-06 15:25:00','2021-06-06 15:25:00',2,328,1),(329,1,'2021-06-06 15:25:00','2021-06-06 15:25:00',2,329,1),(330,1,'2021-06-06 15:25:00','2021-06-06 15:25:00',2,330,1),(331,7,'2021-06-06 15:25:00','2021-06-06 15:25:00',2,331,1),(332,5,'2021-06-06 15:25:00','2021-06-06 15:25:00',2,332,1),(333,3,'2021-06-06 15:25:00','2021-06-06 15:25:00',2,333,1),(334,1,'2021-06-06 15:25:00','2021-06-06 15:25:00',2,334,1),(335,1,'2021-06-06 15:25:00','2021-06-06 15:25:00',2,335,1),(336,1,'2021-06-06 15:25:00','2021-06-06 15:25:00',2,336,1),(337,3,'2021-06-06 15:25:00','2021-06-06 15:25:00',2,337,1),(338,1,'2021-06-06 15:25:00','2021-06-06 15:25:00',2,338,1),(339,1,'2021-06-06 15:25:00','2021-06-06 15:25:00',2,339,1),(340,1,'2021-06-06 15:25:00','2021-06-06 15:25:00',2,340,1),(341,1,'2021-06-06 15:25:00','2021-06-06 15:25:00',2,341,1),(342,1,'2021-06-06 15:25:00','2021-06-06 15:25:00',2,342,1),(343,0,'2021-06-06 15:25:00','2021-06-06 15:25:00',2,343,1),(344,1,'2021-06-06 15:25:00','2021-06-06 15:25:00',2,344,1),(345,3,'2021-06-06 15:25:00','2021-06-06 15:25:00',2,345,1),(346,2,'2021-06-06 15:25:00','2021-06-06 15:25:00',2,346,1),(347,4,'2021-06-06 15:25:00','2021-06-06 15:25:00',2,347,1),(348,1,'2021-06-06 15:25:00','2021-06-06 15:25:00',2,348,1),(349,2,'2021-06-06 15:25:00','2021-06-06 15:25:00',2,349,1),(350,2,'2021-06-06 15:25:00','2021-06-06 15:25:00',2,350,1),(351,8,'2021-06-06 15:25:00','2021-06-06 15:25:00',2,351,1),(352,2,'2021-06-06 15:25:00','2021-06-06 15:25:00',2,352,1),(353,10,'2021-06-06 15:25:00','2021-06-06 15:25:00',2,353,1),(354,2,'2021-06-06 15:25:00','2021-06-06 15:25:00',2,354,1),(355,2,'2021-06-06 15:25:00','2021-06-06 15:25:00',2,355,1),(356,1,'2021-06-06 15:25:00','2021-06-06 15:25:00',2,356,1),(357,4,'2021-06-06 15:25:00','2021-06-06 15:25:00',2,357,1),(358,2,'2021-06-06 15:25:00','2021-06-06 15:25:00',2,358,1),(359,2,'2021-06-06 15:25:00','2021-06-06 15:25:00',2,359,1),(360,20,'2021-06-06 15:25:00','2021-06-06 15:25:00',2,360,1),(361,1,'2021-06-06 15:25:00','2021-06-06 15:25:00',2,361,1),(362,6,'2021-06-06 15:25:00','2021-06-06 15:25:00',2,362,1),(363,5,'2021-06-06 15:25:00','2021-06-06 15:25:00',2,363,1),(364,4,'2021-06-06 15:25:00','2021-06-06 15:25:00',2,364,1),(365,2,'2021-06-06 15:25:00','2021-06-06 15:25:00',2,365,1),(366,1,'2021-06-06 15:25:00','2021-06-06 15:25:00',2,366,1),(367,20,'2021-06-06 15:25:00','2021-06-06 15:25:00',2,367,1),(368,20,'2021-06-06 15:25:00','2021-06-06 15:25:00',2,368,1),(369,20,'2021-06-06 15:25:00','2021-06-06 15:25:00',2,369,1),(370,20,'2021-06-06 15:25:00','2021-06-06 15:25:00',2,370,1),(371,20,'2021-06-06 15:25:00','2021-06-06 15:25:00',2,371,1),(372,20,'2021-06-06 15:25:00','2021-06-06 15:25:00',2,372,1),(373,1,'2021-06-06 15:25:00','2021-06-06 15:25:00',2,373,1),(374,4,'2021-06-06 15:25:00','2021-06-06 15:25:00',2,374,1),(375,4,'2021-06-06 15:25:00','2021-06-06 15:25:00',2,375,1),(376,1,'2021-06-06 15:25:00','2021-06-06 15:25:00',2,376,1),(377,1,'2021-06-06 15:25:00','2021-06-06 15:25:00',2,377,1),(378,2,'2021-06-06 15:25:00','2021-06-06 15:25:00',2,378,1),(379,3,'2021-06-06 15:25:00','2021-06-06 15:25:00',2,379,1),(380,1,'2021-06-06 15:25:00','2021-06-06 15:25:00',2,380,1),(381,6,'2021-06-06 15:25:00','2021-06-06 15:25:00',2,381,1),(382,4,'2021-06-06 15:25:00','2021-06-06 15:25:00',2,382,1),(383,10,'2021-06-06 15:25:00','2021-06-06 15:25:00',2,383,1),(384,2,'2021-06-06 15:25:00','2021-06-06 15:25:00',2,384,1),(385,5,'2021-06-06 15:25:00','2021-06-06 15:25:00',2,385,1),(386,4,'2021-06-06 15:25:00','2021-06-06 15:25:00',2,386,1),(387,1,'2021-06-06 15:25:00','2021-06-06 15:25:00',2,387,1),(388,0,'2021-06-06 15:25:00','2021-06-06 15:25:00',2,388,1),(389,1,'2021-06-06 15:25:00','2021-06-06 15:25:00',2,389,1),(390,1,'2021-06-06 15:25:00','2021-06-06 15:25:00',2,390,1),(391,1,'2021-06-06 15:25:00','2021-06-06 15:25:00',2,391,1),(392,3,'2021-06-06 15:25:00','2021-06-06 15:25:00',2,392,1),(393,7,'2021-06-06 15:25:00','2021-06-06 15:25:00',2,393,1),(394,5,'2021-06-06 15:25:00','2021-06-06 15:25:00',2,394,1),(395,1,'2021-06-06 15:25:00','2021-06-06 15:25:00',2,395,1),(396,0,'2021-06-06 15:25:00','2021-06-06 15:25:00',2,396,1),(397,1,'2021-06-06 15:25:00','2021-06-06 15:25:00',2,397,1),(398,3,'2021-06-06 15:25:00','2021-06-06 15:25:00',2,398,1),(399,6,'2021-06-06 15:25:00','2021-06-06 15:25:00',2,399,1);
/*!40000 ALTER TABLE `stores` ENABLE KEYS */;
UNLOCK TABLES;

--
-- Table structure for table `technicians`
--

DROP TABLE IF EXISTS `technicians`;
/*!40101 SET @saved_cs_client     = @@character_set_client */;
/*!40101 SET character_set_client = utf8 */;
CREATE TABLE `technicians` (
  `id` bigint(20) unsigned NOT NULL AUTO_INCREMENT,
  `number` varchar(8) COLLATE utf8mb4_unicode_ci NOT NULL,
  `lastname` varchar(255) COLLATE utf8mb4_unicode_ci NOT NULL,
  `firstname` varchar(255) COLLATE utf8mb4_unicode_ci NOT NULL,
  `enabled` tinyint(1) NOT NULL DEFAULT 1,
  `user_id` bigint(20) unsigned NOT NULL,
  `created_at` timestamp NULL DEFAULT NULL,
  `updated_at` timestamp NULL DEFAULT NULL,
  PRIMARY KEY (`id`),
  UNIQUE KEY `technicians_number_unique` (`number`),
  KEY `technicians_user_id_foreign` (`user_id`),
  CONSTRAINT `technicians_user_id_foreign` FOREIGN KEY (`user_id`) REFERENCES `users` (`id`)
) ENGINE=InnoDB AUTO_INCREMENT=22 DEFAULT CHARSET=utf8mb4 COLLATE=utf8mb4_unicode_ci;
/*!40101 SET character_set_client = @saved_cs_client */;

--
-- Dumping data for table `technicians`
--

LOCK TABLES `technicians` WRITE;
/*!40000 ALTER TABLE `technicians` DISABLE KEYS */;
INSERT INTO `technicians` VALUES (18,'89214cea','Reina','Anthony',1,1,'2021-06-06 14:28:42','2021-06-06 14:28:42'),(19,'e2720e6a','Soete','Joris',1,1,'2021-06-06 14:29:09','2021-06-06 14:29:09'),(20,'75a6a387','Crebeyck','Alexandre',1,1,'2021-06-06 14:29:40','2021-06-06 14:29:40'),(21,'9c8e67ce','Tricarico','Alessio',1,1,'2021-06-06 14:30:16','2021-06-06 14:30:16');
/*!40000 ALTER TABLE `technicians` ENABLE KEYS */;
UNLOCK TABLES;

--
-- Table structure for table `users`
--

DROP TABLE IF EXISTS `users`;
/*!40101 SET @saved_cs_client     = @@character_set_client */;
/*!40101 SET character_set_client = utf8 */;
CREATE TABLE `users` (
  `id` bigint(20) unsigned NOT NULL AUTO_INCREMENT,
  `lastname` varchar(255) COLLATE utf8mb4_unicode_ci NOT NULL,
  `firstname` varchar(255) COLLATE utf8mb4_unicode_ci NOT NULL,
  `enabled` tinyint(1) NOT NULL DEFAULT 1,
  `language` varchar(255) COLLATE utf8mb4_unicode_ci NOT NULL DEFAULT 'en',
  `email` varchar(255) COLLATE utf8mb4_unicode_ci NOT NULL,
  `email_verified_at` timestamp NULL DEFAULT NULL,
  `password` varchar(255) COLLATE utf8mb4_unicode_ci NOT NULL,
  `remember_token` varchar(100) COLLATE utf8mb4_unicode_ci DEFAULT NULL,
  `created_at` timestamp NULL DEFAULT NULL,
  `updated_at` timestamp NULL DEFAULT NULL,
  PRIMARY KEY (`id`),
  UNIQUE KEY `users_email_unique` (`email`)
) ENGINE=InnoDB AUTO_INCREMENT=10 DEFAULT CHARSET=utf8mb4 COLLATE=utf8mb4_unicode_ci;
/*!40101 SET character_set_client = @saved_cs_client */;

--
-- Dumping data for table `users`
--

LOCK TABLES `users` WRITE;
/*!40000 ALTER TABLE `users` DISABLE KEYS */;
INSERT INTO `users` VALUES (1,'Moers','Serge',1,'fr','serge.moers@mo-consult.be',NULL,'$2y$10$DLA1UdpGAKmirU0b31ngVeao1fzwJZ.4id3Cm2TplcsJoaKtHSwGm',NULL,'2020-10-31 11:24:09','2020-10-31 11:24:09'),(2,'De Haese','Hans',1,'nl','hans@fassibelgium.com',NULL,'$2y$10$1WfG8QfBDv3cNaGhl8tjT.Eeh4SOKMZBhCi5p9BUcFJtKuWEBPgBq',NULL,'2021-02-22 18:22:57','2021-02-22 18:22:57'),(4,'Dodemont','Eric',1,'fr','eric@fassibelgium.com',NULL,'$2y$10$edmKa5is5tuu6S4wLpgdXexoBaFL7gY79aVSgF6E.qcrel4hj35g.',NULL,'2021-02-22 18:24:06','2021-02-22 18:24:06'),(5,'Godechal','Amandine',1,'fr','administration@fassibelgium.com',NULL,'$2y$10$iZOsMGAxrjlc6xyeR4dRbOn1sXe6SmAM5IBfJaYwQjBEXYeoE.ioK',NULL,'2021-02-22 18:24:17','2021-02-22 18:24:17');
/*!40000 ALTER TABLE `users` ENABLE KEYS */;
UNLOCK TABLES;

--
-- Temporary table structure for view `view_clocking_extended`
--

DROP TABLE IF EXISTS `view_clocking_extended`;
/*!50001 DROP VIEW IF EXISTS `view_clocking_extended`*/;
SET @saved_cs_client     = @@character_set_client;
SET character_set_client = utf8;
/*!50001 CREATE TABLE `view_clocking_extended` (
  `lastname` tinyint NOT NULL,
  `firstname` tinyint NOT NULL,
  `fullname` tinyint NOT NULL,
  `id` tinyint NOT NULL,
  `date` tinyint NOT NULL,
  `start_date` tinyint NOT NULL,
  `stop_date` tinyint NOT NULL,
  `technician_id` tinyint NOT NULL,
  `user_id` tinyint NOT NULL,
  `created_at` tinyint NOT NULL,
  `updated_at` tinyint NOT NULL,
  `worksheet_id` tinyint NOT NULL,
  `start_date_d` tinyint NOT NULL,
  `stop_date_d` tinyint NOT NULL,
  `start_time` tinyint NOT NULL,
  `stop_time` tinyint NOT NULL,
  `diff` tinyint NOT NULL
) ENGINE=MyISAM */;
SET character_set_client = @saved_cs_client;

--
-- Temporary table structure for view `view_clocking_total`
--

DROP TABLE IF EXISTS `view_clocking_total`;
/*!50001 DROP VIEW IF EXISTS `view_clocking_total`*/;
SET @saved_cs_client     = @@character_set_client;
SET character_set_client = utf8;
/*!50001 CREATE TABLE `view_clocking_total` (
  `worksheet_id` tinyint NOT NULL,
  `total` tinyint NOT NULL
) ENGINE=MyISAM */;
SET character_set_client = @saved_cs_client;

--
-- Temporary table structure for view `view_partmetadatas_reassort`
--

DROP TABLE IF EXISTS `view_partmetadatas_reassort`;
/*!50001 DROP VIEW IF EXISTS `view_partmetadatas_reassort`*/;
SET @saved_cs_client     = @@character_set_client;
SET character_set_client = utf8;
/*!50001 CREATE TABLE `view_partmetadatas_reassort` (
  `id` tinyint NOT NULL,
  `part_number` tinyint NOT NULL,
  `description` tinyint NOT NULL,
  `enabled` tinyint NOT NULL,
  `electrical_part` tinyint NOT NULL,
  `bar_code` tinyint NOT NULL,
  `created_at` tinyint NOT NULL,
  `updated_at` tinyint NOT NULL,
  `reassort_level` tinyint NOT NULL,
  `user_id` tinyint NOT NULL,
  `qty` tinyint NOT NULL
) ENGINE=MyISAM */;
SET character_set_client = @saved_cs_client;

--
-- Temporary table structure for view `view_parts_signed_values`
--

DROP TABLE IF EXISTS `view_parts_signed_values`;
/*!50001 DROP VIEW IF EXISTS `view_parts_signed_values`*/;
SET @saved_cs_client     = @@character_set_client;
SET character_set_client = utf8;
/*!50001 CREATE TABLE `view_parts_signed_values` (
  `id` tinyint NOT NULL,
  `part_number` tinyint NOT NULL,
  `description` tinyint NOT NULL,
  `qty` tinyint NOT NULL,
  `price` tinyint NOT NULL,
  `year` tinyint NOT NULL,
  `user_id` tinyint NOT NULL,
  `created_at` tinyint NOT NULL,
  `updated_at` tinyint NOT NULL,
  `worksheet_id` tinyint NOT NULL,
  `bar_code` tinyint NOT NULL,
  `type` tinyint NOT NULL,
  `qty_signed` tinyint NOT NULL,
  `unit_price_signed` tinyint NOT NULL,
  `total_price_signed` tinyint NOT NULL
) ENGINE=MyISAM */;
SET character_set_client = @saved_cs_client;

--
-- Temporary table structure for view `view_parts_sum_outs`
--

DROP TABLE IF EXISTS `view_parts_sum_outs`;
/*!50001 DROP VIEW IF EXISTS `view_parts_sum_outs`*/;
SET @saved_cs_client     = @@character_set_client;
SET character_set_client = utf8;
/*!50001 CREATE TABLE `view_parts_sum_outs` (
  `worksheet_id` tinyint NOT NULL,
  `part_number` tinyint NOT NULL,
  `bar_code` tinyint NOT NULL,
  `o_qty` tinyint NOT NULL,
  `r_qty` tinyint NOT NULL,
  `o_price` tinyint NOT NULL,
  `r_price` tinyint NOT NULL
) ENGINE=MyISAM */;
SET character_set_client = @saved_cs_client;

--
-- Temporary table structure for view `view_parts_sum_reassortements`
--

DROP TABLE IF EXISTS `view_parts_sum_reassortements`;
/*!50001 DROP VIEW IF EXISTS `view_parts_sum_reassortements`*/;
SET @saved_cs_client     = @@character_set_client;
SET character_set_client = utf8;
/*!50001 CREATE TABLE `view_parts_sum_reassortements` (
  `worksheet_id` tinyint NOT NULL,
  `part_number` tinyint NOT NULL,
  `bar_code` tinyint NOT NULL,
  `o_qty` tinyint NOT NULL,
  `r_qty` tinyint NOT NULL,
  `o_price` tinyint NOT NULL,
  `r_price` tinyint NOT NULL
) ENGINE=MyISAM */;
SET character_set_client = @saved_cs_client;

--
-- Temporary table structure for view `view_parts_total`
--

DROP TABLE IF EXISTS `view_parts_total`;
/*!50001 DROP VIEW IF EXISTS `view_parts_total`*/;
SET @saved_cs_client     = @@character_set_client;
SET character_set_client = utf8;
/*!50001 CREATE TABLE `view_parts_total` (
  `worksheet_id` tinyint NOT NULL,
  `part_number` tinyint NOT NULL,
  `bar_code` tinyint NOT NULL,
  `qty_total` tinyint NOT NULL,
  `price_total` tinyint NOT NULL
) ENGINE=MyISAM */;
SET character_set_client = @saved_cs_client;

--
-- Temporary table structure for view `view_worksheets_customers_cranes`
--

DROP TABLE IF EXISTS `view_worksheets_customers_cranes`;
/*!50001 DROP VIEW IF EXISTS `view_worksheets_customers_cranes`*/;
SET @saved_cs_client     = @@character_set_client;
SET character_set_client = utf8;
/*!50001 CREATE TABLE `view_worksheets_customers_cranes` (
  `id` tinyint NOT NULL,
  `number` tinyint NOT NULL,
  `date` tinyint NOT NULL,
  `year` tinyint NOT NULL,
  `validated` tinyint NOT NULL,
  `validated_date` tinyint NOT NULL,
  `warranty` tinyint NOT NULL,
  `customer_id` tinyint NOT NULL,
  `name` tinyint NOT NULL,
  `crane_id` tinyint NOT NULL,
  `serial` tinyint NOT NULL,
  `plate` tinyint NOT NULL
) ENGINE=MyISAM */;
SET character_set_client = @saved_cs_client;

--
-- Table structure for table `worksheets`
--

DROP TABLE IF EXISTS `worksheets`;
/*!40101 SET @saved_cs_client     = @@character_set_client */;
/*!40101 SET character_set_client = utf8 */;
CREATE TABLE `worksheets` (
  `id` bigint(20) unsigned NOT NULL AUTO_INCREMENT,
  `number` bigint(20) NOT NULL,
  `date` date DEFAULT NULL,
  `remarks` text COLLATE utf8mb4_unicode_ci DEFAULT NULL,
  `work` text COLLATE utf8mb4_unicode_ci DEFAULT NULL,
  `oil_filtered` tinyint(1) NOT NULL DEFAULT 0,
  `validated` tinyint(1) NOT NULL DEFAULT 0,
  `validated_date` datetime DEFAULT NULL,
  `customer_id` bigint(20) unsigned DEFAULT NULL,
  `crane_id` bigint(20) unsigned DEFAULT NULL,
  `created_at` timestamp NULL DEFAULT NULL,
  `updated_at` timestamp NULL DEFAULT NULL,
  `user_id` bigint(20) unsigned DEFAULT NULL,
  `oil_replace` decimal(7,2) NOT NULL DEFAULT 0.00,
  `warranty` tinyint(1) NOT NULL DEFAULT 0,
  PRIMARY KEY (`id`),
  UNIQUE KEY `worksheets_number_unique` (`number`),
  KEY `worksheets_user_id_foreign` (`user_id`),
  KEY `worksheets_id_crane_foreign` (`crane_id`),
  KEY `worksheets_id_customer_foreign` (`customer_id`),
  CONSTRAINT `worksheets_id_crane_foreign` FOREIGN KEY (`crane_id`) REFERENCES `cranes` (`id`) ON DELETE NO ACTION ON UPDATE NO ACTION,
  CONSTRAINT `worksheets_id_customer_foreign` FOREIGN KEY (`customer_id`) REFERENCES `customers` (`id`) ON DELETE NO ACTION ON UPDATE NO ACTION,
  CONSTRAINT `worksheets_user_id_foreign` FOREIGN KEY (`user_id`) REFERENCES `users` (`id`)
) ENGINE=InnoDB AUTO_INCREMENT=19 DEFAULT CHARSET=utf8mb4 COLLATE=utf8mb4_unicode_ci;
/*!40101 SET character_set_client = @saved_cs_client */;

--
-- Dumping data for table `worksheets`
--

LOCK TABLES `worksheets` WRITE;
/*!40000 ALTER TABLE `worksheets` DISABLE KEYS */;
/*!40000 ALTER TABLE `worksheets` ENABLE KEYS */;
UNLOCK TABLES;

--
-- Table structure for table `zipcodes`
--

DROP TABLE IF EXISTS `zipcodes`;
/*!40101 SET @saved_cs_client     = @@character_set_client */;
/*!40101 SET character_set_client = utf8 */;
CREATE TABLE `zipcodes` (
  `id` bigint(20) unsigned NOT NULL AUTO_INCREMENT,
  `zipcode` int(10) unsigned NOT NULL,
  `locality` varchar(100) COLLATE utf8mb4_unicode_ci NOT NULL,
  `created_at` timestamp NULL DEFAULT NULL,
  `updated_at` timestamp NULL DEFAULT NULL,
  PRIMARY KEY (`id`)
) ENGINE=InnoDB AUTO_INCREMENT=2758 DEFAULT CHARSET=utf8mb4 COLLATE=utf8mb4_unicode_ci;
/*!40101 SET character_set_client = @saved_cs_client */;

--
-- Dumping data for table `zipcodes`
--

LOCK TABLES `zipcodes` WRITE;
/*!40000 ALTER TABLE `zipcodes` DISABLE KEYS */;
/*!40000 ALTER TABLE `zipcodes` ENABLE KEYS */;
UNLOCK TABLES;

--
-- Dumping routines for database 'fassi_cms_01'
--

--
-- Final view structure for view `view_clocking_extended`
--

/*!50001 DROP TABLE IF EXISTS `view_clocking_extended`*/;
/*!50001 DROP VIEW IF EXISTS `view_clocking_extended`*/;
/*!50001 SET @saved_cs_client          = @@character_set_client */;
/*!50001 SET @saved_cs_results         = @@character_set_results */;
/*!50001 SET @saved_col_connection     = @@collation_connection */;
/*!50001 SET character_set_client      = utf8 */;
/*!50001 SET character_set_results     = utf8 */;
/*!50001 SET collation_connection      = utf8_general_ci */;
/*!50001 CREATE ALGORITHM=UNDEFINED */
/*!50013 DEFINER=`smoers`@`%` SQL SECURITY DEFINER */
/*!50001 VIEW `view_clocking_extended` AS select `technicians`.`lastname` AS `lastname`,`technicians`.`firstname` AS `firstname`,concat(`technicians`.`firstname`,' ',`technicians`.`lastname`) AS `fullname`,`clockings`.`id` AS `id`,`clockings`.`date` AS `date`,`clockings`.`start_date` AS `start_date`,`clockings`.`stop_date` AS `stop_date`,`clockings`.`technician_id` AS `technician_id`,`clockings`.`user_id` AS `user_id`,`clockings`.`created_at` AS `created_at`,`clockings`.`updated_at` AS `updated_at`,`clockings`.`worksheet_id` AS `worksheet_id`,date_format(`clockings`.`start_date`,'%d-%m-%Y') AS `start_date_d`,date_format(`clockings`.`start_date`,'%d-%m-%Y') AS `stop_date_d`,date_format(`clockings`.`start_date`,'%H:%i') AS `start_time`,date_format(`clockings`.`stop_date`,'%H:%i') AS `stop_time`,sec_to_time(timestampdiff(SECOND,`clockings`.`start_date`,`clockings`.`stop_date`)) AS `diff` from (`clockings` left join `technicians` on(`clockings`.`technician_id` = `technicians`.`id`)) */;
/*!50001 SET character_set_client      = @saved_cs_client */;
/*!50001 SET character_set_results     = @saved_cs_results */;
/*!50001 SET collation_connection      = @saved_col_connection */;

--
-- Final view structure for view `view_clocking_total`
--

/*!50001 DROP TABLE IF EXISTS `view_clocking_total`*/;
/*!50001 DROP VIEW IF EXISTS `view_clocking_total`*/;
/*!50001 SET @saved_cs_client          = @@character_set_client */;
/*!50001 SET @saved_cs_results         = @@character_set_results */;
/*!50001 SET @saved_col_connection     = @@collation_connection */;
/*!50001 SET character_set_client      = utf8 */;
/*!50001 SET character_set_results     = utf8 */;
/*!50001 SET collation_connection      = utf8_general_ci */;
/*!50001 CREATE ALGORITHM=UNDEFINED */
/*!50013 DEFINER=`smoers`@`%` SQL SECURITY DEFINER */
/*!50001 VIEW `view_clocking_total` AS select `view_clocking_extended`.`worksheet_id` AS `worksheet_id`,sec_to_time(sum(time_to_sec(`view_clocking_extended`.`diff`))) AS `total` from `view_clocking_extended` group by `view_clocking_extended`.`worksheet_id` */;
/*!50001 SET character_set_client      = @saved_cs_client */;
/*!50001 SET character_set_results     = @saved_cs_results */;
/*!50001 SET collation_connection      = @saved_col_connection */;

--
-- Final view structure for view `view_partmetadatas_reassort`
--

/*!50001 DROP TABLE IF EXISTS `view_partmetadatas_reassort`*/;
/*!50001 DROP VIEW IF EXISTS `view_partmetadatas_reassort`*/;
/*!50001 SET @saved_cs_client          = @@character_set_client */;
/*!50001 SET @saved_cs_results         = @@character_set_results */;
/*!50001 SET @saved_col_connection     = @@collation_connection */;
/*!50001 SET character_set_client      = utf8mb4 */;
/*!50001 SET character_set_results     = utf8mb4 */;
/*!50001 SET collation_connection      = utf8mb4_general_ci */;
/*!50001 CREATE ALGORITHM=UNDEFINED */
/*!50013 DEFINER=`smoers`@`%` SQL SECURITY DEFINER */
/*!50001 VIEW `view_partmetadatas_reassort` AS select `PM`.`id` AS `id`,`PM`.`part_number` AS `part_number`,`PM`.`description` AS `description`,`PM`.`enabled` AS `enabled`,`PM`.`electrical_part` AS `electrical_part`,`PM`.`bar_code` AS `bar_code`,`PM`.`created_at` AS `created_at`,`PM`.`updated_at` AS `updated_at`,`PM`.`reassort_level` AS `reassort_level`,`PM`.`user_id` AS `user_id`,`ST`.`qty` AS `qty` from (`fassi_cms_01`.`partmetadatas` `PM` left join (select `fassi_cms_01`.`stores`.`partmetadata_id` AS `partmetadata_id`,sum(`fassi_cms_01`.`stores`.`qty`) AS `qty` from `fassi_cms_01`.`stores` group by `fassi_cms_01`.`stores`.`partmetadata_id`) `ST` on(`PM`.`id` = `ST`.`partmetadata_id`)) where `PM`.`reassort_level` >= `ST`.`qty` and `PM`.`enabled` = 1 */;
/*!50001 SET character_set_client      = @saved_cs_client */;
/*!50001 SET character_set_results     = @saved_cs_results */;
/*!50001 SET collation_connection      = @saved_col_connection */;

--
-- Final view structure for view `view_parts_signed_values`
--

/*!50001 DROP TABLE IF EXISTS `view_parts_signed_values`*/;
/*!50001 DROP VIEW IF EXISTS `view_parts_signed_values`*/;
/*!50001 SET @saved_cs_client          = @@character_set_client */;
/*!50001 SET @saved_cs_results         = @@character_set_results */;
/*!50001 SET @saved_col_connection     = @@collation_connection */;
/*!50001 SET character_set_client      = utf8 */;
/*!50001 SET character_set_results     = utf8 */;
/*!50001 SET collation_connection      = utf8_general_ci */;
/*!50001 CREATE ALGORITHM=UNDEFINED */
/*!50013 DEFINER=`smoers`@`%` SQL SECURITY DEFINER */
/*!50001 VIEW `view_parts_signed_values` AS select `parts`.`id` AS `id`,`parts`.`part_number` AS `part_number`,`parts`.`description` AS `description`,`parts`.`qty` AS `qty`,`parts`.`price` AS `price`,`parts`.`year` AS `year`,`parts`.`user_id` AS `user_id`,`parts`.`created_at` AS `created_at`,`parts`.`updated_at` AS `updated_at`,`parts`.`worksheet_id` AS `worksheet_id`,`parts`.`bar_code` AS `bar_code`,`parts`.`type` AS `type`,if(`parts`.`type` = 'O',`parts`.`qty`,`parts`.`qty` * -1) AS `qty_signed`,if(`parts`.`type` = 'O',`parts`.`price`,`parts`.`price` * -1) AS `unit_price_signed`,if(`parts`.`type` = 'O',`parts`.`qty` * `parts`.`price`,`parts`.`qty` * `parts`.`price` * -1) AS `total_price_signed` from `parts` */;
/*!50001 SET character_set_client      = @saved_cs_client */;
/*!50001 SET character_set_results     = @saved_cs_results */;
/*!50001 SET collation_connection      = @saved_col_connection */;

--
-- Final view structure for view `view_parts_sum_outs`
--

/*!50001 DROP TABLE IF EXISTS `view_parts_sum_outs`*/;
/*!50001 DROP VIEW IF EXISTS `view_parts_sum_outs`*/;
/*!50001 SET @saved_cs_client          = @@character_set_client */;
/*!50001 SET @saved_cs_results         = @@character_set_results */;
/*!50001 SET @saved_col_connection     = @@collation_connection */;
/*!50001 SET character_set_client      = utf8 */;
/*!50001 SET character_set_results     = utf8 */;
/*!50001 SET collation_connection      = utf8_general_ci */;
/*!50001 CREATE ALGORITHM=UNDEFINED */
/*!50013 DEFINER=`smoers`@`%` SQL SECURITY DEFINER */
/*!50001 VIEW `view_parts_sum_outs` AS select `parts`.`worksheet_id` AS `worksheet_id`,`parts`.`part_number` AS `part_number`,`parts`.`bar_code` AS `bar_code`,sum(`parts`.`qty`) AS `o_qty`,sum(`parts`.`qty`) * -1 AS `r_qty`,sum(`parts`.`price`) AS `o_price`,sum(`parts`.`price`) * -1 AS `r_price` from `parts` where `parts`.`type` = 'O' group by `parts`.`worksheet_id`,`parts`.`part_number`,`parts`.`bar_code` */;
/*!50001 SET character_set_client      = @saved_cs_client */;
/*!50001 SET character_set_results     = @saved_cs_results */;
/*!50001 SET collation_connection      = @saved_col_connection */;

--
-- Final view structure for view `view_parts_sum_reassortements`
--

/*!50001 DROP TABLE IF EXISTS `view_parts_sum_reassortements`*/;
/*!50001 DROP VIEW IF EXISTS `view_parts_sum_reassortements`*/;
/*!50001 SET @saved_cs_client          = @@character_set_client */;
/*!50001 SET @saved_cs_results         = @@character_set_results */;
/*!50001 SET @saved_col_connection     = @@collation_connection */;
/*!50001 SET character_set_client      = utf8 */;
/*!50001 SET character_set_results     = utf8 */;
/*!50001 SET collation_connection      = utf8_general_ci */;
/*!50001 CREATE ALGORITHM=UNDEFINED */
/*!50013 DEFINER=`smoers`@`%` SQL SECURITY DEFINER */
/*!50001 VIEW `view_parts_sum_reassortements` AS select `parts`.`worksheet_id` AS `worksheet_id`,`parts`.`part_number` AS `part_number`,`parts`.`bar_code` AS `bar_code`,sum(`parts`.`qty`) * -1 AS `o_qty`,sum(`parts`.`qty`) AS `r_qty`,sum(`parts`.`price`) * -1 AS `o_price`,sum(`parts`.`price`) AS `r_price` from `parts` where `parts`.`type` = 'R' group by `parts`.`worksheet_id`,`parts`.`part_number`,`parts`.`bar_code` */;
/*!50001 SET character_set_client      = @saved_cs_client */;
/*!50001 SET character_set_results     = @saved_cs_results */;
/*!50001 SET collation_connection      = @saved_col_connection */;

--
-- Final view structure for view `view_parts_total`
--

/*!50001 DROP TABLE IF EXISTS `view_parts_total`*/;
/*!50001 DROP VIEW IF EXISTS `view_parts_total`*/;
/*!50001 SET @saved_cs_client          = @@character_set_client */;
/*!50001 SET @saved_cs_results         = @@character_set_results */;
/*!50001 SET @saved_col_connection     = @@collation_connection */;
/*!50001 SET character_set_client      = utf8 */;
/*!50001 SET character_set_results     = utf8 */;
/*!50001 SET collation_connection      = utf8_general_ci */;
/*!50001 CREATE ALGORITHM=UNDEFINED */
/*!50013 DEFINER=`smoers`@`%` SQL SECURITY DEFINER */
/*!50001 VIEW `view_parts_total` AS select `view_parts_signed_values`.`worksheet_id` AS `worksheet_id`,`view_parts_signed_values`.`part_number` AS `part_number`,`view_parts_signed_values`.`bar_code` AS `bar_code`,sum(`view_parts_signed_values`.`qty_signed`) AS `qty_total`,sum(`view_parts_signed_values`.`total_price_signed`) AS `price_total` from `view_parts_signed_values` group by `view_parts_signed_values`.`worksheet_id`,`view_parts_signed_values`.`part_number`,`view_parts_signed_values`.`bar_code` */;
/*!50001 SET character_set_client      = @saved_cs_client */;
/*!50001 SET character_set_results     = @saved_cs_results */;
/*!50001 SET collation_connection      = @saved_col_connection */;

--
-- Final view structure for view `view_worksheets_customers_cranes`
--

/*!50001 DROP TABLE IF EXISTS `view_worksheets_customers_cranes`*/;
/*!50001 DROP VIEW IF EXISTS `view_worksheets_customers_cranes`*/;
/*!50001 SET @saved_cs_client          = @@character_set_client */;
/*!50001 SET @saved_cs_results         = @@character_set_results */;
/*!50001 SET @saved_col_connection     = @@collation_connection */;
/*!50001 SET character_set_client      = utf8 */;
/*!50001 SET character_set_results     = utf8 */;
/*!50001 SET collation_connection      = utf8_general_ci */;
/*!50001 CREATE ALGORITHM=UNDEFINED */
/*!50013 DEFINER=`fassi`@`localhost` SQL SECURITY DEFINER */
/*!50001 VIEW `view_worksheets_customers_cranes` AS select `worksheets`.`id` AS `id`,`worksheets`.`number` AS `number`,`worksheets`.`date` AS `date`,year(`worksheets`.`date`) AS `year`,`worksheets`.`validated` AS `validated`,`worksheets`.`validated_date` AS `validated_date`,`worksheets`.`warranty` AS `warranty`,`customers`.`id` AS `customer_id`,`customers`.`name` AS `name`,`cranes`.`id` AS `crane_id`,`cranes`.`serial` AS `serial`,`cranes`.`plate` AS `plate` from ((`worksheets` left join `customers` on(`worksheets`.`customer_id` = `customers`.`id`)) left join `cranes` on(`worksheets`.`crane_id` = `cranes`.`id`)) */;
/*!50001 SET character_set_client      = @saved_cs_client */;
/*!50001 SET character_set_results     = @saved_cs_results */;
/*!50001 SET collation_connection      = @saved_col_connection */;
/*!40103 SET TIME_ZONE=@OLD_TIME_ZONE */;

/*!40101 SET SQL_MODE=@OLD_SQL_MODE */;
/*!40014 SET FOREIGN_KEY_CHECKS=@OLD_FOREIGN_KEY_CHECKS */;
/*!40014 SET UNIQUE_CHECKS=@OLD_UNIQUE_CHECKS */;
/*!40101 SET CHARACTER_SET_CLIENT=@OLD_CHARACTER_SET_CLIENT */;
/*!40101 SET CHARACTER_SET_RESULTS=@OLD_CHARACTER_SET_RESULTS */;
/*!40101 SET COLLATION_CONNECTION=@OLD_COLLATION_CONNECTION */;
/*!40111 SET SQL_NOTES=@OLD_SQL_NOTES */;

-- Dump completed on 2021-06-08 16:57:23
