-- MySQL dump 10.13  Distrib 5.5.62, for Win64 (AMD64)
--
-- Host: fassi.mo-consult.be    Database: fassi_cms_03
-- ------------------------------------------------------
-- Server version	5.5.5-10.3.34-MariaDB-0ubuntu0.20.04.1

/*!40101 SET @OLD_CHARACTER_SET_CLIENT=@@CHARACTER_SET_CLIENT */;
/*!40101 SET @OLD_CHARACTER_SET_RESULTS=@@CHARACTER_SET_RESULTS */;
/*!40101 SET @OLD_COLLATION_CONNECTION=@@COLLATION_CONNECTION */;
/*!40101 SET NAMES utf8 */;
/*!40103 SET @OLD_TIME_ZONE=@@TIME_ZONE */;
/*!40103 SET TIME_ZONE='+00:00' */;
/*!40014 SET @OLD_UNIQUE_CHECKS=@@UNIQUE_CHECKS, UNIQUE_CHECKS=0 */;
/*!40014 SET @OLD_FOREIGN_KEY_CHECKS=@@FOREIGN_KEY_CHECKS, FOREIGN_KEY_CHECKS=0 */;
/*!40101 SET @OLD_SQL_MODE=@@SQL_MODE, SQL_MODE='NO_AUTO_VALUE_ON_ZERO' */;
/*!40111 SET @OLD_SQL_NOTES=@@SQL_NOTES, SQL_NOTES=0 */;

--
-- Table structure for table `catalogs`
--

DROP TABLE IF EXISTS `catalogs`;
/*!40101 SET @saved_cs_client     = @@character_set_client */;
/*!40101 SET character_set_client = utf8 */;
CREATE TABLE `catalogs` (
  `id` bigint(20) unsigned NOT NULL AUTO_INCREMENT,
  `price` decimal(9,3) NOT NULL,
  `year` smallint(5) unsigned NOT NULL,
  `provider_id` bigint(20) unsigned NOT NULL,
  `created_at` timestamp NULL DEFAULT NULL,
  `updated_at` timestamp NULL DEFAULT NULL,
  `partmetadata_id` bigint(20) unsigned NOT NULL,
  `user_id` bigint(20) unsigned NOT NULL,
  `import_key` varchar(16) COLLATE utf8mb4_unicode_ci DEFAULT NULL,
  PRIMARY KEY (`id`),
  KEY `catalogs_provider_id_foreign` (`provider_id`),
  KEY `catalogs_year_index` (`year`),
  KEY `catalogs_part_meta_id_foreign_idx` (`partmetadata_id`),
  KEY `catalogs_user_id_foreign` (`user_id`),
  CONSTRAINT `catalogs_part_meta_id_foreign` FOREIGN KEY (`partmetadata_id`) REFERENCES `partmetadatas` (`id`),
  CONSTRAINT `catalogs_provider_id_foreign` FOREIGN KEY (`provider_id`) REFERENCES `providers` (`id`) ON DELETE NO ACTION ON UPDATE NO ACTION,
  CONSTRAINT `catalogs_user_id_foreign` FOREIGN KEY (`user_id`) REFERENCES `users` (`id`) ON DELETE NO ACTION ON UPDATE NO ACTION
) ENGINE=InnoDB AUTO_INCREMENT=1534 DEFAULT CHARSET=utf8mb4 COLLATE=utf8mb4_unicode_ci;
/*!40101 SET character_set_client = @saved_cs_client */;

--
-- Dumping data for table `catalogs`
--

LOCK TABLES `catalogs` WRITE;
/*!40000 ALTER TABLE `catalogs` DISABLE KEYS */;
INSERT INTO `catalogs` VALUES (1,1240.000,2021,1,'2021-06-06 15:25:00','2021-06-06 15:25:00',1,1,NULL),(2,35.000,2021,1,'2021-06-06 15:25:00','2021-06-06 15:25:00',2,1,NULL),(3,0.620,2021,1,'2021-06-06 15:25:00','2021-06-06 15:25:00',3,1,NULL),(4,1.730,2021,1,'2021-06-06 15:25:00','2021-06-06 15:25:00',4,1,NULL),(5,3.661,2021,1,'2021-06-06 15:25:00','2021-06-06 15:25:00',5,1,NULL),(6,5.855,2021,1,'2021-06-06 15:25:00','2021-06-06 15:25:00',6,1,NULL),(7,78.526,2021,1,'2021-06-06 15:25:00','2021-06-06 15:25:00',7,1,NULL),(8,2.584,2021,1,'2021-06-06 15:25:00','2021-06-06 15:25:00',8,1,NULL),(9,3.442,2021,1,'2021-06-06 15:25:00','2021-06-06 15:25:00',9,1,NULL),(10,79.313,2021,1,'2021-06-06 15:25:00','2021-06-06 15:25:00',10,1,NULL),(11,15.719,2021,1,'2021-06-06 15:25:00','2021-06-06 15:25:00',11,1,NULL),(12,85.818,2021,1,'2021-06-06 15:25:00','2021-06-06 15:25:00',12,1,NULL),(13,2.845,2021,1,'2021-06-06 15:25:00','2021-06-06 15:25:00',13,1,NULL),(14,1.478,2021,1,'2021-06-06 15:25:00','2021-06-06 15:25:00',14,1,NULL),(15,2.561,2021,1,'2021-06-06 15:25:00','2021-06-06 15:25:00',15,1,NULL),(16,6.044,2021,1,'2021-06-06 15:25:00','2021-06-06 15:25:00',16,1,NULL),(17,2.691,2021,1,'2021-06-06 15:25:00','2021-06-06 15:25:00',17,1,NULL),(18,22.444,2021,1,'2021-06-06 15:25:00','2021-06-06 15:25:00',18,1,NULL),(19,1.272,2021,1,'2021-06-06 15:25:00','2021-06-06 15:25:00',19,1,NULL),(20,47.260,2021,1,'2021-06-06 15:25:00','2021-06-06 15:25:00',20,1,NULL),(21,524.460,2021,1,'2021-06-06 15:25:00','2021-06-06 15:25:00',21,1,NULL),(22,0.526,2021,1,'2021-06-06 15:25:00','2021-06-06 15:25:00',22,1,NULL),(23,32.290,2021,1,'2021-06-06 15:25:00','2021-06-06 15:25:00',23,1,NULL),(24,32.290,2021,1,'2021-06-06 15:25:00','2021-06-06 15:25:00',24,1,NULL),(25,32.290,2021,1,'2021-06-06 15:25:00','2021-06-06 15:25:00',25,1,NULL),(26,32.290,2021,1,'2021-06-06 15:25:00','2021-06-06 15:25:00',26,1,NULL),(27,32.900,2021,1,'2021-06-06 15:25:00','2021-06-06 15:25:00',27,1,NULL),(28,115.000,2021,1,'2021-06-06 15:25:00','2021-06-06 15:25:00',28,1,NULL),(29,8.520,2021,1,'2021-06-06 15:25:00','2021-06-06 15:25:00',29,1,NULL),(30,319.000,2021,1,'2021-06-06 15:25:00','2021-06-06 15:25:00',30,1,NULL),(31,5.190,2021,1,'2021-06-06 15:25:00','2021-06-06 15:25:00',31,1,NULL),(32,4.960,2021,1,'2021-06-06 15:25:00','2021-06-06 15:25:00',32,1,NULL),(33,3.600,2021,1,'2021-06-06 15:25:00','2021-06-06 15:25:00',33,1,NULL),(34,4.850,2021,1,'2021-06-06 15:25:00','2021-06-06 15:25:00',34,1,NULL),(35,4.223,2021,1,'2021-06-06 15:25:00','2021-06-06 15:25:00',35,1,NULL),(36,3.040,2021,1,'2021-06-06 15:25:00','2021-06-06 15:25:00',36,1,NULL),(37,16.650,2021,1,'2021-06-06 15:25:00','2021-06-06 15:25:00',37,1,NULL),(38,35.140,2021,1,'2021-06-06 15:25:00','2021-06-06 15:25:00',38,1,NULL),(39,25.390,2021,1,'2021-06-06 15:25:00','2021-06-06 15:25:00',39,1,NULL),(40,35.397,2021,1,'2021-06-06 15:25:00','2021-06-06 15:25:00',40,1,NULL),(41,26.611,2021,1,'2021-06-06 15:25:00','2021-06-06 15:25:00',41,1,NULL),(42,34.577,2021,1,'2021-06-06 15:25:00','2021-06-06 15:25:00',42,1,NULL),(43,25.145,2021,1,'2021-06-06 15:25:00','2021-06-06 15:25:00',43,1,NULL),(44,34.577,2021,1,'2021-06-06 15:25:00','2021-06-06 15:25:00',44,1,NULL),(45,25.716,2021,1,'2021-06-06 15:25:00','2021-06-06 15:25:00',45,1,NULL),(46,19.700,2021,1,'2021-06-06 15:25:00','2021-06-06 15:25:00',46,1,NULL),(47,0.000,2021,1,'2021-06-06 15:25:00','2021-06-06 15:25:00',47,1,NULL),(48,0.000,2021,1,'2021-06-06 15:25:00','2021-06-06 15:25:00',48,1,NULL),(49,0.000,2021,1,'2021-06-06 15:25:00','2021-06-06 15:25:00',49,1,NULL),(50,1.610,2021,1,'2021-06-06 15:25:00','2021-06-06 15:25:00',50,1,NULL),(51,8.180,2021,1,'2021-06-06 15:25:00','2021-06-06 15:25:00',51,1,NULL),(52,2.840,2021,1,'2021-06-06 15:25:00','2021-06-06 15:25:00',52,1,NULL),(53,0.230,2021,1,'2021-06-06 15:25:00','2021-06-06 15:25:00',53,1,NULL),(54,0.280,2021,1,'2021-06-06 15:25:00','2021-06-06 15:25:00',54,1,NULL),(55,0.280,2021,1,'2021-06-06 15:25:00','2021-06-06 15:25:00',55,1,NULL),(56,33.884,2021,1,'2021-06-06 15:25:00','2021-06-06 15:25:00',56,1,NULL),(57,26.063,2021,1,'2021-06-06 15:25:00','2021-06-06 15:25:00',57,1,NULL),(58,26.800,2021,1,'2021-06-06 15:25:00','2021-06-06 15:25:00',58,1,NULL),(59,34.629,2021,1,'2021-06-06 15:25:00','2021-06-06 15:25:00',59,1,NULL),(60,28.396,2021,1,'2021-06-06 15:25:00','2021-06-06 15:25:00',60,1,NULL),(61,37.150,2021,1,'2021-06-06 15:25:00','2021-06-06 15:25:00',61,1,NULL),(62,31.449,2021,1,'2021-06-06 15:25:00','2021-06-06 15:25:00',62,1,NULL),(63,35.692,2021,1,'2021-06-06 15:25:00','2021-06-06 15:25:00',63,1,NULL),(64,29.613,2021,1,'2021-06-06 15:25:00','2021-06-06 15:25:00',64,1,NULL),(65,36.512,2021,1,'2021-06-06 15:25:00','2021-06-06 15:25:00',65,1,NULL),(66,30.606,2021,1,'2021-06-06 15:25:00','2021-06-06 15:25:00',66,1,NULL),(67,33.608,2021,1,'2021-06-06 15:25:00','2021-06-06 15:25:00',67,1,NULL),(68,24.152,2021,1,'2021-06-06 15:25:00','2021-06-06 15:25:00',68,1,NULL),(69,123.952,2021,1,'2021-06-06 15:25:00','2021-06-06 15:25:00',69,1,NULL),(70,52.759,2021,1,'2021-06-06 15:25:00','2021-06-06 15:25:00',70,1,NULL),(71,188.639,2021,1,'2021-06-06 15:25:00','2021-06-06 15:25:00',71,1,NULL),(72,81.968,2021,1,'2021-06-06 15:25:00','2021-06-06 15:25:00',72,1,NULL),(73,32.290,2021,1,'2021-06-06 15:25:00','2021-06-06 15:25:00',73,1,NULL),(74,29.310,2021,1,'2021-06-06 15:25:00','2021-06-06 15:25:00',74,1,NULL),(75,23.350,2021,1,'2021-06-06 15:25:00','2021-06-06 15:25:00',75,1,NULL),(76,172.630,2021,1,'2021-06-06 15:25:00','2021-06-06 15:25:00',76,1,NULL),(77,46.052,2021,1,'2021-06-06 15:25:00','2021-06-06 15:25:00',77,1,NULL),(78,33.532,2021,1,'2021-06-06 15:25:00','2021-06-06 15:25:00',78,1,NULL),(79,5.092,2021,1,'2021-06-06 15:25:00','2021-06-06 15:25:00',79,1,NULL),(80,33.360,2021,1,'2021-06-06 15:25:00','2021-06-06 15:25:00',80,1,NULL),(81,100.378,2021,1,'2021-06-06 15:25:00','2021-06-06 15:25:00',81,1,NULL),(82,77.880,2021,1,'2021-06-06 15:25:00','2021-06-06 15:25:00',82,1,NULL),(83,668.580,2021,1,'2021-06-06 15:25:00','2021-06-06 15:25:00',83,1,NULL),(84,3.873,2021,1,'2021-06-06 15:25:00','2021-06-06 15:25:00',84,1,NULL),(85,33.130,2021,1,'2021-06-06 15:25:00','2021-06-06 15:25:00',85,1,NULL),(86,17.895,2021,1,'2021-06-06 15:25:00','2021-06-06 15:25:00',86,1,NULL),(87,17.127,2021,1,'2021-06-06 15:25:00','2021-06-06 15:25:00',87,1,NULL),(88,20.256,2021,1,'2021-06-06 15:25:00','2021-06-06 15:25:00',88,1,NULL),(89,24.326,2021,1,'2021-06-06 15:25:00','2021-06-06 15:25:00',89,1,NULL),(90,19.684,2021,1,'2021-06-06 15:25:00','2021-06-06 15:25:00',90,1,NULL),(91,27.501,2021,1,'2021-06-06 15:25:00','2021-06-06 15:25:00',91,1,NULL),(92,0.012,2021,1,'2021-06-06 15:25:00','2021-06-06 15:25:00',92,1,NULL),(93,6172.000,2021,1,'2021-06-06 15:25:00','2021-06-06 15:25:00',93,1,NULL),(94,14.620,2021,1,'2021-06-06 15:25:00','2021-06-06 15:25:00',94,1,NULL),(95,16.111,2021,1,'2021-06-06 15:25:00','2021-06-06 15:25:00',95,1,NULL),(96,32.915,2021,1,'2021-06-06 15:25:00','2021-06-06 15:25:00',96,1,NULL),(97,26.236,2021,1,'2021-06-06 15:25:00','2021-06-06 15:25:00',97,1,NULL),(98,32.840,2021,1,'2021-06-06 15:25:00','2021-06-06 15:25:00',98,1,NULL),(99,26.883,2021,1,'2021-06-06 15:25:00','2021-06-06 15:25:00',99,1,NULL),(100,33.064,2021,1,'2021-06-06 15:25:00','2021-06-06 15:25:00',100,1,NULL),(101,28.719,2021,1,'2021-06-06 15:25:00','2021-06-06 15:25:00',101,1,NULL),(102,25.590,2021,1,'2021-06-06 15:25:00','2021-06-06 15:25:00',102,1,NULL),(103,31.969,2021,1,'2021-06-06 15:25:00','2021-06-06 15:25:00',103,1,NULL),(104,34.380,2021,1,'2021-06-06 15:25:00','2021-06-06 15:25:00',104,1,NULL),(105,30.011,2021,1,'2021-06-06 15:25:00','2021-06-06 15:25:00',105,1,NULL),(106,29.093,2021,1,'2021-06-06 15:25:00','2021-06-06 15:25:00',106,1,NULL),(107,35.247,2021,1,'2021-06-06 15:25:00','2021-06-06 15:25:00',107,1,NULL),(108,37.080,2021,1,'2021-06-06 15:25:00','2021-06-06 15:25:00',108,1,NULL),(109,31.500,2021,1,'2021-06-06 15:25:00','2021-06-06 15:25:00',109,1,NULL),(110,3.100,2021,1,'2021-06-06 15:25:00','2021-06-06 15:25:00',110,1,NULL),(111,6.750,2021,1,'2021-06-06 15:25:00','2021-06-06 15:25:00',111,1,NULL),(112,87.000,2021,1,'2021-06-06 15:25:00','2021-06-06 15:25:00',112,1,NULL),(113,42.717,2021,1,'2021-06-06 15:25:00','2021-06-06 15:25:00',113,1,NULL),(114,36.216,2021,1,'2021-06-06 15:25:00','2021-06-06 15:25:00',114,1,NULL),(115,43.364,2021,1,'2021-06-06 15:25:00','2021-06-06 15:25:00',115,1,NULL),(116,40.310,2021,1,'2021-06-06 15:25:00','2021-06-06 15:25:00',116,1,NULL),(117,49.494,2021,1,'2021-06-06 15:25:00','2021-06-06 15:25:00',117,1,NULL),(118,42.640,2021,1,'2021-06-06 15:25:00','2021-06-06 15:25:00',118,1,NULL),(119,45.078,2021,1,'2021-06-06 15:25:00','2021-06-06 15:25:00',119,1,NULL),(120,38.175,2021,1,'2021-06-06 15:25:00','2021-06-06 15:25:00',120,1,NULL),(121,39.710,2021,1,'2021-06-06 15:25:00','2021-06-06 15:25:00',121,1,NULL),(122,33.510,2021,1,'2021-06-06 15:25:00','2021-06-06 15:25:00',122,1,NULL),(123,25.913,2021,1,'2021-06-06 15:25:00','2021-06-06 15:25:00',123,1,NULL),(124,30.433,2021,1,'2021-06-06 15:25:00','2021-06-06 15:25:00',124,1,NULL),(125,29.637,2021,1,'2021-06-06 15:25:00','2021-06-06 15:25:00',125,1,NULL),(126,3.200,2021,1,'2021-06-06 15:25:00','2021-06-06 15:25:00',126,1,NULL),(127,7.040,2021,1,'2021-06-06 15:25:00','2021-06-06 15:25:00',127,1,NULL),(128,0.850,2021,1,'2021-06-06 15:25:00','2021-06-06 15:25:00',128,1,NULL),(129,1.950,2021,1,'2021-06-06 15:25:00','2021-06-06 15:25:00',129,1,NULL),(130,3.200,2021,1,'2021-06-06 15:25:00','2021-06-06 15:25:00',130,1,NULL),(131,5.720,2021,1,'2021-06-06 15:25:00','2021-06-06 15:25:00',131,1,NULL),(132,277.500,2021,1,'2021-06-06 15:25:00','2021-06-06 15:25:00',132,1,NULL),(133,8706.000,2021,1,'2021-06-06 15:25:00','2021-06-06 15:25:00',133,1,NULL),(134,1157.050,2021,1,'2021-06-06 15:25:00','2021-06-06 15:25:00',134,1,NULL),(135,12.410,2021,1,'2021-06-06 15:25:00','2021-06-06 15:25:00',135,1,NULL),(136,243.101,2021,1,'2021-06-06 15:25:00','2021-06-06 15:25:00',136,1,NULL),(137,3.040,2021,1,'2021-06-06 15:25:00','2021-06-06 15:25:00',137,1,NULL),(138,1835.680,2021,1,'2021-06-06 15:25:00','2021-06-06 15:25:00',138,1,NULL),(139,1835.680,2021,1,'2021-06-06 15:25:00','2021-06-06 15:25:00',139,1,NULL),(140,1384.150,2021,1,'2021-06-06 15:25:00','2021-06-25 16:56:37',140,1,NULL),(141,271.050,2021,1,'2021-06-06 15:25:00','2021-06-06 15:25:00',141,1,NULL),(142,2035.400,2021,1,'2021-06-06 15:25:00','2021-06-06 15:25:00',142,1,NULL),(143,2035.400,2021,1,'2021-06-06 15:25:00','2021-06-06 15:25:00',143,1,NULL),(144,3862.000,2021,1,'2021-06-06 15:25:00','2021-06-06 15:25:00',144,1,NULL),(145,5.960,2021,1,'2021-06-06 15:25:00','2021-06-06 15:25:00',145,1,NULL),(146,7137.000,2021,1,'2021-06-06 15:25:00','2021-06-06 15:25:00',146,1,NULL),(147,0.526,2021,1,'2021-06-06 15:25:00','2021-06-06 15:25:00',147,1,NULL),(148,0.503,2021,1,'2021-06-06 15:25:00','2021-06-06 15:25:00',148,1,NULL),(149,0.526,2021,1,'2021-06-06 15:25:00','2021-06-06 15:25:00',149,1,NULL),(150,0.526,2021,1,'2021-06-06 15:25:00','2021-06-06 15:25:00',150,1,NULL),(151,0.120,2021,1,'2021-06-06 15:25:00','2021-06-06 15:25:00',151,1,NULL),(152,32.000,2021,1,'2021-06-06 15:25:00','2021-06-06 15:25:00',152,1,NULL),(153,30.000,2021,1,'2021-06-06 15:25:00','2021-06-06 15:25:00',153,1,NULL),(154,26.000,2021,1,'2021-06-06 15:25:00','2021-06-06 15:25:00',154,1,NULL),(155,34.000,2021,1,'2021-06-06 15:25:00','2021-06-06 15:25:00',155,1,NULL),(156,0.526,2021,1,'2021-06-06 15:25:00','2021-06-06 15:25:00',156,1,NULL),(157,1907.750,2021,1,'2021-06-06 15:25:00','2021-06-06 15:25:00',157,1,NULL),(158,41.300,2021,1,'2021-06-06 15:25:00','2021-06-06 15:25:00',158,1,NULL),(159,0.526,2021,1,'2021-06-06 15:25:00','2021-06-06 15:25:00',159,1,NULL),(160,0.526,2021,1,'2021-06-06 15:25:00','2021-06-06 15:25:00',160,1,NULL),(161,0.059,2021,1,'2021-06-06 15:25:00','2021-06-06 15:25:00',161,1,NULL),(162,0.515,2021,1,'2021-06-06 15:25:00','2021-06-06 15:25:00',162,1,NULL),(163,0.526,2021,1,'2021-06-06 15:25:00','2021-06-06 15:25:00',163,1,NULL),(164,0.526,2021,1,'2021-06-06 15:25:00','2021-06-06 15:25:00',164,1,NULL),(165,0.007,2021,1,'2021-06-06 15:25:00','2021-06-06 15:25:00',165,1,NULL),(166,0.686,2021,1,'2021-06-06 15:25:00','2021-06-06 15:25:00',166,1,NULL),(167,0.070,2021,1,'2021-06-06 15:25:00','2021-06-06 15:25:00',167,1,NULL),(168,0.526,2021,1,'2021-06-06 15:25:00','2021-06-06 15:25:00',168,1,NULL),(169,8.688,2021,1,'2021-06-06 15:25:00','2021-06-06 15:25:00',169,1,NULL),(170,161.677,2021,1,'2021-06-06 15:25:00','2021-06-06 15:25:00',170,1,NULL),(171,13.700,2021,1,'2021-06-06 15:25:00','2021-06-06 15:25:00',171,1,NULL),(172,6.810,2021,1,'2021-06-06 15:25:00','2021-06-06 15:25:00',172,1,NULL),(173,1.540,2021,1,'2021-06-06 15:25:00','2021-06-06 15:25:00',173,1,NULL),(174,28.690,2021,1,'2021-06-06 15:25:00','2021-06-06 15:25:00',174,1,NULL),(175,16.900,2021,1,'2021-06-06 15:25:00','2021-06-06 15:25:00',175,1,NULL),(176,279.413,2021,1,'2021-06-06 15:25:00','2021-06-06 15:25:00',176,1,NULL),(177,26.680,2021,1,'2021-06-06 15:25:00','2021-06-06 15:25:00',177,1,NULL),(178,26.680,2021,1,'2021-06-06 15:25:00','2021-06-06 15:25:00',178,1,NULL),(179,45.540,2021,1,'2021-06-06 15:25:00','2021-06-06 15:25:00',179,1,NULL),(180,471.251,2021,1,'2021-06-06 15:25:00','2021-06-06 15:25:00',180,1,NULL),(181,119.146,2021,1,'2021-06-06 15:25:00','2021-06-06 15:25:00',181,1,NULL),(182,0.240,2021,1,'2021-06-06 15:25:00','2021-06-06 15:25:00',182,1,NULL),(183,744.660,2021,1,'2021-06-06 15:25:00','2021-06-06 15:25:00',183,1,NULL),(184,32.343,2021,1,'2021-06-06 15:25:00','2021-06-06 15:25:00',184,1,NULL),(185,29.416,2021,1,'2021-06-06 15:25:00','2021-06-06 15:25:00',185,1,NULL),(186,141.451,2021,1,'2021-06-06 15:25:00','2021-06-06 15:25:00',186,1,NULL),(187,9.870,2021,1,'2021-06-06 15:25:00','2021-06-06 15:25:00',187,1,NULL),(188,16.059,2021,1,'2021-06-06 15:25:00','2021-06-06 15:25:00',188,1,NULL),(189,15.465,2021,1,'2021-06-06 15:25:00','2021-06-06 15:25:00',189,1,NULL),(190,12.000,2021,1,'2021-06-06 15:25:00','2021-06-06 15:25:00',190,1,NULL),(191,1.242,2021,1,'2021-06-06 15:25:00','2021-06-06 15:25:00',191,1,NULL),(192,3.730,2021,1,'2021-06-06 15:25:00','2021-06-06 15:25:00',192,1,NULL),(193,102.760,2021,1,'2021-06-06 15:25:00','2021-06-06 15:25:00',193,1,NULL),(194,260.631,2021,1,'2021-06-06 15:25:00','2021-06-06 15:25:00',194,1,NULL),(195,285.453,2021,1,'2021-06-06 15:25:00','2021-06-06 15:25:00',195,1,NULL),(196,491.476,2021,1,'2021-06-06 15:25:00','2021-06-06 15:25:00',196,1,NULL),(197,119.146,2021,1,'2021-06-06 15:25:00','2021-06-06 15:25:00',197,1,NULL),(198,583.317,2021,1,'2021-06-06 15:25:00','2021-06-06 15:25:00',198,1,NULL),(199,65.237,2021,1,'2021-06-06 15:25:00','2021-06-06 15:25:00',199,1,NULL),(200,308.000,2021,1,'2021-06-06 15:25:00','2021-06-06 15:25:00',200,1,NULL),(201,354.000,2021,1,'2021-06-06 15:25:00','2021-06-06 15:25:00',201,1,NULL),(202,543.602,2021,1,'2021-06-06 15:25:00','2021-06-06 15:25:00',202,1,NULL),(203,10.430,2021,1,'2021-06-06 15:25:00','2021-06-06 15:25:00',203,1,NULL),(204,0.299,2021,1,'2021-06-06 15:25:00','2021-06-06 15:25:00',204,1,NULL),(205,0.040,2021,1,'2021-06-06 15:25:00','2021-06-06 15:25:00',205,1,NULL),(206,0.040,2021,1,'2021-06-06 15:25:00','2021-06-06 15:25:00',206,1,NULL),(207,0.020,2021,1,'2021-06-06 15:25:00','2021-06-06 15:25:00',207,1,NULL),(208,21.570,2021,1,'2021-06-06 15:25:00','2021-06-06 15:25:00',208,1,NULL),(209,34.770,2021,1,'2021-06-06 15:25:00','2021-06-06 15:25:00',209,1,NULL),(210,16.350,2021,1,'2021-06-06 15:25:00','2021-06-06 15:25:00',210,1,NULL),(211,55.300,2021,1,'2021-06-06 15:25:00','2021-06-06 15:25:00',211,1,NULL),(212,17.770,2021,1,'2021-06-06 15:25:00','2021-06-06 15:25:00',212,1,NULL),(213,21.843,2021,1,'2021-06-06 15:25:00','2021-06-06 15:25:00',213,1,NULL),(214,10.990,2021,1,'2021-06-06 15:25:00','2021-06-06 15:25:00',214,1,NULL),(215,24.203,2021,1,'2021-06-06 15:25:00','2021-06-06 15:25:00',215,1,NULL),(216,44.100,2021,1,'2021-06-06 15:25:00','2021-06-06 15:25:00',216,1,NULL),(217,14.870,2021,1,'2021-06-06 15:25:00','2021-06-06 15:25:00',217,1,NULL),(218,41.874,2021,1,'2021-06-06 15:25:00','2021-06-06 15:25:00',218,1,NULL),(219,35.819,2021,1,'2021-06-06 15:25:00','2021-06-06 15:25:00',219,1,NULL),(220,35.074,2021,1,'2021-06-06 15:25:00','2021-06-06 15:25:00',220,1,NULL),(221,33.037,2021,1,'2021-06-06 15:25:00','2021-06-06 15:25:00',221,1,NULL),(222,28.943,2021,1,'2021-06-06 15:25:00','2021-06-06 15:25:00',222,1,NULL),(223,24.570,2021,1,'2021-06-06 15:25:00','2021-06-06 15:25:00',223,1,NULL),(224,28.540,2021,1,'2021-06-06 15:25:00','2021-06-06 15:25:00',224,1,NULL),(225,38.640,2021,1,'2021-06-06 15:25:00','2021-06-06 15:25:00',225,1,NULL),(226,25.490,2021,1,'2021-06-06 15:25:00','2021-06-06 15:25:00',226,1,NULL),(227,30.232,2021,1,'2021-06-06 15:25:00','2021-06-06 15:25:00',227,1,NULL),(228,24.510,2021,1,'2021-06-06 15:25:00','2021-06-06 15:25:00',228,1,NULL),(229,39.443,2021,1,'2021-06-06 15:25:00','2021-06-06 15:25:00',229,1,NULL),(230,34.306,2021,1,'2021-06-06 15:25:00','2021-06-06 15:25:00',230,1,NULL),(231,36.390,2021,1,'2021-06-06 15:25:00','2021-06-06 15:25:00',231,1,NULL),(232,27.870,2021,1,'2021-06-06 15:25:00','2021-06-06 15:25:00',232,1,NULL),(233,46.020,2021,1,'2021-06-06 15:25:00','2021-06-06 15:25:00',233,1,NULL),(234,7.440,2021,1,'2021-06-06 15:25:00','2021-06-06 15:25:00',234,1,NULL),(235,26.625,2021,1,'2021-06-06 15:25:00','2021-06-06 15:25:00',235,1,NULL),(236,0.646,2021,1,'2021-06-06 15:25:00','2021-06-06 15:25:00',236,1,NULL),(237,0.693,2021,1,'2021-06-06 15:25:00','2021-06-06 15:25:00',237,1,NULL),(238,0.199,2021,1,'2021-06-06 15:25:00','2021-06-06 15:25:00',238,1,NULL),(239,0.473,2021,1,'2021-06-06 15:25:00','2021-06-06 15:25:00',239,1,NULL),(240,23.707,2021,1,'2021-06-06 15:25:00','2021-06-06 15:25:00',240,1,NULL),(241,36.980,2021,1,'2021-06-06 15:25:00','2021-06-06 15:25:00',241,1,NULL),(242,42.966,2021,1,'2021-06-06 15:25:00','2021-06-06 15:25:00',242,1,NULL),(243,13.900,2021,1,'2021-06-06 15:25:00','2021-06-06 15:25:00',243,1,NULL),(244,17.872,2021,1,'2021-06-06 15:25:00','2021-06-06 15:25:00',244,1,NULL),(245,23.581,2021,1,'2021-06-06 15:25:00','2021-06-06 15:25:00',245,1,NULL),(246,20.959,2021,1,'2021-06-06 15:25:00','2021-06-06 15:25:00',246,1,NULL),(247,38.808,2021,1,'2021-06-06 15:25:00','2021-06-06 15:25:00',247,1,NULL),(248,91.593,2021,1,'2021-06-06 15:25:00','2021-06-06 15:25:00',248,1,NULL),(249,0.000,2021,1,'2021-06-06 15:25:00','2021-06-06 15:25:00',249,1,NULL),(250,21.595,2021,1,'2021-06-06 15:25:00','2021-06-06 15:25:00',250,1,NULL),(251,10.450,2021,1,'2021-06-06 15:25:00','2021-06-06 15:25:00',251,1,NULL),(252,0.299,2021,1,'2021-06-06 15:25:00','2021-06-06 15:25:00',252,1,NULL),(253,70.750,2021,1,'2021-06-06 15:25:00','2021-06-06 15:25:00',253,1,NULL),(254,9.432,2021,1,'2021-06-06 15:25:00','2021-06-06 15:25:00',254,1,NULL),(255,85.520,2021,1,'2021-06-06 15:25:00','2021-06-06 15:25:00',255,1,NULL),(256,73.850,2021,1,'2021-06-06 15:25:00','2021-06-06 15:25:00',256,1,NULL),(257,24.077,2021,1,'2021-06-06 15:25:00','2021-06-06 15:25:00',257,1,NULL),(258,13.652,2021,1,'2021-06-06 15:25:00','2021-06-06 15:25:00',258,1,NULL),(259,69.820,2021,1,'2021-06-06 15:25:00','2021-06-06 15:25:00',259,1,NULL),(260,62.055,2021,1,'2021-06-06 15:25:00','2021-06-06 15:25:00',260,1,NULL),(261,29.562,2021,1,'2021-06-06 15:25:00','2021-06-06 15:25:00',261,1,NULL),(262,0.398,2021,1,'2021-06-06 15:25:00','2021-06-06 15:25:00',262,1,NULL),(263,2.482,2021,1,'2021-06-06 15:25:00','2021-06-06 15:25:00',263,1,NULL),(264,0.300,2021,1,'2021-06-06 15:25:00','2021-06-06 15:25:00',264,1,NULL),(265,151.414,2021,1,'2021-06-06 15:25:00','2021-06-06 15:25:00',265,1,NULL),(266,15.390,2021,1,'2021-06-06 15:25:00','2021-06-06 15:25:00',266,1,NULL),(267,148.932,2021,1,'2021-06-06 15:25:00','2021-06-06 15:25:00',267,1,NULL),(268,193.620,2021,1,'2021-06-06 15:25:00','2021-06-06 15:25:00',268,1,NULL),(269,88.615,2021,1,'2021-06-06 15:25:00','2021-06-06 15:25:00',269,1,NULL),(270,0.191,2021,1,'2021-06-06 15:25:00','2021-06-06 15:25:00',270,1,NULL),(271,25.965,2021,1,'2021-06-06 15:25:00','2021-06-06 15:25:00',271,1,NULL),(272,223.398,2021,1,'2021-06-06 15:25:00','2021-06-06 15:25:00',272,1,NULL),(273,223.398,2021,1,'2021-06-06 15:25:00','2021-06-06 15:25:00',273,1,NULL),(274,285.453,2021,1,'2021-06-06 15:25:00','2021-06-06 15:25:00',274,1,NULL),(275,223.390,2021,1,'2021-06-06 15:25:00','2021-06-06 15:25:00',275,1,NULL),(276,161.340,2021,1,'2021-06-06 15:25:00','2021-06-06 15:25:00',276,1,NULL),(277,64.040,2021,1,'2021-06-06 15:25:00','2021-06-06 15:25:00',277,1,NULL),(278,9.432,2021,1,'2021-06-06 15:25:00','2021-06-06 15:25:00',278,1,NULL),(279,49.644,2021,1,'2021-06-06 15:25:00','2021-06-06 15:25:00',279,1,NULL),(280,364.883,2021,1,'2021-06-06 15:25:00','2021-06-06 15:25:00',280,1,NULL),(281,364.883,2021,1,'2021-06-06 15:25:00','2021-06-06 15:25:00',281,1,NULL),(282,110.460,2021,1,'2021-06-06 15:25:00','2021-06-06 15:25:00',282,1,NULL),(283,148.932,2021,1,'2021-06-06 15:25:00','2021-06-06 15:25:00',283,1,NULL),(284,27.304,2021,1,'2021-06-06 15:25:00','2021-06-06 15:25:00',284,1,NULL),(285,193.612,2021,1,'2021-06-06 15:25:00','2021-06-06 15:25:00',285,1,NULL),(286,418.037,2021,1,'2021-06-06 15:25:00','2021-06-06 15:25:00',286,1,NULL),(287,0.240,2021,1,'2021-06-06 15:25:00','2021-06-06 15:25:00',287,1,NULL),(288,1.870,2021,1,'2021-06-06 15:25:00','2021-06-06 15:25:00',288,1,NULL),(289,2.290,2021,1,'2021-06-06 15:25:00','2021-06-06 15:25:00',289,1,NULL),(290,1.560,2021,1,'2021-06-06 15:25:00','2021-06-06 15:25:00',290,1,NULL),(291,61.810,2021,1,'2021-06-06 15:25:00','2021-06-06 15:25:00',291,1,NULL),(292,12.510,2021,1,'2021-06-06 15:25:00','2021-06-06 15:25:00',292,1,NULL),(293,4700.000,2021,1,'2021-06-06 15:25:00','2021-06-06 15:25:00',293,1,NULL),(294,5.819,2021,1,'2021-06-06 15:25:00','2021-06-06 15:25:00',294,1,NULL),(295,24.210,2021,1,'2021-06-06 15:25:00','2021-06-06 15:25:00',295,1,NULL),(296,78.761,2021,1,'2021-06-06 15:25:00','2021-06-06 15:25:00',296,1,NULL),(297,34.231,2021,1,'2021-06-06 15:25:00','2021-06-06 15:25:00',297,1,NULL),(298,1921.223,2021,1,'2021-06-06 15:25:00','2021-06-06 15:25:00',298,1,NULL),(299,1792.148,2021,1,'2021-06-06 15:25:00','2021-06-06 15:25:00',299,1,NULL),(300,2978.640,2021,1,'2021-06-06 15:25:00','2021-06-06 15:25:00',300,1,NULL),(301,1.810,2021,1,'2021-06-06 15:25:00','2021-06-06 15:25:00',301,1,NULL),(302,1.200,2021,1,'2021-06-06 15:25:00','2021-06-06 15:25:00',302,1,NULL),(303,1.738,2021,1,'2021-06-06 15:25:00','2021-06-06 15:25:00',303,1,NULL),(304,50.506,2021,1,'2021-06-06 15:25:00','2021-06-06 15:25:00',304,1,NULL),(305,1.206,2021,1,'2021-06-06 15:25:00','2021-06-06 15:25:00',305,1,NULL),(306,1.206,2021,1,'2021-06-06 15:25:00','2021-06-06 15:25:00',306,1,NULL),(307,0.620,2021,1,'2021-06-06 15:25:00','2021-06-06 15:25:00',307,1,NULL),(308,0.620,2021,1,'2021-06-06 15:25:00','2021-06-06 15:25:00',308,1,NULL),(309,1.206,2021,1,'2021-06-06 15:25:00','2021-06-06 15:25:00',309,1,NULL),(310,1.206,2021,1,'2021-06-06 15:25:00','2021-06-06 15:25:00',310,1,NULL),(311,63.910,2021,1,'2021-06-06 15:25:00','2021-06-06 15:25:00',311,1,NULL),(312,38.830,2021,1,'2021-06-06 15:25:00','2021-06-06 15:25:00',312,1,NULL),(313,71.480,2021,1,'2021-06-06 15:25:00','2021-06-06 15:25:00',313,1,NULL),(314,71.480,2021,1,'2021-06-06 15:25:00','2021-06-06 15:25:00',314,1,NULL),(315,2050.147,2021,1,'2021-06-06 15:25:00','2021-06-06 15:25:00',315,1,NULL),(316,0.526,2021,1,'2021-06-06 15:25:00','2021-06-06 15:25:00',316,1,NULL),(317,23.970,2021,1,'2021-06-06 15:25:00','2021-06-06 15:25:00',317,1,NULL),(318,19.330,2021,1,'2021-06-06 15:25:00','2021-06-06 15:25:00',318,1,NULL),(319,50.239,2021,1,'2021-06-06 15:25:00','2021-06-06 15:25:00',319,1,NULL),(320,50.239,2021,1,'2021-06-06 15:25:00','2021-06-06 15:25:00',320,1,NULL),(321,0.526,2021,1,'2021-06-06 15:25:00','2021-06-06 15:25:00',321,1,NULL),(322,0.526,2021,1,'2021-06-06 15:25:00','2021-06-06 15:25:00',322,1,NULL),(323,0.526,2021,1,'2021-06-06 15:25:00','2021-06-06 15:25:00',323,1,NULL),(324,0.526,2021,1,'2021-06-06 15:25:00','2021-06-06 15:25:00',324,1,NULL),(325,0.526,2021,1,'2021-06-06 15:25:00','2021-06-06 15:25:00',325,1,NULL),(326,0.526,2021,1,'2021-06-06 15:25:00','2021-06-06 15:25:00',326,1,NULL),(327,0.515,2021,1,'2021-06-06 15:25:00','2021-06-06 15:25:00',327,1,NULL),(328,5.587,2021,1,'2021-06-06 15:25:00','2021-06-06 15:25:00',328,1,NULL),(329,908.160,2021,1,'2021-06-06 15:25:00','2021-06-06 15:25:00',329,1,NULL),(330,279.537,2021,1,'2021-06-06 15:25:00','2021-06-06 15:25:00',330,1,NULL),(331,0.870,2021,1,'2021-06-06 15:25:00','2021-06-06 15:25:00',331,1,NULL),(332,7.049,2021,1,'2021-06-06 15:25:00','2021-06-06 15:25:00',332,1,NULL),(333,86.877,2021,1,'2021-06-06 15:25:00','2021-06-06 15:25:00',333,1,NULL),(334,85.830,2021,1,'2021-06-06 15:25:00','2021-06-06 15:25:00',334,1,NULL),(335,42.272,2021,1,'2021-06-06 15:25:00','2021-06-06 15:25:00',335,1,NULL),(336,12.820,2021,1,'2021-06-06 15:25:00','2021-06-06 15:25:00',336,1,NULL),(337,37.607,2021,1,'2021-06-06 15:25:00','2021-06-06 15:25:00',337,1,NULL),(338,135.603,2021,1,'2021-06-06 15:25:00','2021-06-06 15:25:00',338,1,NULL),(339,438.731,2021,1,'2021-06-06 15:25:00','2021-06-06 15:25:00',339,1,NULL),(340,170.678,2021,1,'2021-06-06 15:25:00','2021-06-06 15:25:00',340,1,NULL),(341,302.448,2021,1,'2021-06-06 15:25:00','2021-06-06 15:25:00',341,1,NULL),(342,271.050,2021,1,'2021-06-06 15:25:00','2021-06-06 15:25:00',342,1,NULL),(343,89.680,2021,1,'2021-06-06 15:25:00','2021-06-06 15:25:00',343,1,NULL),(344,384.840,2021,1,'2021-06-06 15:25:00','2021-06-06 15:25:00',344,1,NULL),(345,73.225,2021,1,'2021-06-06 15:25:00','2021-06-06 15:25:00',345,1,NULL),(346,73.225,2021,1,'2021-06-06 15:25:00','2021-06-06 15:25:00',346,1,NULL),(347,55.700,2021,1,'2021-06-06 15:25:00','2021-06-06 15:25:00',347,1,NULL),(348,25.070,2021,1,'2021-06-06 15:25:00','2021-06-06 15:25:00',348,1,NULL),(349,0.526,2021,1,'2021-06-06 15:25:00','2021-06-06 15:25:00',349,1,NULL),(350,0.526,2021,1,'2021-06-06 15:25:00','2021-06-06 15:25:00',350,1,NULL),(351,0.526,2021,1,'2021-06-06 15:25:00','2021-06-06 15:25:00',351,1,NULL),(352,1.000,2021,1,'2021-06-06 15:25:00','2021-06-06 15:25:00',352,1,NULL),(353,0.240,2021,1,'2021-06-06 15:25:00','2021-06-06 15:25:00',353,1,NULL),(354,0.030,2021,1,'2021-06-06 15:25:00','2021-06-06 15:25:00',354,1,NULL),(355,0.515,2021,1,'2021-06-06 15:25:00','2021-06-06 15:25:00',355,1,NULL),(356,0.630,2021,1,'2021-06-06 15:25:00','2021-06-06 15:25:00',356,1,NULL),(357,0.515,2021,1,'2021-06-06 15:25:00','2021-06-06 15:25:00',357,1,NULL),(358,0.550,2021,1,'2021-06-06 15:25:00','2021-06-06 15:25:00',358,1,NULL),(359,0.042,2021,1,'2021-06-06 15:25:00','2021-06-06 15:25:00',359,1,NULL),(360,0.160,2021,1,'2021-06-06 15:25:00','2021-06-06 15:25:00',360,1,NULL),(361,0.070,2021,1,'2021-06-06 15:25:00','2021-06-06 15:25:00',361,1,NULL),(362,0.270,2021,1,'2021-06-06 15:25:00','2021-06-06 15:25:00',362,1,NULL),(363,0.526,2021,1,'2021-06-06 15:25:00','2021-06-06 15:25:00',363,1,NULL),(364,0.820,2021,1,'2021-06-06 15:25:00','2021-06-06 15:25:00',364,1,NULL),(365,0.140,2021,1,'2021-06-06 15:25:00','2021-06-06 15:25:00',365,1,NULL),(366,1963.000,2021,1,'2021-06-06 15:25:00','2021-06-06 15:25:00',366,1,NULL),(367,2.400,2021,1,'2021-06-06 15:25:00','2021-06-06 15:25:00',367,1,NULL),(368,1.090,2021,1,'2021-06-06 15:25:00','2021-06-06 15:25:00',368,1,NULL),(369,1.810,2021,1,'2021-06-06 15:25:00','2021-06-06 15:25:00',369,1,NULL),(370,1.810,2021,1,'2021-06-06 15:25:00','2021-06-06 15:25:00',370,1,NULL),(371,3.470,2021,1,'2021-06-06 15:25:00','2021-06-06 15:25:00',371,1,NULL),(372,1.580,2021,1,'2021-06-06 15:25:00','2021-06-06 15:25:00',372,1,NULL),(373,7.050,2021,1,'2021-06-06 15:25:00','2021-06-06 15:25:00',373,1,NULL),(374,9.113,2021,1,'2021-06-06 15:25:00','2021-06-06 15:25:00',374,1,NULL),(375,4.700,2021,1,'2021-06-06 15:25:00','2021-06-06 15:25:00',375,1,NULL),(376,30.954,2021,1,'2021-06-06 15:25:00','2021-06-06 15:25:00',376,1,NULL),(377,26.749,2021,1,'2021-06-06 15:25:00','2021-06-06 15:25:00',377,1,NULL),(378,274.759,2021,1,'2021-06-06 15:25:00','2021-06-06 15:25:00',378,1,NULL),(379,246.856,2021,1,'2021-06-06 15:25:00','2021-06-06 15:25:00',379,1,NULL),(380,554.000,2021,1,'2021-06-06 15:25:00','2021-06-06 15:25:00',380,1,NULL),(381,21.940,2021,1,'2021-06-06 15:25:00','2021-06-06 15:25:00',381,1,NULL),(382,521.459,2021,1,'2021-06-06 15:25:00','2021-06-06 15:25:00',382,1,NULL),(383,546.632,2021,1,'2021-06-06 15:25:00','2021-06-06 15:25:00',383,1,NULL),(384,31.290,2021,1,'2021-06-06 15:25:00','2021-06-06 15:25:00',384,1,NULL),(385,33.908,2021,1,'2021-06-06 15:25:00','2021-06-06 15:25:00',385,1,NULL),(386,32.044,2021,1,'2021-06-06 15:25:00','2021-06-06 15:25:00',386,1,NULL),(387,0.000,2021,1,'2021-06-06 15:25:00','2021-06-06 15:25:00',387,1,NULL),(388,398.225,2021,1,'2021-06-06 15:25:00','2021-06-06 15:25:00',388,1,NULL),(389,79.644,2021,1,'2021-06-06 15:25:00','2021-06-06 15:25:00',389,1,NULL),(390,186.160,2021,1,'2021-06-06 15:25:00','2021-06-06 15:25:00',390,1,NULL),(391,203.550,2021,1,'2021-06-06 15:25:00','2021-06-06 15:25:00',391,1,NULL),(392,162.592,2021,1,'2021-06-06 15:25:00','2021-06-06 15:25:00',392,1,NULL),(393,48.627,2021,1,'2021-06-06 15:25:00','2021-06-06 15:25:00',393,1,NULL),(394,171.272,2021,1,'2021-06-06 15:25:00','2021-06-06 15:25:00',394,1,NULL),(395,268.078,2021,1,'2021-06-06 15:25:00','2021-06-06 15:25:00',395,1,NULL),(396,0.000,2021,1,'2021-06-06 15:25:00','2021-06-06 15:25:00',396,1,NULL),(397,125.100,2021,1,'2021-06-06 15:25:00','2021-06-06 15:25:00',397,1,NULL),(398,96.506,2021,1,'2021-06-06 15:25:00','2021-06-06 15:25:00',398,1,NULL),(399,0.894,2021,1,'2021-06-06 15:25:00','2021-06-06 15:25:00',399,1,NULL),(403,0.000,2022,1,'2022-01-08 17:08:24','2022-01-09 11:12:50',1,12,'81bbec7d63377535'),(404,0.000,2022,1,'2022-01-08 17:08:24','2022-01-09 11:12:50',2,12,'81bbec7d63377535'),(405,38.620,2022,1,'2022-01-08 17:08:24','2022-01-09 11:12:50',487,12,'81bbec7d63377535'),(406,1.030,2022,1,'2022-01-08 17:08:24','2022-01-09 11:12:50',3,12,'81bbec7d63377535'),(407,7.350,2022,1,'2022-01-08 17:08:24','2022-01-09 11:12:50',488,12,'81bbec7d63377535'),(408,1.960,2022,1,'2022-01-08 17:08:24','2022-07-27 14:54:49',4,12,'81bbec7d63377535'),(409,5.960,2022,1,'2022-01-08 17:08:24','2022-01-09 11:12:50',5,12,'81bbec7d63377535'),(410,5.880,2022,1,'2022-01-08 17:08:24','2022-01-09 11:12:50',6,12,'81bbec7d63377535'),(411,99.460,2022,1,'2022-01-08 17:08:24','2022-01-09 11:12:50',7,12,'81bbec7d63377535'),(412,3.350,2022,1,'2022-01-08 17:08:24','2022-01-09 11:12:50',8,12,'81bbec7d63377535'),(413,7.370,2022,1,'2022-01-08 17:08:24','2022-01-09 11:12:50',9,12,'81bbec7d63377535'),(414,0.900,2022,1,'2022-01-08 17:08:24','2022-01-09 11:12:50',10,12,'81bbec7d63377535'),(415,22.130,2022,1,'2022-01-08 17:08:24','2022-01-09 11:12:50',11,12,'81bbec7d63377535'),(416,90.580,2022,1,'2022-01-08 17:08:24','2022-01-09 11:12:50',12,12,'81bbec7d63377535'),(417,3.230,2022,1,'2022-01-08 17:08:24','2022-01-09 11:12:50',13,12,'81bbec7d63377535'),(418,3.230,2022,1,'2022-01-08 17:08:24','2022-01-09 11:12:50',14,12,'81bbec7d63377535'),(419,3.230,2022,1,'2022-01-08 17:08:24','2022-01-09 11:12:50',15,12,'81bbec7d63377535'),(420,0.000,2022,1,'2022-01-08 17:08:24','2022-01-09 11:12:50',16,12,'81bbec7d63377535'),(421,6.180,2022,1,'2022-01-08 17:08:24','2022-01-09 11:12:50',17,12,'81bbec7d63377535'),(422,24.620,2022,1,'2022-01-08 17:08:24','2022-01-09 11:12:50',18,12,'81bbec7d63377535'),(423,10.570,2022,1,'2022-01-08 17:08:24','2022-01-09 11:12:50',489,12,'81bbec7d63377535'),(424,29.500,2022,1,'2022-01-08 17:08:24','2022-01-09 11:12:50',490,12,'81bbec7d63377535'),(425,6.240,2022,1,'2022-01-08 17:08:24','2022-01-09 11:12:50',19,12,'81bbec7d63377535'),(426,49.140,2022,1,'2022-01-08 17:08:24','2022-01-09 11:12:50',20,12,'81bbec7d63377535'),(427,24.220,2022,1,'2022-01-08 17:08:24','2022-01-09 11:12:50',491,12,'81bbec7d63377535'),(428,20.550,2022,1,'2022-01-08 17:08:24','2022-01-09 11:12:50',492,12,'81bbec7d63377535'),(429,545.440,2022,1,'2022-01-08 17:08:24','2022-01-09 11:12:50',21,12,'81bbec7d63377535'),(430,37.880,2022,1,'2022-01-08 17:08:24','2022-01-09 11:12:50',493,12,'81bbec7d63377535'),(431,36.800,2022,1,'2022-01-08 17:08:24','2022-01-09 11:12:50',22,12,'81bbec7d63377535'),(432,36.800,2022,1,'2022-01-08 17:08:24','2022-01-09 11:12:50',23,12,'81bbec7d63377535'),(433,36.800,2022,1,'2022-01-08 17:08:24','2022-01-09 11:12:50',24,12,'81bbec7d63377535'),(434,36.900,2022,1,'2022-01-08 17:08:24','2022-01-09 11:12:50',25,12,'81bbec7d63377535'),(435,36.900,2022,1,'2022-01-08 17:08:24','2022-01-09 11:12:50',26,12,'81bbec7d63377535'),(436,36.900,2022,1,'2022-01-08 17:08:24','2022-01-09 11:12:50',27,12,'81bbec7d63377535'),(437,0.000,2022,1,'2022-01-08 17:08:24','2022-01-09 11:12:50',28,12,'81bbec7d63377535'),(438,8.840,2022,1,'2022-01-08 17:08:24','2022-01-09 11:12:50',29,12,'81bbec7d63377535'),(439,342.870,2022,1,'2022-01-08 17:08:24','2022-01-09 11:12:50',30,12,'81bbec7d63377535'),(440,13.930,2022,1,'2022-01-08 17:08:24','2022-08-02 13:52:42',494,12,'81bbec7d63377535'),(441,1.760,2022,1,'2022-01-08 17:08:24','2022-07-27 14:24:43',495,12,'81bbec7d63377535'),(442,0.850,2022,1,'2022-01-08 17:08:24','2022-01-09 11:12:50',496,12,'81bbec7d63377535'),(443,22.860,2022,1,'2022-01-08 17:08:24','2022-01-09 11:12:50',497,12,'81bbec7d63377535'),(444,5.390,2022,1,'2022-01-08 17:08:24','2022-01-09 11:12:50',31,12,'81bbec7d63377535'),(445,5.160,2022,1,'2022-01-08 17:08:24','2022-01-09 11:12:50',32,12,'81bbec7d63377535'),(446,3.740,2022,1,'2022-01-08 17:08:24','2022-01-09 11:12:50',33,12,'81bbec7d63377535'),(447,5.050,2022,1,'2022-01-08 17:08:24','2022-01-09 11:12:50',34,12,'81bbec7d63377535'),(448,5.020,2022,1,'2022-01-08 17:08:24','2022-01-09 11:12:50',35,12,'81bbec7d63377535'),(449,2.950,2022,1,'2022-01-08 17:08:24','2022-01-09 11:12:50',36,12,'81bbec7d63377535'),(450,22.460,2022,1,'2022-01-08 17:08:24','2022-01-09 11:12:50',498,12,'81bbec7d63377535'),(451,16.650,2022,1,'2022-01-08 17:08:24','2022-01-09 11:12:50',37,12,'81bbec7d63377535'),(452,36.560,2022,1,'2022-01-08 17:08:24','2022-01-09 11:12:50',38,12,'81bbec7d63377535'),(453,26.410,2022,1,'2022-01-08 17:08:24','2022-01-09 11:12:50',39,12,'81bbec7d63377535'),(454,27.680,2022,1,'2022-01-08 17:08:24','2022-01-09 11:12:50',41,12,'81bbec7d63377535'),(455,27.130,2022,1,'2022-01-08 17:08:24','2022-01-09 11:12:50',499,12,'81bbec7d63377535'),(456,35.970,2022,1,'2022-01-08 17:08:24','2022-01-09 11:12:50',42,12,'81bbec7d63377535'),(457,26.160,2022,1,'2022-01-08 17:08:24','2022-01-09 11:12:50',43,12,'81bbec7d63377535'),(458,35.970,2022,1,'2022-01-08 17:08:24','2022-01-09 11:12:50',44,12,'81bbec7d63377535'),(459,26.730,2022,1,'2022-01-08 17:08:24','2022-01-09 11:12:50',45,12,'81bbec7d63377535'),(460,24.800,2022,1,'2022-01-08 17:08:24','2022-01-09 11:12:50',46,12,'81bbec7d63377535'),(461,81.130,2022,1,'2022-01-08 17:08:24','2022-01-09 11:12:50',47,12,'81bbec7d63377535'),(462,89.500,2022,1,'2022-01-08 17:08:24','2022-01-09 11:12:50',48,12,'81bbec7d63377535'),(463,29.500,2022,1,'2022-01-08 17:08:24','2022-01-09 11:12:50',49,12,'81bbec7d63377535'),(464,15.630,2022,1,'2022-01-08 17:08:24','2022-01-09 11:12:50',500,12,'81bbec7d63377535'),(465,1.820,2022,1,'2022-01-08 17:08:24','2022-07-27 14:18:16',50,12,'81bbec7d63377535'),(466,9.160,2022,1,'2022-01-08 17:08:24','2022-07-27 14:18:32',51,12,'81bbec7d63377535'),(467,0.270,2022,1,'2022-01-08 17:08:24','2022-07-27 14:15:47',53,12,'81bbec7d63377535'),(468,0.320,2022,1,'2022-01-08 17:08:24','2022-07-27 14:16:05',54,12,'81bbec7d63377535'),(469,0.320,2022,1,'2022-01-08 17:08:24','2022-07-27 14:14:16',55,12,'81bbec7d63377535'),(470,12.140,2022,1,'2022-01-08 17:08:24','2022-01-09 11:12:50',501,12,'81bbec7d63377535'),(471,35.250,2022,1,'2022-01-08 17:08:24','2022-01-09 11:12:50',56,12,'81bbec7d63377535'),(472,27.870,2022,1,'2022-01-08 17:08:24','2022-01-09 11:12:50',58,12,'81bbec7d63377535'),(473,38.650,2022,1,'2022-01-08 17:08:24','2022-01-09 11:12:50',61,12,'81bbec7d63377535'),(474,37.130,2022,1,'2022-01-08 17:08:24','2022-01-09 11:12:50',63,12,'81bbec7d63377535'),(475,30.800,2022,1,'2022-01-08 17:08:24','2022-01-09 11:12:50',64,12,'81bbec7d63377535'),(476,36.510,2022,1,'2022-01-08 17:08:24','2022-01-09 11:12:50',65,12,'81bbec7d63377535'),(477,37.980,2022,1,'2022-01-08 17:08:24','2022-01-09 11:12:50',66,12,'81bbec7d63377535'),(478,34.950,2022,1,'2022-01-08 17:08:24','2022-01-09 11:12:50',67,12,'81bbec7d63377535'),(479,25.120,2022,1,'2022-01-08 17:08:24','2022-01-09 11:12:50',68,12,'81bbec7d63377535'),(480,0.000,2022,1,'2022-01-08 17:08:25','2022-01-09 11:12:50',69,12,'81bbec7d63377535'),(481,0.000,2022,1,'2022-01-08 17:08:25','2022-01-09 11:12:50',70,12,'81bbec7d63377535'),(482,204.700,2022,1,'2022-01-08 17:08:25','2022-01-09 11:12:50',71,12,'81bbec7d63377535'),(483,97.360,2022,1,'2022-01-08 17:08:25','2022-01-09 11:12:50',72,12,'81bbec7d63377535'),(484,38.350,2022,1,'2022-01-08 17:08:25','2022-01-09 11:12:50',73,12,'81bbec7d63377535'),(485,34.800,2022,1,'2022-01-08 17:08:25','2022-01-09 11:12:50',74,12,'81bbec7d63377535'),(486,27.740,2022,1,'2022-01-08 17:08:25','2022-01-09 11:12:50',75,12,'81bbec7d63377535'),(487,205.040,2022,1,'2022-01-08 17:08:25','2022-01-09 11:12:50',76,12,'81bbec7d63377535'),(488,61.950,2022,1,'2022-01-08 17:08:25','2022-01-09 11:12:50',77,12,'81bbec7d63377535'),(489,39.830,2022,1,'2022-01-08 17:08:25','2022-01-09 11:12:50',78,12,'81bbec7d63377535'),(490,5.300,2022,1,'2022-01-08 17:08:25','2022-01-09 11:12:50',79,12,'81bbec7d63377535'),(491,34.700,2022,1,'2022-01-08 17:08:25','2022-01-09 11:12:50',80,12,'81bbec7d63377535'),(492,0.000,2022,1,'2022-01-08 17:08:25','2022-01-09 11:12:50',502,12,'81bbec7d63377535'),(493,94.700,2022,1,'2022-01-08 17:08:25','2022-01-09 11:12:50',81,12,'81bbec7d63377535'),(494,2.060,2022,1,'2022-01-08 17:08:25','2022-01-09 11:12:50',503,12,'81bbec7d63377535'),(495,81.010,2022,1,'2022-01-08 17:08:25','2022-01-09 11:12:50',82,12,'81bbec7d63377535'),(496,695.310,2022,1,'2022-01-08 17:08:25','2022-01-09 11:12:50',83,12,'81bbec7d63377535'),(497,24.800,2022,1,'2022-01-08 17:08:25','2022-01-09 11:12:50',504,12,'81bbec7d63377535'),(498,11.540,2022,1,'2022-01-08 17:08:25','2022-01-09 11:12:50',505,12,'81bbec7d63377535'),(499,34.840,2022,1,'2022-01-08 17:08:25','2022-08-02 13:21:41',506,12,'81bbec7d63377535'),(500,2.960,2022,1,'2022-01-08 17:08:25','2022-08-02 15:00:49',507,12,'81bbec7d63377535'),(501,4.350,2022,1,'2022-01-08 17:08:25','2022-07-27 16:17:13',84,12,'81bbec7d63377535'),(502,13.620,2022,1,'2022-01-08 17:08:25','2022-07-27 16:17:38',508,12,'81bbec7d63377535'),(503,12.860,2022,1,'2022-01-08 17:08:25','2022-01-09 11:12:50',509,12,'81bbec7d63377535'),(504,34.450,2022,1,'2022-01-08 17:08:25','2022-01-09 11:12:50',85,12,'81bbec7d63377535'),(505,18.610,2022,1,'2022-01-08 17:08:25','2022-01-09 11:12:50',86,12,'81bbec7d63377535'),(506,7.350,2022,1,'2022-01-08 17:08:25','2022-01-09 11:12:50',510,12,'81bbec7d63377535'),(507,9.750,2022,1,'2022-01-08 17:08:25','2022-01-09 11:12:50',511,12,'81bbec7d63377535'),(508,17.820,2022,1,'2022-01-08 17:08:25','2022-01-09 11:12:50',87,12,'81bbec7d63377535'),(509,21.070,2022,1,'2022-01-08 17:08:25','2022-01-09 11:12:50',88,12,'81bbec7d63377535'),(510,24.420,2022,1,'2022-01-08 17:08:25','2022-01-09 11:12:50',512,12,'81bbec7d63377535'),(511,56.370,2022,1,'2022-01-08 17:08:25','2022-01-09 11:12:50',513,12,'81bbec7d63377535'),(512,16.220,2022,1,'2022-01-08 17:08:25','2022-01-09 11:12:50',514,12,'81bbec7d63377535'),(513,5.590,2022,1,'2022-01-08 17:08:25','2022-07-27 16:12:52',515,12,'81bbec7d63377535'),(514,25.300,2022,1,'2022-01-08 17:08:25','2022-01-09 11:12:50',89,12,'81bbec7d63377535'),(515,20.480,2022,1,'2022-01-08 17:08:25','2022-01-09 11:12:50',90,12,'81bbec7d63377535'),(516,28.600,2022,1,'2022-01-08 17:08:25','2022-01-09 11:12:50',91,12,'81bbec7d63377535'),(517,0.000,2022,1,'2022-01-08 17:08:25','2022-01-09 11:12:50',92,12,'81bbec7d63377535'),(518,6172.000,2022,1,'2022-01-08 17:08:25','2022-01-09 11:12:50',93,12,'81bbec7d63377535'),(519,88.500,2022,1,'2022-01-08 17:08:25','2022-01-09 11:12:50',516,12,'81bbec7d63377535'),(520,15.220,2022,1,'2022-01-08 17:08:25','2022-01-09 11:12:50',94,12,'81bbec7d63377535'),(521,16.760,2022,1,'2022-01-08 17:08:25','2022-01-09 11:12:50',95,12,'81bbec7d63377535'),(522,34.230,2022,1,'2022-01-08 17:08:25','2022-01-09 11:12:50',96,12,'81bbec7d63377535'),(523,27.280,2022,1,'2022-01-08 17:08:25','2022-01-09 11:12:50',97,12,'81bbec7d63377535'),(524,34.150,2022,1,'2022-01-08 17:08:25','2022-01-09 11:12:50',98,12,'81bbec7d63377535'),(525,27.950,2022,1,'2022-01-08 17:08:25','2022-01-09 11:12:50',99,12,'81bbec7d63377535'),(526,34.380,2022,1,'2022-01-08 17:08:25','2022-01-09 11:12:50',100,12,'81bbec7d63377535'),(527,29.860,2022,1,'2022-01-08 17:08:25','2022-01-09 11:12:50',101,12,'81bbec7d63377535'),(528,26.610,2022,1,'2022-01-08 17:08:25','2022-01-09 11:12:50',102,12,'81bbec7d63377535'),(529,33.260,2022,1,'2022-01-08 17:08:25','2022-01-09 11:12:50',103,12,'81bbec7d63377535'),(530,35.740,2022,1,'2022-01-08 17:08:25','2022-01-09 11:12:50',104,12,'81bbec7d63377535'),(531,31.200,2022,1,'2022-01-08 17:08:25','2022-01-09 11:12:50',105,12,'81bbec7d63377535'),(532,30.250,2022,1,'2022-01-08 17:08:25','2022-01-09 11:12:50',106,12,'81bbec7d63377535'),(533,36.660,2022,1,'2022-01-08 17:08:25','2022-01-09 11:12:50',107,12,'81bbec7d63377535'),(534,38.500,2022,1,'2022-01-08 17:08:25','2022-01-09 11:12:50',108,12,'81bbec7d63377535'),(535,32.760,2022,1,'2022-01-08 17:08:25','2022-01-09 11:12:51',109,12,'81bbec7d63377535'),(536,10.600,2022,1,'2022-01-08 17:08:25','2022-01-09 11:12:51',517,12,'81bbec7d63377535'),(537,0.000,2022,1,'2022-01-08 17:08:25','2022-01-09 11:12:51',110,12,'81bbec7d63377535'),(538,7.570,2022,1,'2022-01-08 17:08:25','2022-07-27 14:25:32',111,12,'81bbec7d63377535'),(539,6.720,2022,1,'2022-01-08 17:08:25','2022-01-09 11:12:51',518,12,'81bbec7d63377535'),(540,11.500,2022,1,'2022-01-08 17:08:25','2022-01-09 11:12:51',519,12,'81bbec7d63377535'),(541,11.720,2022,1,'2022-01-08 17:08:25','2022-01-09 11:12:51',520,12,'81bbec7d63377535'),(542,3.260,2022,1,'2022-01-08 17:08:25','2022-01-09 11:12:51',521,12,'81bbec7d63377535'),(543,0.000,2022,1,'2022-01-08 17:08:25','2022-01-09 11:12:51',112,12,'81bbec7d63377535'),(544,28.490,2022,1,'2022-01-08 17:08:25','2022-01-09 11:12:51',522,12,'81bbec7d63377535'),(545,19.440,2022,1,'2022-01-08 17:08:25','2022-01-09 11:12:51',523,12,'81bbec7d63377535'),(546,37.600,2022,1,'2022-01-08 17:08:25','2022-01-09 11:12:51',524,12,'81bbec7d63377535'),(547,40.060,2022,1,'2022-01-08 17:08:25','2022-01-09 11:12:51',525,12,'81bbec7d63377535'),(548,44.430,2022,1,'2022-01-08 17:08:25','2022-01-09 11:12:51',113,12,'81bbec7d63377535'),(549,37.650,2022,1,'2022-01-08 17:08:25','2022-01-09 11:12:51',114,12,'81bbec7d63377535'),(550,45.100,2022,1,'2022-01-08 17:08:25','2022-01-09 11:12:51',115,12,'81bbec7d63377535'),(551,41.920,2022,1,'2022-01-08 17:08:25','2022-01-09 11:12:51',116,12,'81bbec7d63377535'),(552,51.480,2022,1,'2022-01-08 17:08:25','2022-01-09 11:12:51',117,12,'81bbec7d63377535'),(553,44.360,2022,1,'2022-01-08 17:08:25','2022-01-09 11:12:51',118,12,'81bbec7d63377535'),(554,46.890,2022,1,'2022-01-08 17:08:25','2022-01-09 11:12:51',119,12,'81bbec7d63377535'),(555,39.710,2022,1,'2022-01-08 17:08:25','2022-01-09 11:12:51',120,12,'81bbec7d63377535'),(556,3.080,2022,1,'2022-01-08 17:08:25','2022-01-09 11:12:51',526,12,'81bbec7d63377535'),(557,0.000,2022,1,'2022-01-08 17:08:26','2022-01-09 11:12:51',527,12,'81bbec7d63377535'),(558,41.300,2022,1,'2022-01-08 17:08:26','2022-01-09 11:12:51',121,12,'81bbec7d63377535'),(559,265.650,2022,1,'2022-01-08 17:08:26','2022-01-09 11:12:51',528,12,'81bbec7d63377535'),(560,8.340,2022,1,'2022-01-08 17:08:26','2022-01-09 11:12:51',529,12,'81bbec7d63377535'),(561,34.850,2022,1,'2022-01-08 17:08:26','2022-01-09 11:12:51',122,12,'81bbec7d63377535'),(562,26.950,2022,1,'2022-01-08 17:08:26','2022-01-09 11:12:51',123,12,'81bbec7d63377535'),(563,31.570,2022,1,'2022-01-08 17:08:26','2022-01-09 11:12:51',530,12,'81bbec7d63377535'),(564,31.650,2022,1,'2022-01-08 17:08:26','2022-01-09 11:12:51',124,12,'81bbec7d63377535'),(565,30.830,2022,1,'2022-01-08 17:08:26','2022-01-09 11:12:51',125,12,'81bbec7d63377535'),(566,3.350,2022,1,'2022-01-08 17:08:26','2022-01-09 11:12:51',126,12,'81bbec7d63377535'),(567,103.260,2022,1,'2022-01-08 17:08:26','2022-01-09 11:12:51',531,12,'81bbec7d63377535'),(568,7.320,2022,1,'2022-01-08 17:08:26','2022-01-09 11:12:51',127,12,'81bbec7d63377535'),(569,0.880,2022,1,'2022-01-08 17:08:26','2022-01-09 11:12:51',128,12,'81bbec7d63377535'),(570,2.040,2022,1,'2022-01-08 17:08:26','2022-01-09 11:12:51',129,12,'81bbec7d63377535'),(571,3.350,2022,1,'2022-01-08 17:08:26','2022-01-09 11:12:51',130,12,'81bbec7d63377535'),(572,5.960,2022,1,'2022-01-08 17:08:26','2022-01-09 11:12:51',131,12,'81bbec7d63377535'),(573,297.270,2022,1,'2022-01-08 17:08:26','2022-01-09 11:12:51',132,12,'81bbec7d63377535'),(574,9.700,2022,1,'2022-01-08 17:08:26','2022-01-09 11:12:51',532,12,'81bbec7d63377535'),(575,0.000,2022,1,'2022-01-08 17:08:26','2022-01-09 11:12:51',133,12,'81bbec7d63377535'),(576,1239.460,2022,1,'2022-01-08 17:08:26','2022-01-09 11:12:51',134,12,'81bbec7d63377535'),(577,12.900,2022,1,'2022-01-08 17:08:26','2022-01-09 11:12:51',135,12,'81bbec7d63377535'),(578,0.000,2022,1,'2022-01-08 17:08:26','2022-01-09 11:12:51',136,12,'81bbec7d63377535'),(579,0.570,2022,1,'2022-01-08 17:08:26','2022-01-09 11:12:51',533,12,'81bbec7d63377535'),(580,2105.990,2022,1,'2022-01-08 17:08:26','2022-01-09 11:12:51',138,12,'81bbec7d63377535'),(581,2105.990,2022,1,'2022-01-08 17:08:26','2022-01-09 11:12:51',139,12,'81bbec7d63377535'),(582,0.000,2022,1,'2022-01-08 17:08:26','2022-01-09 11:12:51',140,12,'81bbec7d63377535'),(583,153.120,2022,1,'2022-01-08 17:08:26','2022-01-09 11:12:51',141,12,'81bbec7d63377535'),(584,0.000,2022,1,'2022-01-08 17:08:26','2022-01-09 11:12:51',142,12,'81bbec7d63377535'),(585,0.000,2022,1,'2022-01-08 17:08:26','2022-01-09 11:12:51',143,12,'81bbec7d63377535'),(586,0.000,2022,1,'2022-01-08 17:08:26','2022-01-09 11:12:51',144,12,'81bbec7d63377535'),(587,6.690,2022,1,'2022-01-08 17:08:26','2022-07-27 15:20:41',145,12,'81bbec7d63377535'),(588,0.000,2022,1,'2022-01-08 17:08:26','2022-01-09 11:12:51',146,12,'81bbec7d63377535'),(589,37.900,2022,1,'2022-01-08 17:08:26','2022-01-09 11:12:51',534,12,'81bbec7d63377535'),(590,0.030,2022,1,'2022-01-08 17:08:26','2022-01-09 11:12:51',147,12,'81bbec7d63377535'),(591,0.020,2022,1,'2022-01-08 17:08:26','2022-01-09 11:12:51',148,12,'81bbec7d63377535'),(592,0.380,2022,1,'2022-01-08 17:08:26','2022-07-27 16:12:23',535,12,'81bbec7d63377535'),(593,0.530,2022,1,'2022-01-08 17:08:26','2022-07-27 14:24:09',536,12,'81bbec7d63377535'),(594,0.410,2022,1,'2022-01-08 17:08:26','2022-07-27 13:58:55',537,12,'81bbec7d63377535'),(595,0.050,2022,1,'2022-01-08 17:08:26','2022-01-09 11:12:51',538,12,'81bbec7d63377535'),(596,0.440,2022,1,'2022-01-08 17:08:26','2022-01-09 11:12:51',149,12,'81bbec7d63377535'),(597,0.040,2022,1,'2022-01-08 17:08:26','2022-01-09 11:12:51',150,12,'81bbec7d63377535'),(598,0.130,2022,1,'2022-01-08 17:08:26','2022-01-09 11:12:51',151,12,'81bbec7d63377535'),(599,0.000,2022,1,'2022-01-08 17:08:26','2022-01-09 11:12:51',152,12,'81bbec7d63377535'),(600,0.000,2022,1,'2022-01-08 17:08:26','2022-01-09 11:12:51',153,12,'81bbec7d63377535'),(601,1.460,2022,1,'2022-01-08 17:08:26','2022-01-09 11:12:51',539,12,'81bbec7d63377535'),(602,2.380,2022,1,'2022-01-08 17:08:26','2022-01-09 11:12:51',540,12,'81bbec7d63377535'),(603,3.350,2022,1,'2022-01-08 17:08:26','2022-01-09 11:12:51',541,12,'81bbec7d63377535'),(604,0.000,2022,1,'2022-01-08 17:08:26','2022-01-09 11:12:51',154,12,'81bbec7d63377535'),(605,0.000,2022,1,'2022-01-08 17:08:26','2022-01-09 11:12:51',155,12,'81bbec7d63377535'),(606,2.390,2022,1,'2022-01-08 17:08:26','2022-01-09 11:12:51',156,12,'81bbec7d63377535'),(607,0.160,2022,1,'2022-01-08 17:08:26','2022-07-27 13:51:16',542,12,'81bbec7d63377535'),(608,149.300,2022,1,'2022-01-08 17:08:26','2022-01-09 11:12:51',543,12,'81bbec7d63377535'),(609,76.620,2022,1,'2022-01-08 17:08:26','2022-01-09 11:12:51',544,12,'81bbec7d63377535'),(610,1907.750,2022,1,'2022-01-08 17:08:26','2022-01-09 11:12:51',157,12,'81bbec7d63377535'),(611,42.960,2022,1,'2022-01-08 17:08:26','2022-01-09 11:12:51',158,12,'81bbec7d63377535'),(612,0.090,2022,1,'2022-01-08 17:08:26','2022-01-09 11:12:51',159,12,'81bbec7d63377535'),(613,1.140,2022,1,'2022-01-08 17:08:26','2022-01-09 11:12:51',545,12,'81bbec7d63377535'),(614,3.500,2022,1,'2022-01-08 17:08:26','2022-01-09 11:12:51',546,12,'81bbec7d63377535'),(615,2.000,2022,1,'2022-01-08 17:08:26','2022-01-09 11:12:51',547,12,'81bbec7d63377535'),(616,3.400,2022,1,'2022-01-08 17:08:26','2022-01-09 11:12:51',548,12,'81bbec7d63377535'),(617,0.520,2022,1,'2022-01-08 17:08:26','2022-01-09 11:12:51',160,12,'81bbec7d63377535'),(618,6.260,2022,1,'2022-01-08 17:08:26','2022-07-27 14:00:22',549,12,'81bbec7d63377535'),(619,0.060,2022,1,'2022-01-08 17:08:26','2022-01-09 11:12:51',161,12,'81bbec7d63377535'),(620,4.390,2022,1,'2022-01-08 17:08:26','2022-01-09 11:12:51',550,12,'81bbec7d63377535'),(621,5.110,2022,1,'2022-01-08 17:08:26','2022-01-09 11:12:51',551,12,'81bbec7d63377535'),(622,0.010,2022,1,'2022-01-08 17:08:26','2022-01-09 11:12:51',162,12,'81bbec7d63377535'),(623,0.050,2022,1,'2022-01-08 17:08:26','2022-01-09 11:12:51',552,12,'81bbec7d63377535'),(624,0.150,2022,1,'2022-01-08 17:08:26','2022-01-09 11:12:51',163,12,'81bbec7d63377535'),(625,1.640,2022,1,'2022-01-08 17:08:26','2022-01-09 11:12:51',553,12,'81bbec7d63377535'),(626,4.120,2022,1,'2022-01-08 17:08:26','2022-01-09 11:12:51',554,12,'81bbec7d63377535'),(627,3.230,2022,1,'2022-01-08 17:08:26','2022-01-09 11:12:51',555,12,'81bbec7d63377535'),(628,0.090,2022,1,'2022-01-08 17:08:26','2022-01-09 11:12:51',164,12,'81bbec7d63377535'),(629,0.010,2022,1,'2022-01-08 17:08:26','2022-01-09 11:12:51',165,12,'81bbec7d63377535'),(630,1.370,2022,1,'2022-01-08 17:08:26','2022-01-09 11:12:51',166,12,'81bbec7d63377535'),(631,0.080,2022,1,'2022-01-08 17:08:26','2022-01-09 11:12:51',167,12,'81bbec7d63377535'),(632,12.400,2022,1,'2022-01-08 17:08:26','2022-01-09 11:12:51',168,12,'81bbec7d63377535'),(633,7.800,2022,1,'2022-01-08 17:08:26','2022-07-27 15:24:30',556,12,'81bbec7d63377535'),(634,0.830,2022,1,'2022-01-08 17:08:26','2022-01-09 11:12:51',557,12,'81bbec7d63377535'),(635,3.830,2022,1,'2022-01-08 17:08:26','2022-01-09 11:12:51',558,12,'81bbec7d63377535'),(636,9.030,2022,1,'2022-01-08 17:08:26','2022-01-09 11:12:51',169,12,'81bbec7d63377535'),(637,29.060,2022,1,'2022-01-08 17:08:26','2022-01-09 11:12:51',170,12,'81bbec7d63377535'),(638,10.270,2022,1,'2022-01-08 17:08:26','2022-01-09 11:12:51',559,12,'81bbec7d63377535'),(639,176.190,2022,1,'2022-01-08 17:08:26','2022-01-09 11:12:51',560,12,'81bbec7d63377535'),(640,32.490,2022,1,'2022-01-08 17:08:26','2022-01-09 11:12:51',561,12,'81bbec7d63377535'),(641,0.740,2022,1,'2022-01-08 17:08:26','2022-01-09 11:12:51',562,12,'81bbec7d63377535'),(642,14.250,2022,1,'2022-01-08 17:08:26','2022-01-09 11:12:51',171,12,'81bbec7d63377535'),(643,7.640,2022,1,'2022-01-08 17:08:26','2022-07-27 11:50:17',172,12,'81bbec7d63377535'),(644,1.580,2022,1,'2022-01-08 17:08:26','2022-01-09 11:12:51',173,12,'81bbec7d63377535'),(645,29.840,2022,1,'2022-01-08 17:08:26','2022-01-09 11:12:51',174,12,'81bbec7d63377535'),(646,0.000,2022,1,'2022-01-08 17:08:26','2022-01-09 11:12:51',175,12,'81bbec7d63377535'),(647,70.150,2022,1,'2022-01-08 17:08:26','2022-01-09 11:12:51',563,12,'81bbec7d63377535'),(648,304.500,2022,1,'2022-01-08 17:08:26','2022-01-09 11:12:51',176,12,'81bbec7d63377535'),(649,29.060,2022,1,'2022-01-08 17:08:26','2022-01-09 11:12:51',177,12,'81bbec7d63377535'),(650,29.060,2022,1,'2022-01-08 17:08:26','2022-01-09 11:12:51',178,12,'81bbec7d63377535'),(651,35.100,2022,1,'2022-01-08 17:08:26','2022-07-27 11:51:39',564,12,'81bbec7d63377535'),(652,56.440,2022,1,'2022-01-08 17:08:26','2022-01-09 11:12:51',565,12,'81bbec7d63377535'),(653,206.990,2022,1,'2022-01-08 17:08:26','2022-01-09 11:12:51',566,12,'81bbec7d63377535'),(654,49.620,2022,1,'2022-01-08 17:08:26','2022-01-09 11:12:51',179,12,'81bbec7d63377535'),(655,542.270,2022,1,'2022-01-08 17:08:26','2022-01-09 11:12:51',180,12,'81bbec7d63377535'),(656,49.300,2022,1,'2022-01-08 17:08:26','2022-07-27 11:55:14',567,12,'81bbec7d63377535'),(657,49.300,2022,1,'2022-01-08 17:08:26','2022-07-27 11:54:57',568,12,'81bbec7d63377535'),(658,208.000,2022,1,'2022-01-08 17:08:27','2022-01-09 11:12:51',569,12,'81bbec7d63377535'),(659,103.140,2022,1,'2022-01-08 17:08:27','2022-01-09 11:12:51',570,12,'81bbec7d63377535'),(660,13.030,2022,1,'2022-01-08 17:08:27','2022-01-09 11:12:51',571,12,'81bbec7d63377535'),(661,123.910,2022,1,'2022-01-08 17:08:27','2022-01-09 11:12:51',181,12,'81bbec7d63377535'),(662,0.000,2022,1,'2022-01-08 17:08:27','2022-01-09 11:12:51',182,12,'81bbec7d63377535'),(663,0.000,2022,1,'2022-01-08 17:08:27','2022-01-09 11:12:51',183,12,'81bbec7d63377535'),(664,43.110,2022,1,'2022-01-08 17:08:27','2022-01-09 11:12:51',572,12,'81bbec7d63377535'),(665,33.630,2022,1,'2022-01-08 17:08:27','2022-01-09 11:12:51',184,12,'81bbec7d63377535'),(666,30.580,2022,1,'2022-01-08 17:08:27','2022-01-09 11:12:51',185,12,'81bbec7d63377535'),(667,155.330,2022,1,'2022-01-08 17:08:27','2022-01-09 11:12:51',186,12,'81bbec7d63377535'),(668,10.270,2022,1,'2022-01-08 17:08:27','2022-01-09 11:12:51',187,12,'81bbec7d63377535'),(669,16.700,2022,1,'2022-01-08 17:08:27','2022-01-09 11:12:51',188,12,'81bbec7d63377535'),(670,16.080,2022,1,'2022-01-08 17:08:27','2022-01-09 11:12:51',189,12,'81bbec7d63377535'),(671,17.100,2022,1,'2022-01-08 17:08:27','2022-01-09 11:12:51',190,12,'81bbec7d63377535'),(672,3.170,2022,1,'2022-01-08 17:08:27','2022-01-09 11:12:51',191,12,'81bbec7d63377535'),(673,3.900,2022,1,'2022-01-08 17:08:27','2022-01-09 11:12:51',573,12,'81bbec7d63377535'),(674,3.870,2022,1,'2022-01-08 17:08:27','2022-01-09 11:12:51',192,12,'81bbec7d63377535'),(675,2.210,2022,1,'2022-01-08 17:08:27','2022-07-27 14:13:27',574,12,'81bbec7d63377535'),(676,1.370,2022,1,'2022-01-08 17:08:27','2022-01-09 11:12:51',575,12,'81bbec7d63377535'),(677,106.880,2022,1,'2022-01-08 17:08:27','2022-01-09 11:12:51',193,12,'81bbec7d63377535'),(678,271.050,2022,1,'2022-01-08 17:08:27','2022-01-09 11:12:51',194,12,'81bbec7d63377535'),(679,296.870,2022,1,'2022-01-08 17:08:27','2022-01-09 11:12:51',195,12,'81bbec7d63377535'),(680,371.730,2022,1,'2022-01-08 17:08:27','2022-01-09 11:12:51',576,12,'81bbec7d63377535'),(681,511.130,2022,1,'2022-01-08 17:08:27','2022-01-09 11:12:51',196,12,'81bbec7d63377535'),(682,133.810,2022,1,'2022-01-08 17:08:27','2022-08-10 13:39:04',197,12,'81bbec7d63377535'),(683,70.440,2022,1,'2022-01-08 17:08:27','2022-01-09 11:12:51',577,12,'81bbec7d63377535'),(684,114.900,2022,1,'2022-01-08 17:08:27','2022-01-09 11:12:51',578,12,'81bbec7d63377535'),(685,9.240,2022,1,'2022-01-08 17:08:27','2022-01-09 11:12:51',579,12,'81bbec7d63377535'),(686,606.600,2022,1,'2022-01-08 17:08:27','2022-01-09 11:12:51',198,12,'81bbec7d63377535'),(687,104.950,2022,1,'2022-01-08 17:08:27','2022-01-09 11:12:51',199,12,'81bbec7d63377535'),(688,320.100,2022,1,'2022-01-08 17:08:27','2022-01-09 11:12:51',200,12,'81bbec7d63377535'),(689,0.000,2022,1,'2022-01-08 17:08:27','2022-01-09 11:12:51',201,12,'81bbec7d63377535'),(690,565.340,2022,1,'2022-01-08 17:08:27','2022-01-09 11:12:51',202,12,'81bbec7d63377535'),(691,0.000,2022,1,'2022-01-08 17:08:27','2022-01-09 11:12:51',580,12,'81bbec7d63377535'),(692,10.850,2022,1,'2022-01-08 17:08:27','2022-01-09 11:12:51',203,12,'81bbec7d63377535'),(693,20.850,2022,1,'2022-01-08 17:08:27','2022-01-09 11:12:51',581,12,'81bbec7d63377535'),(694,58.330,2022,1,'2022-01-08 17:08:27','2022-01-09 11:12:51',582,12,'81bbec7d63377535'),(695,0.330,2022,1,'2022-01-08 17:08:27','2022-07-27 15:25:09',204,12,'81bbec7d63377535'),(696,0.050,2022,1,'2022-01-08 17:08:27','2022-01-09 11:12:51',205,12,'81bbec7d63377535'),(697,0.000,2022,1,'2022-01-08 17:08:27','2022-01-09 11:12:51',206,12,'81bbec7d63377535'),(698,0.030,2022,1,'2022-01-08 17:08:27','2022-01-09 11:12:51',207,12,'81bbec7d63377535'),(699,18.540,2022,1,'2022-01-08 17:08:27','2022-07-27 16:50:44',583,12,'81bbec7d63377535'),(700,13.180,2022,1,'2022-01-08 17:08:27','2022-07-27 16:51:07',584,12,'81bbec7d63377535'),(701,39.070,2022,1,'2022-01-08 17:08:27','2022-07-27 16:52:42',209,12,'81bbec7d63377535'),(702,18.370,2022,1,'2022-01-08 17:08:27','2022-07-27 16:53:09',210,12,'81bbec7d63377535'),(703,40.560,2022,1,'2022-01-08 17:08:27','2022-07-27 16:53:29',211,12,'81bbec7d63377535'),(704,19.960,2022,1,'2022-01-08 17:08:27','2022-07-27 17:11:06',212,12,'81bbec7d63377535'),(705,24.520,2022,1,'2022-01-08 17:08:27','2022-07-27 17:12:08',213,12,'81bbec7d63377535'),(706,30.630,2022,1,'2022-01-08 17:08:27','2022-07-27 17:12:42',585,12,'81bbec7d63377535'),(707,20.430,2022,1,'2022-01-08 17:08:27','2022-07-29 12:59:37',586,12,'81bbec7d63377535'),(708,27.180,2022,1,'2022-01-08 17:08:27','2022-07-29 13:09:26',215,12,'81bbec7d63377535'),(709,29.040,2022,1,'2022-01-08 17:08:27','2022-07-29 13:10:07',587,12,'81bbec7d63377535'),(710,21.300,2022,1,'2022-01-08 17:08:27','2022-07-29 14:22:20',588,12,'81bbec7d63377535'),(711,33.950,2022,1,'2022-01-08 17:08:27','2022-07-29 14:23:27',589,12,'81bbec7d63377535'),(712,52.570,2022,1,'2022-01-08 17:08:27','2022-07-29 14:24:16',590,12,'81bbec7d63377535'),(713,51.460,2022,1,'2022-01-08 17:08:27','2022-07-29 14:24:44',216,12,'81bbec7d63377535'),(714,16.710,2022,1,'2022-01-08 17:08:27','2022-07-29 14:25:23',217,12,'81bbec7d63377535'),(715,24.600,2022,1,'2022-01-08 17:08:27','2022-07-29 14:27:54',591,12,'81bbec7d63377535'),(716,37.310,2022,1,'2022-01-08 17:08:27','2022-07-29 14:28:22',592,12,'81bbec7d63377535'),(717,53.370,2022,1,'2022-01-08 17:08:27','2022-07-29 16:41:32',593,12,'81bbec7d63377535'),(718,19.810,2022,1,'2022-01-08 17:08:27','2022-07-29 16:42:39',594,12,'81bbec7d63377535'),(719,26.860,2022,1,'2022-01-08 17:08:27','2022-07-29 16:46:19',595,12,'81bbec7d63377535'),(720,29.880,2022,1,'2022-01-08 17:08:27','2022-07-29 16:46:56',596,12,'81bbec7d63377535'),(721,31.750,2022,1,'2022-01-08 17:08:27','2022-01-09 11:12:52',597,12,'81bbec7d63377535'),(722,35.690,2022,1,'2022-01-08 17:08:27','2022-01-09 11:12:52',598,12,'81bbec7d63377535'),(723,35.620,2022,1,'2022-01-08 17:08:27','2022-01-09 11:12:52',599,12,'81bbec7d63377535'),(724,43.560,2022,1,'2022-01-08 17:08:27','2022-01-09 11:12:52',218,12,'81bbec7d63377535'),(725,37.230,2022,1,'2022-01-08 17:08:27','2022-01-09 11:12:52',219,12,'81bbec7d63377535'),(726,36.460,2022,1,'2022-01-08 17:08:27','2022-01-09 11:12:52',220,12,'81bbec7d63377535'),(727,34.350,2022,1,'2022-01-08 17:08:27','2022-01-09 11:12:52',221,12,'81bbec7d63377535'),(728,30.110,2022,1,'2022-01-08 17:08:27','2022-01-09 11:12:52',222,12,'81bbec7d63377535'),(729,27.650,2022,1,'2022-01-08 17:08:27','2022-01-09 11:12:52',600,12,'81bbec7d63377535'),(730,49.480,2022,1,'2022-01-08 17:08:27','2022-01-09 11:12:52',601,12,'81bbec7d63377535'),(731,60.240,2022,1,'2022-01-08 17:08:27','2022-01-09 11:12:52',602,12,'81bbec7d63377535'),(732,24.970,2022,1,'2022-01-08 17:08:27','2022-01-09 11:12:52',603,12,'81bbec7d63377535'),(733,25.570,2022,1,'2022-01-08 17:08:27','2022-01-09 11:12:52',223,12,'81bbec7d63377535'),(734,26.610,2022,1,'2022-01-08 17:08:27','2022-01-09 11:12:52',604,12,'81bbec7d63377535'),(735,40.190,2022,1,'2022-01-08 17:08:27','2022-01-09 11:12:52',225,12,'81bbec7d63377535'),(736,24.720,2022,1,'2022-01-08 17:08:27','2022-01-09 11:12:52',605,12,'81bbec7d63377535'),(737,26.510,2022,1,'2022-01-08 17:08:27','2022-01-09 11:12:52',226,12,'81bbec7d63377535'),(738,31.440,2022,1,'2022-01-08 17:08:27','2022-01-09 11:12:52',227,12,'81bbec7d63377535'),(739,25.540,2022,1,'2022-01-08 17:08:27','2022-01-09 11:12:52',228,12,'81bbec7d63377535'),(740,41.030,2022,1,'2022-01-08 17:08:27','2022-01-09 11:12:52',229,12,'81bbec7d63377535'),(741,35.670,2022,1,'2022-01-08 17:08:27','2022-01-09 11:12:52',230,12,'81bbec7d63377535'),(742,37.820,2022,1,'2022-01-08 17:08:27','2022-01-09 11:12:52',231,12,'81bbec7d63377535'),(743,46.320,2022,1,'2022-01-08 17:08:27','2022-07-29 17:12:01',606,12,'81bbec7d63377535'),(744,28.990,2022,1,'2022-01-08 17:08:27','2022-01-09 11:12:52',232,12,'81bbec7d63377535'),(745,47.850,2022,1,'2022-01-08 17:08:27','2022-01-09 11:12:52',233,12,'81bbec7d63377535'),(746,7.750,2022,1,'2022-01-08 17:08:27','2022-01-09 11:12:52',234,12,'81bbec7d63377535'),(747,35.840,2022,1,'2022-01-08 17:08:27','2022-01-09 11:12:52',235,12,'81bbec7d63377535'),(748,0.670,2022,1,'2022-01-08 17:08:27','2022-01-09 11:12:52',236,12,'81bbec7d63377535'),(749,0.520,2022,1,'2022-01-08 17:08:27','2022-01-09 11:12:52',607,12,'81bbec7d63377535'),(750,0.720,2022,1,'2022-01-08 17:08:27','2022-01-09 11:12:52',237,12,'81bbec7d63377535'),(751,0.570,2022,1,'2022-01-08 17:08:27','2022-01-09 11:12:52',608,12,'81bbec7d63377535'),(752,0.070,2022,1,'2022-01-08 17:08:28','2022-01-09 11:12:52',609,12,'81bbec7d63377535'),(753,0.040,2022,1,'2022-01-08 17:08:28','2022-01-09 11:12:52',610,12,'81bbec7d63377535'),(754,0.200,2022,1,'2022-01-08 17:08:28','2022-01-09 11:12:52',238,12,'81bbec7d63377535'),(755,0.490,2022,1,'2022-01-08 17:08:28','2022-01-09 11:12:52',239,12,'81bbec7d63377535'),(756,24.640,2022,1,'2022-01-08 17:08:28','2022-01-09 11:12:52',240,12,'81bbec7d63377535'),(757,38.470,2022,1,'2022-01-08 17:08:28','2022-01-09 11:12:52',241,12,'81bbec7d63377535'),(758,44.680,2022,1,'2022-01-08 17:08:28','2022-01-09 11:12:52',242,12,'81bbec7d63377535'),(759,0.650,2022,1,'2022-01-08 17:08:28','2022-01-09 11:12:52',611,12,'81bbec7d63377535'),(760,20.630,2022,1,'2022-01-08 17:08:28','2022-01-09 11:12:52',612,12,'81bbec7d63377535'),(761,8.270,2022,1,'2022-01-08 17:08:28','2022-01-09 11:12:52',613,12,'81bbec7d63377535'),(762,18.600,2022,1,'2022-01-08 17:08:28','2022-01-09 11:12:52',244,12,'81bbec7d63377535'),(763,24.520,2022,1,'2022-01-08 17:08:28','2022-01-09 11:12:52',245,12,'81bbec7d63377535'),(764,0.000,2022,1,'2022-01-08 17:08:28','2022-01-09 11:12:52',246,12,'81bbec7d63377535'),(765,17.020,2022,1,'2022-01-08 17:08:28','2022-01-09 11:12:52',247,12,'81bbec7d63377535'),(766,0.000,2022,1,'2022-01-08 17:08:28','2022-01-09 11:12:52',248,12,'81bbec7d63377535'),(767,12.900,2022,1,'2022-01-08 17:08:28','2022-01-09 11:12:52',614,12,'81bbec7d63377535'),(768,22.990,2022,1,'2022-01-08 17:08:28','2022-01-09 11:12:52',249,12,'81bbec7d63377535'),(769,29.660,2022,1,'2022-01-08 17:08:28','2022-01-09 11:12:52',615,12,'81bbec7d63377535'),(770,43.840,2022,1,'2022-01-08 17:08:28','2022-01-09 11:12:52',616,12,'81bbec7d63377535'),(771,22.460,2022,1,'2022-01-08 17:08:28','2022-01-09 11:12:52',250,12,'81bbec7d63377535'),(772,24.520,2022,1,'2022-01-08 17:08:28','2022-01-09 11:12:52',617,12,'81bbec7d63377535'),(773,10.870,2022,1,'2022-01-08 17:08:28','2022-01-09 11:12:52',251,12,'81bbec7d63377535'),(774,62.480,2022,1,'2022-01-08 17:08:28','2022-01-09 11:12:52',618,12,'81bbec7d63377535'),(775,92.690,2022,1,'2022-01-08 17:08:28','2022-01-09 11:12:52',619,12,'81bbec7d63377535'),(776,0.310,2022,1,'2022-01-08 17:08:28','2022-01-09 11:12:52',252,12,'81bbec7d63377535'),(777,73.570,2022,1,'2022-01-08 17:08:28','2022-01-09 11:12:52',253,12,'81bbec7d63377535'),(778,65.180,2022,1,'2022-01-08 17:08:28','2022-01-09 11:12:52',254,12,'81bbec7d63377535'),(779,88.940,2022,1,'2022-01-08 17:08:28','2022-01-09 11:12:52',255,12,'81bbec7d63377535'),(780,77.200,2022,1,'2022-01-08 17:08:28','2022-01-09 11:12:52',256,12,'81bbec7d63377535'),(781,1.980,2022,1,'2022-01-08 17:08:28','2022-01-09 11:12:52',620,12,'81bbec7d63377535'),(782,25.040,2022,1,'2022-01-08 17:08:28','2022-01-09 11:12:52',257,12,'81bbec7d63377535'),(783,14.200,2022,1,'2022-01-08 17:08:28','2022-01-09 11:12:52',258,12,'81bbec7d63377535'),(784,0.000,2022,1,'2022-01-08 17:08:28','2022-01-09 11:12:52',259,12,'81bbec7d63377535'),(785,64.540,2022,1,'2022-01-08 17:08:28','2022-01-09 11:12:52',260,12,'81bbec7d63377535'),(786,30.730,2022,1,'2022-01-08 17:08:28','2022-01-09 11:12:52',261,12,'81bbec7d63377535'),(787,0.410,2022,1,'2022-01-08 17:08:28','2022-01-09 11:12:52',262,12,'81bbec7d63377535'),(788,2.580,2022,1,'2022-01-08 17:08:28','2022-01-09 11:12:52',263,12,'81bbec7d63377535'),(789,0.300,2022,1,'2022-01-08 17:08:28','2022-01-09 11:12:52',264,12,'81bbec7d63377535'),(790,157.470,2022,1,'2022-01-08 17:08:28','2022-01-09 11:12:52',265,12,'81bbec7d63377535'),(791,16.010,2022,1,'2022-01-08 17:08:28','2022-01-09 11:12:52',266,12,'81bbec7d63377535'),(792,154.890,2022,1,'2022-01-08 17:08:28','2022-01-09 11:12:52',267,12,'81bbec7d63377535'),(793,7.350,2022,1,'2022-01-08 17:08:28','2022-01-09 11:12:52',621,12,'81bbec7d63377535'),(794,201.350,2022,1,'2022-01-08 17:08:28','2022-01-09 11:12:52',268,12,'81bbec7d63377535'),(795,92.160,2022,1,'2022-01-08 17:08:28','2022-01-09 11:12:52',269,12,'81bbec7d63377535'),(796,0.200,2022,1,'2022-01-08 17:08:28','2022-01-09 11:12:52',270,12,'81bbec7d63377535'),(797,27.000,2022,1,'2022-01-08 17:08:28','2022-01-09 11:12:52',271,12,'81bbec7d63377535'),(798,232.330,2022,1,'2022-01-08 17:08:28','2022-01-09 11:12:52',272,12,'81bbec7d63377535'),(799,232.330,2022,1,'2022-01-08 17:08:28','2022-01-09 11:12:52',273,12,'81bbec7d63377535'),(800,296.870,2022,1,'2022-01-08 17:08:28','2022-01-09 11:12:52',274,12,'81bbec7d63377535'),(801,232.330,2022,1,'2022-01-08 17:08:28','2022-01-09 11:12:52',275,12,'81bbec7d63377535'),(802,167.800,2022,1,'2022-01-08 17:08:28','2022-01-09 11:12:52',276,12,'81bbec7d63377535'),(803,335.600,2022,1,'2022-01-08 17:08:28','2022-01-09 11:12:52',622,12,'81bbec7d63377535'),(804,29.120,2022,1,'2022-01-08 17:08:28','2022-01-09 11:12:52',623,12,'81bbec7d63377535'),(805,66.590,2022,1,'2022-01-08 17:08:28','2022-01-09 11:12:52',277,12,'81bbec7d63377535'),(806,9.800,2022,1,'2022-01-08 17:08:28','2022-01-09 11:12:52',278,12,'81bbec7d63377535'),(807,51.630,2022,1,'2022-01-08 17:08:28','2022-01-09 11:12:52',279,12,'81bbec7d63377535'),(808,379.480,2022,1,'2022-01-08 17:08:28','2022-01-09 11:12:52',280,12,'81bbec7d63377535'),(809,379.480,2022,1,'2022-01-08 17:08:28','2022-01-09 11:12:52',281,12,'81bbec7d63377535'),(810,114.870,2022,1,'2022-01-08 17:08:28','2022-01-09 11:12:52',282,12,'81bbec7d63377535'),(811,219.430,2022,1,'2022-01-08 17:08:28','2022-01-09 11:12:52',624,12,'81bbec7d63377535'),(812,219.430,2022,1,'2022-01-08 17:08:28','2022-01-09 11:12:52',625,12,'81bbec7d63377535'),(813,219.430,2022,1,'2022-01-08 17:08:28','2022-01-09 11:12:52',626,12,'81bbec7d63377535'),(814,219.430,2022,1,'2022-01-08 17:08:28','2022-01-09 11:12:52',627,12,'81bbec7d63377535'),(815,154.890,2022,1,'2022-01-08 17:08:28','2022-01-09 11:12:52',283,12,'81bbec7d63377535'),(816,28.400,2022,1,'2022-01-08 17:08:28','2022-01-09 11:12:52',284,12,'81bbec7d63377535'),(817,201.350,2022,1,'2022-01-08 17:08:28','2022-01-09 11:12:52',285,12,'81bbec7d63377535'),(818,51.630,2022,1,'2022-01-08 17:08:28','2022-01-09 11:12:52',628,12,'81bbec7d63377535'),(819,351.970,2022,1,'2022-01-08 17:08:28','2022-01-09 11:12:52',629,12,'81bbec7d63377535'),(820,458.880,2022,1,'2022-01-08 17:08:28','2022-01-09 11:12:52',630,12,'81bbec7d63377535'),(821,438.800,2022,1,'2022-01-08 17:08:28','2022-01-09 11:12:52',286,12,'81bbec7d63377535'),(822,494.650,2022,1,'2022-01-08 17:08:28','2022-01-09 11:12:52',631,12,'81bbec7d63377535'),(823,0.260,2022,1,'2022-01-08 17:08:28','2022-07-27 15:27:21',287,12,'81bbec7d63377535'),(824,2.080,2022,1,'2022-01-08 17:08:28','2022-07-27 15:27:48',288,12,'81bbec7d63377535'),(825,3.560,2022,1,'2022-01-08 17:08:28','2022-07-27 15:30:27',632,12,'81bbec7d63377535'),(826,2.560,2022,1,'2022-01-08 17:08:28','2022-07-27 15:29:48',289,12,'81bbec7d63377535'),(827,0.000,2022,1,'2022-01-08 17:08:28','2022-01-09 11:12:52',290,12,'81bbec7d63377535'),(828,327.850,2022,1,'2022-01-08 17:08:28','2022-01-09 11:12:52',633,12,'81bbec7d63377535'),(829,64.290,2022,1,'2022-01-08 17:08:28','2022-01-09 11:12:52',291,12,'81bbec7d63377535'),(830,43.710,2022,1,'2022-01-08 17:08:28','2022-01-09 11:12:52',634,12,'81bbec7d63377535'),(831,43.710,2022,1,'2022-01-08 17:08:28','2022-01-09 11:12:52',635,12,'81bbec7d63377535'),(832,14.050,2022,1,'2022-01-08 17:08:28','2022-07-27 13:08:53',292,12,'81bbec7d63377535'),(833,0.000,2022,1,'2022-01-08 17:08:28','2022-01-09 11:12:52',293,12,'81bbec7d63377535'),(834,12.540,2022,1,'2022-01-08 17:08:28','2022-07-27 15:25:53',636,12,'81bbec7d63377535'),(835,0.000,2022,1,'2022-01-08 17:08:28','2022-01-09 11:12:52',294,12,'81bbec7d63377535'),(836,25.160,2022,1,'2022-01-08 17:08:28','2022-01-09 11:12:52',295,12,'81bbec7d63377535'),(837,81.910,2022,1,'2022-01-08 17:08:28','2022-01-09 11:12:52',296,12,'81bbec7d63377535'),(838,6.970,2022,1,'2022-01-08 17:08:28','2022-01-09 11:12:52',637,12,'81bbec7d63377535'),(839,35.600,2022,1,'2022-01-08 17:08:28','2022-01-09 11:12:52',297,12,'81bbec7d63377535'),(840,25.170,2022,1,'2022-01-08 17:08:28','2022-01-09 11:12:52',638,12,'81bbec7d63377535'),(841,511.140,2022,1,'2022-01-08 17:08:28','2022-01-09 11:12:52',639,12,'81bbec7d63377535'),(842,1998.070,2022,1,'2022-01-08 17:08:28','2022-01-09 11:12:52',298,12,'81bbec7d63377535'),(843,1863.830,2022,1,'2022-01-08 17:08:28','2022-01-09 11:12:52',299,12,'81bbec7d63377535'),(844,3097.780,2022,1,'2022-01-08 17:08:28','2022-01-09 11:12:52',300,12,'81bbec7d63377535'),(845,1.880,2022,1,'2022-01-08 17:08:28','2022-01-09 11:12:52',301,12,'81bbec7d63377535'),(846,1.390,2022,1,'2022-01-08 17:08:28','2022-07-27 13:13:23',302,12,'81bbec7d63377535'),(847,1.960,2022,1,'2022-01-08 17:08:28','2022-07-27 12:01:59',303,12,'81bbec7d63377535'),(848,1.320,2022,1,'2022-01-08 17:08:28','2022-01-09 11:12:52',640,12,'81bbec7d63377535'),(849,0.000,2022,1,'2022-01-08 17:08:28','2022-01-09 11:12:52',304,12,'81bbec7d63377535'),(850,1.250,2022,1,'2022-01-08 17:08:28','2022-01-09 11:12:52',641,12,'81bbec7d63377535'),(851,1.250,2022,1,'2022-01-08 17:08:28','2022-01-09 11:12:52',642,12,'81bbec7d63377535'),(852,1.250,2022,1,'2022-01-08 17:08:28','2022-01-09 11:12:52',306,12,'81bbec7d63377535'),(853,0.290,2022,1,'2022-01-08 17:08:29','2022-01-09 11:12:52',643,12,'81bbec7d63377535'),(854,0.650,2022,1,'2022-01-08 17:08:29','2022-01-09 11:12:52',307,12,'81bbec7d63377535'),(855,0.650,2022,1,'2022-01-08 17:08:29','2022-01-09 11:12:52',308,12,'81bbec7d63377535'),(856,1.250,2022,1,'2022-01-08 17:08:29','2022-01-09 11:12:52',309,12,'81bbec7d63377535'),(857,1.250,2022,1,'2022-01-08 17:08:29','2022-01-09 11:12:52',644,12,'81bbec7d63377535'),(858,1.250,2022,1,'2022-01-08 17:08:29','2022-01-09 11:12:52',310,12,'81bbec7d63377535'),(859,66.470,2022,1,'2022-01-08 17:08:29','2022-01-09 11:12:52',311,12,'81bbec7d63377535'),(860,0.000,2022,1,'2022-01-08 17:08:29','2022-01-09 11:12:52',312,12,'81bbec7d63377535'),(861,64.010,2022,1,'2022-01-08 17:08:29','2022-01-09 11:12:53',645,12,'81bbec7d63377535'),(862,74.340,2022,1,'2022-01-08 17:08:29','2022-01-09 11:12:53',646,12,'81bbec7d63377535'),(863,68.530,2022,1,'2022-01-08 17:08:29','2022-01-09 11:12:53',647,12,'81bbec7d63377535'),(864,97.050,2022,1,'2022-01-08 17:08:29','2022-01-09 11:12:53',648,12,'81bbec7d63377535'),(865,0.000,2022,1,'2022-01-08 17:08:29','2022-01-09 11:12:53',313,12,'81bbec7d63377535'),(866,0.000,2022,1,'2022-01-08 17:08:29','2022-01-09 11:12:53',314,12,'81bbec7d63377535'),(867,2132.160,2022,1,'2022-01-08 17:08:29','2022-01-09 11:12:53',315,12,'81bbec7d63377535'),(868,2459.410,2022,1,'2022-01-08 17:08:29','2022-01-09 11:12:53',649,12,'81bbec7d63377535'),(869,3636.370,2022,1,'2022-01-08 17:08:29','2022-01-09 11:12:53',650,12,'81bbec7d63377535'),(870,0.190,2022,1,'2022-01-08 17:08:29','2022-01-09 11:12:53',316,12,'81bbec7d63377535'),(871,0.780,2022,1,'2022-01-08 17:08:29','2022-01-09 11:12:53',651,12,'81bbec7d63377535'),(872,26.920,2022,1,'2022-01-08 17:08:29','2022-07-27 13:16:02',317,12,'81bbec7d63377535'),(873,21.720,2022,1,'2022-01-08 17:08:29','2022-07-27 13:33:06',318,12,'81bbec7d63377535'),(874,56.420,2022,1,'2022-01-08 17:08:29','2022-07-27 13:27:03',319,12,'81bbec7d63377535'),(875,56.420,2022,1,'2022-01-08 17:08:29','2022-07-27 13:25:45',320,12,'81bbec7d63377535'),(876,0.020,2022,1,'2022-01-08 17:08:29','2022-01-09 11:12:53',321,12,'81bbec7d63377535'),(877,0.090,2022,1,'2022-01-08 17:08:29','2022-01-09 11:12:53',323,12,'81bbec7d63377535'),(878,0.050,2022,1,'2022-01-08 17:08:29','2022-01-09 11:12:53',324,12,'81bbec7d63377535'),(879,0.040,2022,1,'2022-01-08 17:08:29','2022-01-09 11:12:53',325,12,'81bbec7d63377535'),(880,0.060,2022,1,'2022-01-08 17:08:29','2022-01-09 11:12:53',652,12,'81bbec7d63377535'),(881,0.030,2022,1,'2022-01-08 17:08:29','2022-01-09 11:12:53',326,12,'81bbec7d63377535'),(882,4.170,2022,1,'2022-01-08 17:08:29','2022-07-27 13:59:31',653,12,'81bbec7d63377535'),(883,0.540,2022,1,'2022-01-08 17:08:29','2022-07-27 13:59:49',654,12,'81bbec7d63377535'),(884,0.000,2022,1,'2022-01-08 17:08:29','2022-01-09 11:12:53',327,12,'81bbec7d63377535'),(885,0.210,2022,1,'2022-01-08 17:08:29','2022-01-09 11:12:53',655,12,'81bbec7d63377535'),(886,6.280,2022,1,'2022-01-08 17:08:29','2022-07-27 12:01:07',328,12,'81bbec7d63377535'),(887,3.000,2022,1,'2022-01-08 17:08:29','2022-01-09 11:12:53',656,12,'81bbec7d63377535'),(888,8.910,2022,1,'2022-01-08 17:08:29','2022-07-27 12:51:10',657,12,'81bbec7d63377535'),(889,3.470,2022,1,'2022-01-08 17:08:29','2022-01-09 11:12:53',658,12,'81bbec7d63377535'),(890,4.800,2022,1,'2022-01-08 17:08:29','2022-01-09 11:12:53',659,12,'81bbec7d63377535'),(891,10.020,2022,1,'2022-01-08 17:08:29','2022-01-09 11:12:53',660,12,'81bbec7d63377535'),(892,3.350,2022,1,'2022-01-08 17:08:29','2022-01-09 11:12:53',661,12,'81bbec7d63377535'),(893,5.460,2022,1,'2022-01-08 17:08:29','2022-07-27 13:20:44',662,12,'81bbec7d63377535'),(894,944.480,2022,1,'2022-01-08 17:08:29','2022-01-09 11:12:53',329,12,'81bbec7d63377535'),(895,296.880,2022,1,'2022-01-08 17:08:29','2022-01-09 11:12:53',330,12,'81bbec7d63377535'),(896,0.080,2022,1,'2022-01-08 17:08:29','2022-01-09 11:12:53',663,12,'81bbec7d63377535'),(897,0.440,2022,1,'2022-01-08 17:08:29','2022-01-09 11:12:53',664,12,'81bbec7d63377535'),(898,0.280,2022,1,'2022-01-08 17:08:29','2022-01-09 11:12:53',665,12,'81bbec7d63377535'),(899,0.900,2022,1,'2022-01-08 17:08:29','2022-01-09 11:12:53',331,12,'81bbec7d63377535'),(900,21.810,2022,1,'2022-01-08 17:08:29','2022-01-09 11:12:53',666,12,'81bbec7d63377535'),(901,7.320,2022,1,'2022-01-08 17:08:29','2022-01-09 11:12:53',332,12,'81bbec7d63377535'),(902,116.170,2022,1,'2022-01-08 17:08:29','2022-01-09 11:12:53',667,12,'81bbec7d63377535'),(903,90.350,2022,1,'2022-01-08 17:08:29','2022-01-09 11:12:53',333,12,'81bbec7d63377535'),(904,89.260,2022,1,'2022-01-08 17:08:29','2022-01-09 11:12:53',334,12,'81bbec7d63377535'),(905,43.960,2022,1,'2022-01-08 17:08:29','2022-01-09 11:12:53',335,12,'81bbec7d63377535'),(906,13.580,2022,1,'2022-01-08 17:08:29','2022-01-09 11:12:53',336,12,'81bbec7d63377535'),(907,39.120,2022,1,'2022-01-08 17:08:29','2022-01-09 11:12:53',337,12,'81bbec7d63377535'),(908,141.040,2022,1,'2022-01-08 17:08:29','2022-01-09 11:12:53',338,12,'81bbec7d63377535'),(909,456.270,2022,1,'2022-01-08 17:08:29','2022-01-09 11:12:53',339,12,'81bbec7d63377535'),(910,143.400,2022,1,'2022-01-08 17:08:29','2022-01-09 11:12:53',340,12,'81bbec7d63377535'),(911,287.800,2022,1,'2022-01-08 17:08:29','2022-01-09 11:12:53',341,12,'81bbec7d63377535'),(912,290.990,2022,1,'2022-01-08 17:08:29','2022-01-09 11:12:53',342,12,'81bbec7d63377535'),(913,93.280,2022,1,'2022-01-08 17:08:29','2022-01-09 11:12:53',343,12,'81bbec7d63377535'),(914,400.220,2022,1,'2022-01-08 17:08:29','2022-01-09 11:12:53',344,12,'81bbec7d63377535'),(915,76.150,2022,1,'2022-01-08 17:08:29','2022-01-09 11:12:53',345,12,'81bbec7d63377535'),(916,76.150,2022,1,'2022-01-08 17:08:29','2022-01-09 11:12:53',346,12,'81bbec7d63377535'),(917,62.550,2022,1,'2022-01-08 17:08:29','2022-07-27 11:57:42',347,12,'81bbec7d63377535'),(918,28.150,2022,1,'2022-01-08 17:08:29','2022-07-27 11:57:10',348,12,'81bbec7d63377535'),(919,508.430,2022,1,'2022-01-08 17:08:29','2022-01-09 11:12:53',668,12,'81bbec7d63377535'),(920,0.200,2022,1,'2022-01-08 17:08:29','2022-01-09 11:12:53',349,12,'81bbec7d63377535'),(921,0.250,2022,1,'2022-01-08 17:08:29','2022-01-09 11:12:53',350,12,'81bbec7d63377535'),(922,0.080,2022,1,'2022-01-08 17:08:29','2022-01-09 11:12:53',669,12,'81bbec7d63377535'),(923,0.040,2022,1,'2022-01-08 17:08:29','2022-01-09 11:12:53',670,12,'81bbec7d63377535'),(924,0.130,2022,1,'2022-01-08 17:08:29','2022-01-09 11:12:53',351,12,'81bbec7d63377535'),(925,1.050,2022,1,'2022-01-08 17:08:29','2022-01-09 11:12:53',352,12,'81bbec7d63377535'),(926,0.260,2022,1,'2022-01-08 17:08:29','2022-07-27 13:56:20',353,12,'81bbec7d63377535'),(927,0.050,2022,1,'2022-01-08 17:08:29','2022-01-09 11:12:53',671,12,'81bbec7d63377535'),(928,0.030,2022,1,'2022-01-08 17:08:29','2022-01-09 11:12:53',354,12,'81bbec7d63377535'),(929,0.110,2022,1,'2022-01-08 17:08:29','2022-01-09 11:12:53',355,12,'81bbec7d63377535'),(930,0.660,2022,1,'2022-01-08 17:08:29','2022-01-09 11:12:53',356,12,'81bbec7d63377535'),(931,0.020,2022,1,'2022-01-08 17:08:29','2022-01-09 11:12:53',357,12,'81bbec7d63377535'),(932,0.580,2022,1,'2022-01-08 17:08:29','2022-01-09 11:12:53',358,12,'81bbec7d63377535'),(933,0.040,2022,1,'2022-01-08 17:08:29','2022-01-09 11:12:53',359,12,'81bbec7d63377535'),(934,0.170,2022,1,'2022-01-08 17:08:29','2022-01-09 11:12:53',360,12,'81bbec7d63377535'),(935,0.050,2022,1,'2022-01-08 17:08:29','2022-01-09 11:12:53',672,12,'81bbec7d63377535'),(936,0.080,2022,1,'2022-01-08 17:08:29','2022-01-09 11:12:53',361,12,'81bbec7d63377535'),(937,0.310,2022,1,'2022-01-08 17:08:29','2022-07-27 13:55:02',362,12,'81bbec7d63377535'),(938,0.100,2022,1,'2022-01-08 17:08:29','2022-01-09 11:12:53',363,12,'81bbec7d63377535'),(939,0.080,2022,1,'2022-01-08 17:08:29','2022-01-09 11:12:53',364,12,'81bbec7d63377535'),(940,0.090,2022,1,'2022-01-08 17:08:29','2022-01-09 11:12:53',365,12,'81bbec7d63377535'),(941,0.000,2022,1,'2022-01-08 17:08:29','2022-01-09 11:12:53',366,12,'81bbec7d63377535'),(942,2.500,2022,1,'2022-01-08 17:08:29','2022-01-09 11:12:53',367,12,'81bbec7d63377535'),(943,1.140,2022,1,'2022-01-08 17:08:29','2022-01-09 11:12:53',368,12,'81bbec7d63377535'),(944,1.890,2022,1,'2022-01-08 17:08:29','2022-01-09 11:12:53',369,12,'81bbec7d63377535'),(945,1.890,2022,1,'2022-01-08 17:08:29','2022-01-09 11:12:53',370,12,'81bbec7d63377535'),(946,3.620,2022,1,'2022-01-08 17:08:29','2022-01-09 11:12:53',371,12,'81bbec7d63377535'),(947,1.660,2022,1,'2022-01-08 17:08:29','2022-01-09 11:12:53',372,12,'81bbec7d63377535'),(948,7.690,2022,1,'2022-01-08 17:08:29','2022-01-09 11:12:53',373,12,'81bbec7d63377535'),(949,9.920,2022,1,'2022-01-08 17:08:29','2022-01-09 11:12:53',374,12,'81bbec7d63377535'),(950,5.110,2022,1,'2022-01-08 17:08:29','2022-01-09 11:12:53',375,12,'81bbec7d63377535'),(951,37.630,2022,1,'2022-01-08 17:08:29','2022-01-09 11:12:53',376,12,'81bbec7d63377535'),(952,32.500,2022,1,'2022-01-08 17:08:29','2022-01-09 11:12:53',377,12,'81bbec7d63377535'),(953,436.540,2022,1,'2022-01-08 17:08:30','2022-01-09 11:12:53',378,12,'81bbec7d63377535'),(954,392.240,2022,1,'2022-01-08 17:08:30','2022-01-09 11:12:53',379,12,'81bbec7d63377535'),(955,37.630,2022,1,'2022-01-08 17:08:30','2022-01-09 11:12:53',673,12,'81bbec7d63377535'),(956,261.420,2022,1,'2022-01-08 17:08:30','2022-01-09 11:12:53',674,12,'81bbec7d63377535'),(957,135.130,2022,1,'2022-01-08 17:08:30','2022-01-09 11:12:53',675,12,'81bbec7d63377535'),(958,128.280,2022,1,'2022-01-08 17:08:30','2022-01-09 11:12:53',676,12,'81bbec7d63377535'),(959,35.100,2022,1,'2022-01-08 17:08:30','2022-07-27 11:47:09',677,12,'81bbec7d63377535'),(960,568.440,2022,1,'2022-01-08 17:08:30','2022-01-09 11:12:53',380,12,'81bbec7d63377535'),(961,0.000,2022,1,'2022-01-08 17:08:30','2022-01-09 11:12:53',381,12,'81bbec7d63377535'),(962,542.300,2022,1,'2022-01-08 17:08:30','2022-01-09 11:12:53',382,12,'81bbec7d63377535'),(963,613.970,2022,1,'2022-01-08 17:08:30','2022-08-10 13:40:22',383,12,'81bbec7d63377535'),(964,32.540,2022,1,'2022-01-08 17:08:30','2022-01-09 11:12:53',384,12,'81bbec7d63377535'),(965,35.270,2022,1,'2022-01-08 17:08:30','2022-01-09 11:12:53',385,12,'81bbec7d63377535'),(966,33.330,2022,1,'2022-01-08 17:08:30','2022-01-09 11:12:53',386,12,'81bbec7d63377535'),(967,33.630,2022,1,'2022-01-08 17:08:30','2022-01-09 11:12:53',678,12,'81bbec7d63377535'),(968,0.000,2022,1,'2022-01-08 17:08:30','2022-01-09 11:12:53',387,12,'81bbec7d63377535'),(969,0.000,2022,1,'2022-01-08 17:08:30','2022-01-09 11:12:53',388,12,'81bbec7d63377535'),(970,0.000,2022,1,'2022-01-08 17:08:30','2022-01-09 11:12:53',389,12,'81bbec7d63377535'),(971,212.850,2022,1,'2022-01-08 17:08:30','2022-01-09 11:12:53',679,12,'81bbec7d63377535'),(972,3.650,2022,1,'2022-01-08 17:08:30','2022-01-09 11:12:53',680,12,'81bbec7d63377535'),(973,44.280,2022,1,'2022-01-08 17:08:30','2022-01-09 11:12:53',681,12,'81bbec7d63377535'),(974,43.990,2022,1,'2022-01-08 17:08:30','2022-01-09 11:12:53',682,12,'81bbec7d63377535'),(975,2.800,2022,1,'2022-01-08 17:08:30','2022-01-09 11:12:53',683,12,'81bbec7d63377535'),(976,26.210,2022,1,'2022-01-08 17:08:30','2022-07-27 16:27:08',684,12,'81bbec7d63377535'),(977,73.450,2022,1,'2022-01-08 17:08:30','2022-07-27 16:27:39',685,12,'81bbec7d63377535'),(978,91.050,2022,1,'2022-01-08 17:08:30','2022-07-27 16:28:11',686,12,'81bbec7d63377535'),(979,170.800,2022,1,'2022-01-08 17:08:30','2022-07-27 16:28:52',687,12,'81bbec7d63377535'),(980,209.100,2022,1,'2022-01-08 17:08:30','2022-07-27 16:29:24',390,12,'81bbec7d63377535'),(981,228.610,2022,1,'2022-01-08 17:08:30','2022-07-27 16:29:55',391,12,'81bbec7d63377535'),(982,145.480,2022,1,'2022-01-08 17:08:30','2022-01-09 11:12:53',688,12,'81bbec7d63377535'),(983,47.980,2022,1,'2022-01-08 17:08:30','2022-01-09 11:12:53',689,12,'81bbec7d63377535'),(984,175.620,2022,1,'2022-01-08 17:08:30','2022-01-09 11:12:53',392,12,'81bbec7d63377535'),(985,50.560,2022,1,'2022-01-08 17:08:30','2022-01-09 11:12:53',393,12,'81bbec7d63377535'),(986,8.790,2022,1,'2022-01-08 17:08:30','2022-01-09 11:12:53',690,12,'81bbec7d63377535'),(987,84.240,2022,1,'2022-01-08 17:08:30','2022-01-09 11:12:53',691,12,'81bbec7d63377535'),(988,178.120,2022,1,'2022-01-08 17:08:30','2022-01-09 11:12:53',394,12,'81bbec7d63377535'),(989,276.830,2022,1,'2022-01-08 17:08:30','2022-01-09 11:12:53',395,12,'81bbec7d63377535'),(990,1598.040,2022,1,'2022-01-08 17:08:30','2022-01-09 11:12:53',396,12,'81bbec7d63377535'),(991,84.970,2022,1,'2022-01-08 17:08:30','2022-01-09 11:12:53',692,12,'81bbec7d63377535'),(992,47.980,2022,1,'2022-01-08 17:08:30','2022-01-09 11:12:53',693,12,'81bbec7d63377535'),(993,49.200,2022,1,'2022-01-08 17:08:30','2022-01-09 11:12:53',694,12,'81bbec7d63377535'),(994,149.280,2022,1,'2022-01-08 17:08:30','2022-01-09 11:12:53',695,12,'81bbec7d63377535'),(995,145.490,2022,1,'2022-01-08 17:08:30','2022-01-09 11:12:53',696,12,'81bbec7d63377535'),(996,133.360,2022,1,'2022-01-08 17:08:30','2022-01-09 11:12:53',397,12,'81bbec7d63377535'),(997,539.730,2022,1,'2022-01-08 17:08:30','2022-01-09 11:12:54',697,12,'81bbec7d63377535'),(998,433.810,2022,1,'2022-01-08 17:08:30','2022-01-09 11:12:54',698,12,'81bbec7d63377535'),(999,111.650,2022,1,'2022-01-08 17:08:30','2022-01-09 11:12:54',398,12,'81bbec7d63377535'),(1000,190.510,2022,1,'2022-01-08 17:08:30','2022-01-09 11:12:54',699,12,'81bbec7d63377535'),(1001,84.670,2022,1,'2022-01-08 17:08:30','2022-01-09 11:12:54',700,12,'81bbec7d63377535'),(1002,0.930,2022,1,'2022-01-08 17:08:30','2022-01-09 11:12:54',399,12,'81bbec7d63377535'),(1003,36.810,2022,1,'2022-01-09 11:05:37','2022-01-09 11:12:54',40,12,'81bbec7d63377535'),(1004,36.510,2022,1,'2022-01-09 11:05:37','2022-01-09 11:12:54',701,12,'81bbec7d63377535'),(1005,3.180,2022,1,'2022-01-09 11:05:37','2022-07-27 14:19:54',52,12,'81bbec7d63377535'),(1006,27.110,2022,1,'2022-01-09 11:05:37','2022-01-09 11:12:54',57,12,'81bbec7d63377535'),(1007,36.010,2022,1,'2022-01-09 11:05:37','2022-01-09 11:12:54',59,12,'81bbec7d63377535'),(1008,29.540,2022,1,'2022-01-09 11:05:37','2022-01-09 11:12:54',60,12,'81bbec7d63377535'),(1009,32.710,2022,1,'2022-01-09 11:05:37','2022-01-09 11:12:54',62,12,'81bbec7d63377535'),(1010,4.140,2022,1,'2022-01-09 11:05:37','2022-01-09 11:12:54',137,12,'81bbec7d63377535'),(1011,0.130,2022,1,'2022-01-09 11:05:37','2022-01-09 11:12:54',702,12,'81bbec7d63377535'),(1012,23.680,2022,1,'2022-01-09 11:05:37','2022-07-27 16:51:34',208,12,'81bbec7d63377535'),(1013,12.340,2022,1,'2022-01-09 11:05:37','2022-07-27 17:13:38',214,12,'81bbec7d63377535'),(1014,29.710,2022,1,'2022-01-09 11:05:37','2022-01-09 11:12:54',224,12,'81bbec7d63377535'),(1015,0.330,2022,1,'2022-01-09 11:05:37','2022-01-09 11:12:54',703,12,'81bbec7d63377535'),(1016,0.850,2022,1,'2022-01-09 11:05:37','2022-01-09 11:12:54',704,12,'81bbec7d63377535'),(1017,14.450,2022,1,'2022-01-09 11:05:37','2022-01-09 11:12:54',243,12,'81bbec7d63377535'),(1018,107.130,2022,1,'2022-01-09 11:05:37','2022-01-09 11:12:54',705,12,'81bbec7d63377535'),(1019,1.250,2022,1,'2022-01-09 11:05:37','2022-01-09 11:12:54',305,12,'81bbec7d63377535'),(1020,0.070,2022,1,'2022-01-09 11:05:37','2022-01-09 11:12:54',706,12,'81bbec7d63377535'),(1021,0.030,2022,1,'2022-01-09 11:05:37','2022-01-09 11:12:54',322,12,'81bbec7d63377535'),(1022,0.010,2022,1,'2022-01-09 11:05:37','2022-01-09 11:12:54',707,12,'81bbec7d63377535'),(1023,0.020,2022,1,'2022-01-09 11:05:37','2022-01-09 11:12:54',708,12,'81bbec7d63377535'),(1024,85.190,2022,1,'2022-01-09 11:05:37','2022-01-09 11:12:54',709,12,'81bbec7d63377535'),(1025,46.470,2022,1,'2022-01-09 11:05:37','2022-01-09 11:12:54',710,12,'81bbec7d63377535'),(1026,0.100,2022,1,'2022-01-09 11:05:37','2022-01-09 11:12:54',711,12,'81bbec7d63377535'),(1027,6.770,2022,14,'2022-01-09 11:15:16','2022-01-09 11:15:16',712,12,'64be72a2129fecec'),(1028,2.650,2022,14,'2022-01-09 11:15:16','2022-01-09 11:15:16',713,12,'64be72a2129fecec'),(1029,1.640,2022,14,'2022-01-09 11:15:16','2022-01-09 11:15:16',714,12,'64be72a2129fecec'),(1030,8.280,2022,14,'2022-01-09 11:15:16','2022-01-09 11:15:16',715,12,'64be72a2129fecec'),(1031,15.600,2022,14,'2022-01-09 11:15:16','2022-01-09 11:15:16',716,12,'64be72a2129fecec'),(1032,3.630,2022,14,'2022-01-09 11:15:16','2022-01-09 11:15:16',717,12,'64be72a2129fecec'),(1033,1.900,2022,14,'2022-01-09 11:15:16','2022-01-09 11:15:16',718,12,'64be72a2129fecec'),(1034,9.370,2022,14,'2022-01-09 11:15:16','2022-01-09 11:15:16',719,12,'64be72a2129fecec'),(1035,4.090,2022,14,'2022-01-09 11:15:16','2022-01-09 11:15:16',720,12,'64be72a2129fecec'),(1036,2.280,2022,14,'2022-01-09 11:15:16','2022-01-09 11:15:16',721,12,'64be72a2129fecec'),(1037,6.050,2022,14,'2022-01-09 11:15:16','2022-01-09 11:15:16',722,12,'64be72a2129fecec'),(1038,3.920,2022,14,'2022-01-09 11:15:16','2022-01-09 11:15:16',723,12,'64be72a2129fecec'),(1039,3.360,2022,14,'2022-01-09 11:15:16','2022-01-09 11:15:16',724,12,'64be72a2129fecec'),(1040,12.320,2022,14,'2022-01-09 11:15:16','2022-01-09 11:15:16',725,12,'64be72a2129fecec'),(1041,7.150,2022,14,'2022-01-09 11:15:16','2022-01-09 11:15:16',726,12,'64be72a2129fecec'),(1042,1.550,2022,14,'2022-01-09 11:15:16','2022-01-09 11:15:16',727,12,'64be72a2129fecec'),(1043,1.920,2022,14,'2022-01-09 11:15:16','2022-01-09 11:15:16',728,12,'64be72a2129fecec'),(1044,2.010,2022,14,'2022-01-09 11:15:16','2022-01-09 11:15:16',729,12,'64be72a2129fecec'),(1045,3.380,2022,14,'2022-01-09 11:15:16','2022-01-09 11:15:16',730,12,'64be72a2129fecec'),(1046,1.910,2022,14,'2022-01-09 11:15:16','2022-01-09 11:15:16',731,12,'64be72a2129fecec'),(1047,5.390,2022,14,'2022-01-09 11:15:16','2022-01-09 11:15:16',732,12,'64be72a2129fecec'),(1048,13.960,2022,14,'2022-01-09 11:15:16','2022-01-09 11:15:16',733,12,'64be72a2129fecec'),(1049,5.370,2022,14,'2022-01-09 11:15:16','2022-01-09 11:15:16',734,12,'64be72a2129fecec'),(1050,2.110,2022,14,'2022-01-09 11:15:16','2022-01-09 11:15:16',735,12,'64be72a2129fecec'),(1051,2.550,2022,14,'2022-01-09 11:15:16','2022-01-09 11:15:16',736,12,'64be72a2129fecec'),(1052,1.430,2022,14,'2022-01-09 11:15:16','2022-01-09 11:15:16',737,12,'64be72a2129fecec'),(1053,2.140,2022,14,'2022-01-09 11:15:16','2022-01-09 11:15:16',738,12,'64be72a2129fecec'),(1054,1.850,2022,14,'2022-01-09 11:15:16','2022-01-09 11:15:16',739,12,'64be72a2129fecec'),(1055,12.680,2022,14,'2022-01-09 11:15:16','2022-01-09 11:15:16',740,12,'64be72a2129fecec'),(1056,18.030,2022,14,'2022-01-09 11:15:16','2022-01-09 11:15:16',741,12,'64be72a2129fecec'),(1057,26.790,2022,14,'2022-01-09 11:15:16','2022-01-09 11:15:16',742,12,'64be72a2129fecec'),(1058,38.450,2022,14,'2022-01-09 11:15:16','2022-01-09 11:15:16',743,12,'64be72a2129fecec'),(1059,15.980,2022,14,'2022-01-09 11:15:16','2022-01-09 11:15:16',744,12,'64be72a2129fecec'),(1060,24.690,2022,14,'2022-01-09 11:15:16','2022-01-09 11:15:16',745,12,'64be72a2129fecec'),(1061,5.710,2022,14,'2022-01-09 11:15:16','2022-01-09 11:15:16',746,12,'64be72a2129fecec'),(1062,6.900,2022,14,'2022-01-09 11:15:16','2022-01-09 11:15:16',747,12,'64be72a2129fecec'),(1063,8.280,2022,14,'2022-01-09 11:15:16','2022-01-09 11:15:16',748,12,'64be72a2129fecec'),(1064,11.410,2022,14,'2022-01-09 11:15:16','2022-01-09 11:15:16',749,12,'64be72a2129fecec'),(1065,5.270,2022,14,'2022-01-09 11:15:16','2022-01-09 11:15:16',750,12,'64be72a2129fecec'),(1066,5.190,2022,14,'2022-01-09 11:15:16','2022-01-09 11:15:16',751,12,'64be72a2129fecec'),(1067,1.230,2022,14,'2022-01-09 11:15:16','2022-01-09 11:15:16',752,12,'64be72a2129fecec'),(1068,1.560,2022,14,'2022-01-09 11:15:16','2022-01-09 11:15:16',753,12,'64be72a2129fecec'),(1069,2.430,2022,14,'2022-01-09 11:15:16','2022-01-09 11:15:16',754,12,'64be72a2129fecec'),(1070,3.270,2022,14,'2022-01-09 11:15:16','2022-01-09 11:15:16',755,12,'64be72a2129fecec'),(1071,5.700,2022,14,'2022-01-09 11:15:16','2022-01-09 11:15:16',756,12,'64be72a2129fecec'),(1072,1.020,2022,14,'2022-01-09 11:15:16','2022-01-09 11:15:16',757,12,'64be72a2129fecec'),(1073,1.030,2022,14,'2022-01-09 11:15:16','2022-01-09 11:15:16',758,12,'64be72a2129fecec'),(1074,7.890,2022,14,'2022-01-09 11:15:16','2022-01-09 11:15:16',759,12,'64be72a2129fecec'),(1075,3.490,2022,14,'2022-01-09 11:15:17','2022-01-09 11:15:17',760,12,'64be72a2129fecec'),(1076,2.580,2022,14,'2022-01-09 11:15:17','2022-01-09 11:15:17',761,12,'64be72a2129fecec'),(1077,2.360,2022,14,'2022-01-09 11:15:17','2022-01-09 11:15:17',762,12,'64be72a2129fecec'),(1078,4.120,2022,14,'2022-01-09 11:15:17','2022-01-09 11:15:17',763,12,'64be72a2129fecec'),(1079,5.660,2022,14,'2022-01-09 11:15:17','2022-01-09 11:15:17',764,12,'64be72a2129fecec'),(1080,5.930,2022,14,'2022-01-09 11:15:17','2022-01-09 11:15:17',765,12,'64be72a2129fecec'),(1081,6.430,2022,14,'2022-01-09 11:15:17','2022-01-09 11:15:17',766,12,'64be72a2129fecec'),(1082,5.840,2022,14,'2022-01-09 11:15:17','2022-01-09 11:15:17',767,12,'64be72a2129fecec'),(1083,3.160,2022,14,'2022-01-09 11:15:17','2022-01-09 11:15:17',768,12,'64be72a2129fecec'),(1084,2.750,2022,14,'2022-01-09 11:15:17','2022-01-09 11:15:17',769,12,'64be72a2129fecec'),(1085,22.990,2022,14,'2022-01-09 11:15:17','2022-01-09 11:15:17',770,12,'64be72a2129fecec'),(1086,9.610,2022,14,'2022-01-09 11:15:17','2022-01-09 11:15:17',771,12,'64be72a2129fecec'),(1087,9.960,2022,14,'2022-01-09 11:15:17','2022-01-09 11:15:17',772,12,'64be72a2129fecec'),(1088,8.390,2022,14,'2022-01-09 11:15:17','2022-01-09 11:15:17',773,12,'64be72a2129fecec'),(1089,5.950,2022,14,'2022-01-09 11:15:17','2022-01-09 11:15:17',774,12,'64be72a2129fecec'),(1090,15.040,2022,14,'2022-01-09 11:15:17','2022-01-09 11:15:17',775,12,'64be72a2129fecec'),(1091,12.290,2022,14,'2022-01-09 11:15:17','2022-01-09 11:15:17',776,12,'64be72a2129fecec'),(1092,8.780,2022,14,'2022-01-09 11:15:17','2022-01-09 11:15:17',777,12,'64be72a2129fecec'),(1093,9.160,2022,14,'2022-01-09 11:15:17','2022-01-09 11:15:17',778,12,'64be72a2129fecec'),(1094,5.740,2022,14,'2022-01-09 11:15:17','2022-01-09 11:15:17',779,12,'64be72a2129fecec'),(1095,6.930,2022,14,'2022-01-09 11:15:17','2022-01-09 11:15:17',780,12,'64be72a2129fecec'),(1096,21.250,2022,14,'2022-01-09 11:15:17','2022-01-09 11:15:17',781,12,'64be72a2129fecec'),(1097,13.490,2022,14,'2022-01-09 11:15:17','2022-01-09 11:15:17',782,12,'64be72a2129fecec'),(1098,15.020,2022,14,'2022-01-09 11:15:17','2022-01-09 11:15:17',783,12,'64be72a2129fecec'),(1099,26.950,2022,14,'2022-01-09 11:15:17','2022-01-09 11:15:17',784,12,'64be72a2129fecec'),(1100,5.220,2022,14,'2022-01-09 11:15:17','2022-01-09 11:15:17',785,12,'64be72a2129fecec'),(1101,8.300,2022,14,'2022-01-09 11:15:17','2022-01-09 11:15:17',786,12,'64be72a2129fecec'),(1102,5.350,2022,14,'2022-01-09 11:15:17','2022-01-09 11:15:17',787,12,'64be72a2129fecec'),(1103,9.450,2022,14,'2022-01-09 11:15:17','2022-01-09 11:15:17',788,12,'64be72a2129fecec'),(1104,7.020,2022,14,'2022-01-09 11:15:17','2022-01-09 11:15:17',789,12,'64be72a2129fecec'),(1105,7.070,2022,14,'2022-01-09 11:15:17','2022-01-09 11:15:17',790,12,'64be72a2129fecec'),(1106,5.810,2022,14,'2022-01-09 11:15:17','2022-01-09 11:15:17',791,12,'64be72a2129fecec'),(1107,3.220,2022,14,'2022-01-09 11:15:17','2022-01-09 11:15:17',792,12,'64be72a2129fecec'),(1108,2.360,2022,14,'2022-01-09 11:15:17','2022-01-09 11:15:17',793,12,'64be72a2129fecec'),(1109,4.430,2022,14,'2022-01-09 11:15:17','2022-01-09 11:15:17',794,12,'64be72a2129fecec'),(1110,4.460,2022,14,'2022-01-09 11:15:17','2022-01-09 11:15:17',795,12,'64be72a2129fecec'),(1111,5.250,2022,14,'2022-01-09 11:15:17','2022-01-09 11:15:17',796,12,'64be72a2129fecec'),(1112,1.510,2022,14,'2022-01-09 11:15:17','2022-01-09 11:15:17',797,12,'64be72a2129fecec'),(1113,1.870,2022,14,'2022-01-09 11:15:17','2022-01-09 11:15:17',798,12,'64be72a2129fecec'),(1114,1.440,2022,14,'2022-01-09 11:15:17','2022-01-09 11:15:17',799,12,'64be72a2129fecec'),(1115,0.780,2022,14,'2022-01-09 11:15:17','2022-01-09 11:15:17',800,12,'64be72a2129fecec'),(1116,0.750,2022,14,'2022-01-09 11:15:17','2022-01-09 11:15:17',801,12,'64be72a2129fecec'),(1117,0.670,2022,14,'2022-01-09 11:15:17','2022-01-09 11:15:17',802,12,'64be72a2129fecec'),(1118,2.280,2022,14,'2022-01-09 11:15:17','2022-01-09 11:15:17',803,12,'64be72a2129fecec'),(1119,2.360,2022,14,'2022-01-09 11:15:17','2022-01-09 11:15:17',804,12,'64be72a2129fecec'),(1120,1.230,2022,14,'2022-01-09 11:15:17','2022-01-09 11:15:17',805,12,'64be72a2129fecec'),(1121,0.990,2022,14,'2022-01-09 11:15:17','2022-01-09 11:15:17',806,12,'64be72a2129fecec'),(1122,3.880,2022,14,'2022-01-09 11:15:17','2022-01-09 11:15:17',807,12,'64be72a2129fecec'),(1123,1.830,2022,14,'2022-01-09 11:15:17','2022-01-09 11:15:17',808,12,'64be72a2129fecec'),(1124,1.800,2022,14,'2022-01-09 11:15:17','2022-01-09 11:15:17',809,12,'64be72a2129fecec'),(1125,1.500,2022,14,'2022-01-09 11:15:17','2022-01-09 11:15:17',810,12,'64be72a2129fecec'),(1126,3.470,2022,14,'2022-01-09 11:15:17','2022-01-09 11:15:17',811,12,'64be72a2129fecec'),(1127,1.240,2022,14,'2022-01-09 11:15:17','2022-01-09 11:15:17',812,12,'64be72a2129fecec'),(1128,1.500,2022,14,'2022-01-09 11:15:17','2022-01-09 11:15:17',813,12,'64be72a2129fecec'),(1129,3.890,2022,14,'2022-01-09 11:15:17','2022-01-09 11:15:17',814,12,'64be72a2129fecec'),(1130,2.220,2022,14,'2022-01-09 11:15:17','2022-01-09 11:15:17',815,12,'64be72a2129fecec'),(1131,2.960,2022,14,'2022-01-09 11:15:17','2022-01-09 11:15:17',816,12,'64be72a2129fecec'),(1132,1.910,2022,14,'2022-01-09 11:15:17','2022-01-09 11:15:17',817,12,'64be72a2129fecec'),(1133,1.690,2022,14,'2022-01-09 11:15:17','2022-01-09 11:15:17',818,12,'64be72a2129fecec'),(1134,2.490,2022,14,'2022-01-09 11:15:17','2022-01-09 11:15:17',819,12,'64be72a2129fecec'),(1135,2.220,2022,14,'2022-01-09 11:15:17','2022-01-09 11:15:17',820,12,'64be72a2129fecec'),(1136,3.250,2022,14,'2022-01-09 11:15:17','2022-01-09 11:15:17',821,12,'64be72a2129fecec'),(1137,2.400,2022,14,'2022-01-09 11:15:17','2022-01-09 11:15:17',822,12,'64be72a2129fecec'),(1138,3.060,2022,14,'2022-01-09 11:15:17','2022-01-09 11:15:17',823,12,'64be72a2129fecec'),(1139,2.980,2022,14,'2022-01-09 11:15:17','2022-01-09 11:15:17',824,12,'64be72a2129fecec'),(1140,8.650,2022,14,'2022-01-09 11:15:17','2022-01-09 11:15:17',825,12,'64be72a2129fecec'),(1141,3.420,2022,14,'2022-01-09 11:15:17','2022-01-09 11:15:17',826,12,'64be72a2129fecec'),(1142,2.560,2022,14,'2022-01-09 11:15:17','2022-01-09 11:15:17',827,12,'64be72a2129fecec'),(1143,6.680,2022,14,'2022-01-09 11:15:17','2022-01-09 11:15:17',828,12,'64be72a2129fecec'),(1144,10.610,2022,14,'2022-01-09 11:15:17','2022-01-09 11:15:17',829,12,'64be72a2129fecec'),(1145,4.670,2022,14,'2022-01-09 11:15:17','2022-01-09 11:15:17',830,12,'64be72a2129fecec'),(1146,4.920,2022,14,'2022-01-09 11:15:18','2022-01-09 11:15:18',831,12,'64be72a2129fecec'),(1147,9.290,2022,14,'2022-01-09 11:15:18','2022-01-09 11:15:18',832,12,'64be72a2129fecec'),(1148,27.150,2022,14,'2022-01-09 11:15:18','2022-01-09 11:15:18',833,12,'64be72a2129fecec'),(1149,4.070,2022,14,'2022-01-09 11:15:18','2022-01-09 11:15:18',834,12,'64be72a2129fecec'),(1150,12.120,2022,14,'2022-01-09 11:15:18','2022-01-09 11:15:18',835,12,'64be72a2129fecec'),(1151,9.330,2022,14,'2022-01-09 11:15:18','2022-01-09 11:15:18',836,12,'64be72a2129fecec'),(1152,7.760,2022,14,'2022-01-09 11:15:18','2022-01-09 11:15:18',837,12,'64be72a2129fecec'),(1153,21.450,2022,14,'2022-01-09 11:15:18','2022-01-09 11:15:18',838,12,'64be72a2129fecec'),(1154,19.440,2022,14,'2022-01-09 11:15:18','2022-01-09 11:15:18',839,12,'64be72a2129fecec'),(1155,5.490,2022,14,'2022-01-09 11:15:18','2022-01-09 11:15:18',840,12,'64be72a2129fecec'),(1156,5.280,2022,14,'2022-01-09 11:15:18','2022-01-09 11:15:18',841,12,'64be72a2129fecec'),(1157,3.420,2022,14,'2022-01-09 11:15:18','2022-01-09 11:15:18',842,12,'64be72a2129fecec'),(1158,3.670,2022,14,'2022-01-09 11:15:18','2022-01-09 11:15:18',843,12,'64be72a2129fecec'),(1159,3.290,2022,14,'2022-01-09 11:15:18','2022-01-09 11:15:18',844,12,'64be72a2129fecec'),(1160,6.240,2022,14,'2022-01-09 11:15:18','2022-01-09 11:15:18',845,12,'64be72a2129fecec'),(1161,4.940,2022,14,'2022-01-09 11:15:18','2022-01-09 11:15:18',846,12,'64be72a2129fecec'),(1162,5.320,2022,14,'2022-01-09 11:15:18','2022-01-09 11:15:18',847,12,'64be72a2129fecec'),(1163,4.030,2022,14,'2022-01-09 11:15:18','2022-01-09 11:15:18',848,12,'64be72a2129fecec'),(1164,6.810,2022,14,'2022-01-09 11:15:18','2022-01-09 11:15:18',849,12,'64be72a2129fecec'),(1165,7.390,2022,14,'2022-01-09 11:15:18','2022-01-09 11:15:18',850,12,'64be72a2129fecec'),(1166,20.640,2022,14,'2022-01-09 11:15:18','2022-01-09 11:15:18',851,12,'64be72a2129fecec'),(1167,14.520,2022,14,'2022-01-09 11:15:18','2022-01-09 11:15:18',852,12,'64be72a2129fecec'),(1168,8.960,2022,14,'2022-01-09 11:15:18','2022-01-09 11:15:18',853,12,'64be72a2129fecec'),(1169,26.580,2022,14,'2022-01-09 11:15:18','2022-01-09 11:15:18',854,12,'64be72a2129fecec'),(1170,17.370,2022,14,'2022-01-09 11:15:18','2022-01-09 11:15:18',855,12,'64be72a2129fecec'),(1171,50.940,2022,14,'2022-01-09 11:15:18','2022-01-09 11:15:18',856,12,'64be72a2129fecec'),(1172,7.620,2022,14,'2022-01-09 11:15:18','2022-01-09 11:15:18',857,12,'64be72a2129fecec'),(1173,3.010,2022,14,'2022-01-09 11:15:18','2022-01-09 11:15:18',858,12,'64be72a2129fecec'),(1174,3.090,2022,14,'2022-01-09 11:15:18','2022-01-09 11:15:18',859,12,'64be72a2129fecec'),(1175,3.570,2022,14,'2022-01-09 11:15:18','2022-01-09 11:15:18',860,12,'64be72a2129fecec'),(1176,3.430,2022,14,'2022-01-09 11:15:18','2022-01-09 11:15:18',861,12,'64be72a2129fecec'),(1177,7.130,2022,14,'2022-01-09 11:15:18','2022-01-09 11:15:18',862,12,'64be72a2129fecec'),(1178,16.310,2022,14,'2022-01-09 11:15:18','2022-01-09 11:15:18',863,12,'64be72a2129fecec'),(1179,14.280,2022,14,'2022-01-09 11:15:18','2022-01-09 11:15:18',864,12,'64be72a2129fecec'),(1180,9.300,2022,14,'2022-01-09 11:15:18','2022-01-09 11:15:18',865,12,'64be72a2129fecec'),(1181,9.320,2022,14,'2022-01-09 11:15:18','2022-01-09 11:15:18',866,12,'64be72a2129fecec'),(1182,9.990,2022,14,'2022-01-09 11:15:18','2022-01-09 11:15:18',867,12,'64be72a2129fecec'),(1183,3.960,2022,14,'2022-01-09 11:15:18','2022-01-09 11:15:18',868,12,'64be72a2129fecec'),(1184,21.810,2022,14,'2022-01-09 11:15:18','2022-01-09 11:15:18',869,12,'64be72a2129fecec'),(1185,17.730,2022,14,'2022-01-09 11:15:18','2022-01-09 11:15:18',870,12,'64be72a2129fecec'),(1186,4.620,2022,14,'2022-01-09 11:15:18','2022-01-09 11:15:18',871,12,'64be72a2129fecec'),(1187,5.910,2022,14,'2022-01-09 11:15:18','2022-01-09 11:15:18',872,12,'64be72a2129fecec'),(1188,3.870,2022,14,'2022-01-09 11:15:18','2022-01-09 11:15:18',873,12,'64be72a2129fecec'),(1189,5.850,2022,14,'2022-01-09 11:15:18','2022-01-09 11:15:18',874,12,'64be72a2129fecec'),(1190,7.380,2022,14,'2022-01-09 11:15:18','2022-01-09 11:15:18',875,12,'64be72a2129fecec'),(1191,4.380,2022,14,'2022-01-09 11:15:18','2022-01-09 11:15:18',876,12,'64be72a2129fecec'),(1192,3.900,2022,14,'2022-01-09 11:15:18','2022-01-09 11:15:18',877,12,'64be72a2129fecec'),(1193,4.380,2022,14,'2022-01-09 11:15:18','2022-01-09 11:15:18',878,12,'64be72a2129fecec'),(1194,19.680,2022,14,'2022-01-09 11:15:18','2022-01-09 11:15:18',879,12,'64be72a2129fecec'),(1195,1.800,2022,14,'2022-01-09 11:15:18','2022-01-09 11:15:18',880,12,'64be72a2129fecec'),(1196,2.460,2022,14,'2022-01-09 11:15:18','2022-01-09 11:15:18',881,12,'64be72a2129fecec'),(1197,1.590,2022,14,'2022-01-09 11:15:18','2022-01-09 11:15:18',882,12,'64be72a2129fecec'),(1198,1.620,2022,14,'2022-01-09 11:15:18','2022-01-09 11:15:18',883,12,'64be72a2129fecec'),(1199,5.380,2022,14,'2022-01-09 11:15:18','2022-01-09 11:15:18',884,12,'64be72a2129fecec'),(1200,1.230,2022,14,'2022-01-09 11:15:18','2022-01-09 11:15:18',885,12,'64be72a2129fecec'),(1201,2.110,2022,14,'2022-01-09 11:15:18','2022-01-09 11:15:18',886,12,'64be72a2129fecec'),(1202,2.980,2022,14,'2022-01-09 11:15:18','2022-01-09 11:15:18',887,12,'64be72a2129fecec'),(1203,3.200,2022,14,'2022-01-09 11:15:18','2022-01-09 11:15:18',888,12,'64be72a2129fecec'),(1204,3.260,2022,14,'2022-01-09 11:15:18','2022-01-09 11:15:18',889,12,'64be72a2129fecec'),(1205,5.580,2022,14,'2022-01-09 11:15:18','2022-01-09 11:15:18',890,12,'64be72a2129fecec'),(1206,3.050,2022,14,'2022-01-09 11:15:18','2022-01-09 11:15:18',891,12,'64be72a2129fecec'),(1207,5.320,2022,14,'2022-01-09 11:15:18','2022-01-09 11:15:18',892,12,'64be72a2129fecec'),(1208,4.720,2022,14,'2022-01-09 11:15:18','2022-01-09 11:15:18',893,12,'64be72a2129fecec'),(1209,6.810,2022,14,'2022-01-09 11:15:18','2022-01-09 11:15:18',894,12,'64be72a2129fecec'),(1210,6.360,2022,14,'2022-01-09 11:15:18','2022-01-09 11:15:18',895,12,'64be72a2129fecec'),(1211,8.950,2022,14,'2022-01-09 11:15:18','2022-01-09 11:15:18',896,12,'64be72a2129fecec'),(1212,14.520,2022,14,'2022-01-09 11:15:18','2022-01-09 11:15:18',897,12,'64be72a2129fecec'),(1213,8.610,2022,14,'2022-01-09 11:15:18','2022-01-09 11:15:18',898,12,'64be72a2129fecec'),(1214,16.860,2022,14,'2022-01-09 11:15:18','2022-01-09 11:15:18',899,12,'64be72a2129fecec'),(1215,50.940,2022,14,'2022-01-09 11:15:18','2022-01-09 11:15:18',900,12,'64be72a2129fecec'),(1216,5.790,2022,14,'2022-01-09 11:15:18','2022-01-09 11:15:18',901,12,'64be72a2129fecec'),(1217,2.520,2022,14,'2022-01-09 11:15:18','2022-01-09 11:15:18',902,12,'64be72a2129fecec'),(1218,5.490,2022,14,'2022-01-09 11:15:18','2022-01-09 11:15:18',903,12,'64be72a2129fecec'),(1219,4.830,2022,14,'2022-01-09 11:15:18','2022-01-09 11:15:18',904,12,'64be72a2129fecec'),(1220,2.880,2022,14,'2022-01-09 11:15:18','2022-01-09 11:15:18',905,12,'64be72a2129fecec'),(1221,3.360,2022,14,'2022-01-09 11:15:18','2022-01-09 11:15:18',906,12,'64be72a2129fecec'),(1222,4.080,2022,14,'2022-01-09 11:15:18','2022-01-09 11:15:18',907,12,'64be72a2129fecec'),(1223,4.320,2022,14,'2022-01-09 11:15:18','2022-01-09 11:15:18',908,12,'64be72a2129fecec'),(1224,13.690,2022,14,'2022-01-09 11:15:18','2022-01-09 11:15:18',909,12,'64be72a2129fecec'),(1225,9.760,2022,14,'2022-01-09 11:15:18','2022-01-09 11:15:18',910,12,'64be72a2129fecec'),(1226,9.320,2022,14,'2022-01-09 11:15:18','2022-01-09 11:15:18',911,12,'64be72a2129fecec'),(1227,9.030,2022,14,'2022-01-09 11:15:18','2022-01-09 11:15:18',912,12,'64be72a2129fecec'),(1228,3.960,2022,14,'2022-01-09 11:15:18','2022-01-09 11:15:18',913,12,'64be72a2129fecec'),(1229,22.770,2022,14,'2022-01-09 11:15:18','2022-01-09 11:15:18',914,12,'64be72a2129fecec'),(1230,16.800,2022,14,'2022-01-09 11:15:18','2022-01-09 11:15:18',915,12,'64be72a2129fecec'),(1231,4.320,2022,14,'2022-01-09 11:15:18','2022-01-09 11:15:18',916,12,'64be72a2129fecec'),(1232,5.670,2022,14,'2022-01-09 11:15:18','2022-01-09 11:15:18',917,12,'64be72a2129fecec'),(1233,22.650,2022,14,'2022-01-09 11:15:18','2022-01-09 11:15:18',918,12,'64be72a2129fecec'),(1234,3.960,2022,14,'2022-01-09 11:15:18','2022-01-09 11:15:18',919,12,'64be72a2129fecec'),(1235,5.850,2022,14,'2022-01-09 11:15:18','2022-01-09 11:15:18',920,12,'64be72a2129fecec'),(1236,7.380,2022,14,'2022-01-09 11:15:18','2022-01-09 11:15:18',921,12,'64be72a2129fecec'),(1237,4.380,2022,14,'2022-01-09 11:15:18','2022-01-09 11:15:18',922,12,'64be72a2129fecec'),(1238,3.780,2022,14,'2022-01-09 11:15:18','2022-01-09 11:15:18',923,12,'64be72a2129fecec'),(1239,4.380,2022,14,'2022-01-09 11:15:18','2022-01-09 11:15:18',924,12,'64be72a2129fecec'),(1240,12.840,2022,14,'2022-01-09 11:15:18','2022-01-09 11:15:18',925,12,'64be72a2129fecec'),(1241,7.000,2022,14,'2022-01-09 11:15:18','2022-01-09 11:15:18',926,12,'64be72a2129fecec'),(1242,2.580,2022,14,'2022-01-09 11:15:18','2022-01-09 11:15:18',927,12,'64be72a2129fecec'),(1243,3.090,2022,14,'2022-01-09 11:15:18','2022-01-09 11:15:18',928,12,'64be72a2129fecec'),(1244,2.370,2022,14,'2022-01-09 11:15:19','2022-01-09 11:15:19',929,12,'64be72a2129fecec'),(1245,2.760,2022,14,'2022-01-09 11:15:19','2022-01-09 11:15:19',930,12,'64be72a2129fecec'),(1246,1.380,2022,14,'2022-01-09 11:15:19','2022-01-09 11:15:19',931,12,'64be72a2129fecec'),(1247,1.620,2022,14,'2022-01-09 11:15:19','2022-01-09 11:15:19',932,12,'64be72a2129fecec'),(1248,5.310,2022,14,'2022-01-09 11:15:19','2022-01-09 11:15:19',933,12,'64be72a2129fecec'),(1249,1.560,2022,14,'2022-01-09 11:15:19','2022-01-09 11:15:19',934,12,'64be72a2129fecec'),(1250,2.130,2022,14,'2022-01-09 11:15:19','2022-01-09 11:15:19',935,12,'64be72a2129fecec'),(1251,2.130,2022,14,'2022-01-09 11:15:19','2022-01-09 11:15:19',936,12,'64be72a2129fecec'),(1252,2.400,2022,14,'2022-01-09 11:15:19','2022-01-09 11:15:19',937,12,'64be72a2129fecec'),(1253,2.040,2022,14,'2022-01-09 11:15:19','2022-01-09 11:15:19',938,12,'64be72a2129fecec'),(1254,2.280,2022,14,'2022-01-09 11:15:19','2022-01-09 11:15:19',939,12,'64be72a2129fecec'),(1255,16.310,2022,14,'2022-01-09 11:15:19','2022-01-09 11:15:19',940,12,'64be72a2129fecec'),(1256,4.260,2022,14,'2022-01-09 11:15:19','2022-01-09 11:15:19',941,12,'64be72a2129fecec'),(1257,4.260,2022,14,'2022-01-09 11:15:19','2022-01-09 11:15:19',942,12,'64be72a2129fecec'),(1258,8.880,2022,14,'2022-01-09 11:15:19','2022-01-09 11:15:19',943,12,'64be72a2129fecec'),(1259,9.030,2022,14,'2022-01-09 11:15:19','2022-01-09 11:15:19',944,12,'64be72a2129fecec'),(1260,10.770,2022,14,'2022-01-09 11:15:19','2022-01-09 11:15:19',945,12,'64be72a2129fecec'),(1261,4.640,2022,14,'2022-01-09 11:15:19','2022-01-09 11:15:19',946,12,'64be72a2129fecec'),(1262,5.580,2022,14,'2022-01-09 11:15:19','2022-01-09 11:15:19',947,12,'64be72a2129fecec'),(1263,4.350,2022,14,'2022-01-09 11:15:19','2022-01-09 11:15:19',948,12,'64be72a2129fecec'),(1264,2.220,2022,14,'2022-01-09 11:15:19','2022-01-09 11:15:19',949,12,'64be72a2129fecec'),(1265,12.000,2022,14,'2022-01-09 11:15:19','2022-01-09 11:15:19',950,12,'64be72a2129fecec'),(1266,12.750,2022,14,'2022-01-09 11:15:19','2022-01-09 11:15:19',951,12,'64be72a2129fecec'),(1267,2.370,2022,14,'2022-01-09 11:15:19','2022-01-09 11:15:19',952,12,'64be72a2129fecec'),(1268,14.280,2022,14,'2022-01-09 11:15:19','2022-01-09 11:15:19',953,12,'64be72a2129fecec'),(1269,1.830,2022,14,'2022-01-09 11:15:19','2022-01-09 11:15:19',954,12,'64be72a2129fecec'),(1270,3.270,2022,14,'2022-01-09 11:15:19','2022-01-09 11:15:19',955,12,'64be72a2129fecec'),(1271,4.530,2022,14,'2022-01-09 11:15:19','2022-01-09 11:15:19',956,12,'64be72a2129fecec'),(1272,1.830,2022,14,'2022-01-09 11:15:19','2022-01-09 11:15:19',957,12,'64be72a2129fecec'),(1273,2.130,2022,14,'2022-01-09 11:15:19','2022-01-09 11:15:19',958,12,'64be72a2129fecec'),(1274,3.000,2022,14,'2022-01-09 11:15:19','2022-01-09 11:15:19',959,12,'64be72a2129fecec'),(1275,34.200,2022,14,'2022-01-09 11:15:19','2022-01-09 11:15:19',960,12,'64be72a2129fecec'),(1276,14.750,2022,14,'2022-01-09 11:15:19','2022-01-09 11:15:19',961,12,'64be72a2129fecec'),(1277,1.880,2022,14,'2022-01-09 11:15:19','2022-01-09 11:15:19',962,12,'64be72a2129fecec'),(1278,1.450,2022,14,'2022-01-09 11:15:19','2022-01-09 11:15:19',963,12,'64be72a2129fecec'),(1279,1.540,2022,14,'2022-01-09 11:15:19','2022-01-09 11:15:19',964,12,'64be72a2129fecec'),(1280,2.970,2022,14,'2022-01-09 11:15:19','2022-01-09 11:15:19',965,12,'64be72a2129fecec'),(1281,2.130,2022,14,'2022-01-09 11:15:19','2022-01-09 11:15:19',966,12,'64be72a2129fecec'),(1282,3.240,2022,14,'2022-01-09 11:15:19','2022-01-09 11:15:19',967,12,'64be72a2129fecec'),(1283,2.210,2022,14,'2022-01-09 11:15:19','2022-01-09 11:15:19',968,12,'64be72a2129fecec'),(1284,3.750,2022,14,'2022-01-09 11:15:19','2022-01-09 11:15:19',969,12,'64be72a2129fecec'),(1285,3.410,2022,14,'2022-01-09 11:15:19','2022-01-09 11:15:19',970,12,'64be72a2129fecec'),(1286,4.650,2022,14,'2022-01-09 11:15:19','2022-01-09 11:15:19',971,12,'64be72a2129fecec'),(1287,6.300,2022,14,'2022-01-09 11:15:19','2022-01-09 11:15:19',972,12,'64be72a2129fecec'),(1288,4.060,2022,14,'2022-01-09 11:15:19','2022-01-09 11:15:19',973,12,'64be72a2129fecec'),(1289,8.640,2022,14,'2022-01-09 11:15:19','2022-01-09 11:15:19',974,12,'64be72a2129fecec'),(1290,7.560,2022,14,'2022-01-09 11:15:19','2022-01-09 11:15:19',975,12,'64be72a2129fecec'),(1291,16.740,2022,14,'2022-01-09 11:15:19','2022-01-09 11:15:19',976,12,'64be72a2129fecec'),(1292,2.350,2022,14,'2022-01-09 11:15:19','2022-01-09 11:15:19',977,12,'64be72a2129fecec'),(1293,1.360,2022,14,'2022-01-09 11:15:19','2022-01-09 11:15:19',978,12,'64be72a2129fecec'),(1294,9.990,2022,14,'2022-01-09 11:15:19','2022-01-09 11:15:19',979,12,'64be72a2129fecec'),(1295,10.380,2022,14,'2022-01-09 11:15:19','2022-01-09 11:15:19',980,12,'64be72a2129fecec'),(1296,5.040,2022,14,'2022-01-09 11:15:19','2022-01-09 11:15:19',981,12,'64be72a2129fecec'),(1297,4.560,2022,14,'2022-01-09 11:15:19','2022-01-09 11:15:19',982,12,'64be72a2129fecec'),(1298,2.010,2022,14,'2022-01-09 11:15:19','2022-01-09 11:15:19',983,12,'64be72a2129fecec'),(1299,14.670,2022,14,'2022-01-09 11:15:19','2022-01-09 11:15:19',984,12,'64be72a2129fecec'),(1300,8.820,2022,14,'2022-01-09 11:15:19','2022-01-09 11:15:19',985,12,'64be72a2129fecec'),(1301,2.520,2022,14,'2022-01-09 11:15:19','2022-01-09 11:15:19',986,12,'64be72a2129fecec'),(1302,3.000,2022,14,'2022-01-09 11:15:19','2022-01-09 11:15:19',987,12,'64be72a2129fecec'),(1303,9.390,2022,14,'2022-01-09 11:15:19','2022-01-09 11:15:19',988,12,'64be72a2129fecec'),(1304,1.650,2022,14,'2022-01-09 11:15:19','2022-01-09 11:15:19',989,12,'64be72a2129fecec'),(1305,3.150,2022,14,'2022-01-09 11:15:19','2022-01-09 11:15:19',990,12,'64be72a2129fecec'),(1306,3.570,2022,14,'2022-01-09 11:15:19','2022-01-09 11:15:19',991,12,'64be72a2129fecec'),(1307,1.890,2022,14,'2022-01-09 11:15:19','2022-01-09 11:15:19',992,12,'64be72a2129fecec'),(1308,1.830,2022,14,'2022-01-09 11:15:19','2022-01-09 11:15:19',993,12,'64be72a2129fecec'),(1309,2.280,2022,14,'2022-01-09 11:15:19','2022-01-09 11:15:19',994,12,'64be72a2129fecec'),(1310,40.500,2022,14,'2022-01-13 15:34:10','2022-01-13 15:34:10',995,10,NULL),(1311,23.980,2022,14,'2022-01-13 15:34:56','2022-01-13 15:34:56',996,10,NULL),(1312,22.850,2022,14,'2022-01-13 15:35:46','2022-01-13 15:35:46',997,10,NULL),(1313,16.250,2022,14,'2022-01-13 15:38:07','2022-01-13 15:38:07',998,10,NULL),(1314,44.850,2022,14,'2022-01-13 15:40:40','2022-01-13 15:40:40',999,10,NULL),(1315,44.850,2022,14,'2022-01-13 15:41:32','2022-01-13 15:41:32',1000,10,NULL),(1316,16.250,2022,14,'2022-01-13 15:42:18','2022-01-13 15:42:18',1001,10,NULL),(1317,78.880,2022,14,'2022-01-13 15:46:45','2022-01-13 15:46:45',1002,10,NULL),(1318,508.750,2022,1,'2022-01-12 19:42:49','2022-01-16 17:51:59',1003,1,'72ef8522b246beff'),(1319,0.000,2022,1,'2022-01-12 19:42:49','2022-01-16 17:51:59',1004,1,'72ef8522b246beff'),(1320,75.230,2022,1,'2022-01-12 19:42:49','2022-01-16 17:51:59',1005,1,'72ef8522b246beff'),(1321,71.070,2022,1,'2022-01-12 19:42:49','2022-01-16 17:51:59',1006,1,'72ef8522b246beff'),(1322,522.900,2022,1,'2022-01-12 19:42:49','2022-01-16 17:51:59',1007,1,'72ef8522b246beff'),(1323,12.560,2022,15,'2022-01-21 11:31:38','2022-01-21 11:31:38',1008,10,NULL),(1324,7.510,2022,15,'2022-01-28 16:49:34','2022-01-28 16:49:34',1009,10,NULL),(1325,30.950,2022,15,'2022-03-02 14:50:07','2022-03-02 14:50:07',1010,10,NULL),(1326,1.000,2022,15,'2022-03-02 14:52:31','2022-03-02 14:52:31',1011,10,NULL),(1327,1038.890,2022,15,'2022-04-21 16:45:45','2022-04-21 16:47:10',1012,10,NULL),(1328,28.770,2022,15,'2022-04-21 16:55:12','2022-07-29 16:45:30',1013,10,NULL),(1329,196.770,2022,15,'2022-05-09 14:10:43','2022-05-09 14:10:43',1014,10,NULL),(1330,3.420,2022,15,'2022-07-12 14:14:45','2022-07-12 14:14:45',1015,10,NULL),(1331,76.550,2022,15,'2022-07-12 14:34:23','2022-07-12 14:34:23',1016,10,NULL),(1332,10.570,2022,15,'2022-07-12 14:35:18','2022-07-12 14:35:18',1017,10,NULL),(1333,18.960,2022,15,'2022-07-27 11:33:59','2022-07-27 11:33:59',1018,10,NULL),(1334,76.630,2022,15,'2022-07-27 11:36:21','2022-07-27 11:36:21',1019,10,NULL),(1335,18.320,2022,15,'2022-07-27 11:45:54','2022-07-27 11:45:54',1020,10,NULL),(1336,4.540,2022,15,'2022-07-27 12:50:46','2022-07-27 12:50:46',1021,10,NULL),(1337,5.760,2022,15,'2022-07-27 12:53:23','2022-07-27 12:53:23',1022,10,NULL),(1338,3.820,2022,15,'2022-07-27 13:10:31','2022-07-27 13:10:31',1023,10,NULL),(1339,1.840,2022,15,'2022-07-27 13:12:45','2022-07-27 13:12:45',1024,10,NULL),(1340,1.160,2022,15,'2022-07-27 13:15:04','2022-07-27 13:15:04',1025,10,NULL),(1341,17.700,2022,15,'2022-07-27 13:17:26','2022-07-27 13:17:26',1026,10,NULL),(1342,5.690,2022,15,'2022-07-27 13:18:34','2022-07-27 13:18:34',1027,10,NULL),(1343,3.870,2022,15,'2022-07-27 13:19:51','2022-07-27 13:19:51',1028,10,NULL),(1344,21.720,2022,15,'2022-07-27 13:22:32','2022-07-27 13:22:32',1029,10,NULL),(1345,0.430,2022,15,'2022-07-27 13:57:14','2022-07-27 13:57:14',1030,10,NULL),(1346,1.140,2022,15,'2022-07-27 14:01:51','2022-07-27 14:01:51',1031,10,NULL),(1347,17.970,2022,15,'2022-07-27 14:02:52','2022-07-27 14:02:52',1032,10,NULL),(1348,13.830,2022,15,'2022-07-27 14:03:51','2022-07-27 14:03:51',1033,10,NULL),(1349,13.830,2022,15,'2022-07-27 14:04:37','2022-07-27 14:04:37',1034,10,NULL),(1350,12.810,2022,15,'2022-07-27 14:05:34','2022-07-27 14:05:34',1035,10,NULL),(1351,21.740,2022,15,'2022-07-27 14:23:05','2022-07-27 14:23:05',1036,10,NULL),(1352,6.520,2022,15,'2022-07-27 14:27:22','2022-07-27 14:27:22',1037,10,NULL),(1353,6.380,2022,15,'2022-07-27 14:28:08','2022-07-27 14:28:08',1038,10,NULL),(1354,8.310,2022,15,'2022-07-27 15:17:37','2022-07-27 15:17:37',1039,10,NULL),(1355,6.380,2022,15,'2022-07-27 15:20:02','2022-07-27 15:20:02',1040,10,NULL),(1356,23.810,2022,15,'2022-07-27 15:21:41','2022-07-27 15:21:41',1041,10,NULL),(1357,2.360,2022,15,'2022-07-27 15:22:49','2022-07-27 15:22:49',1042,10,NULL),(1358,0.300,2022,15,'2022-07-27 15:33:54','2022-07-27 15:33:54',1043,10,NULL),(1359,4.290,2022,15,'2022-07-27 15:36:54','2022-07-27 15:36:54',1044,10,NULL),(1360,5.860,2022,15,'2022-07-27 15:37:39','2022-07-27 15:37:39',1045,10,NULL),(1361,30.400,2022,15,'2022-07-27 16:23:08','2022-07-27 16:23:08',1046,10,NULL),(1362,21.360,2022,15,'2022-07-27 16:24:58','2022-07-27 16:24:58',1047,10,NULL),(1363,311.120,2022,15,'2022-07-27 16:31:45','2022-07-27 16:31:45',1048,10,NULL),(1364,47.680,2022,15,'2022-07-27 16:32:55','2022-07-27 16:32:55',1049,10,NULL),(1365,28.050,2022,15,'2022-07-27 17:14:40','2022-07-27 17:14:40',1050,10,NULL),(1366,26.880,2022,15,'2022-07-29 14:26:52','2022-07-29 14:26:52',1051,10,NULL),(1367,45.000,2022,15,'2022-07-29 14:50:22','2022-07-29 14:50:22',1052,10,NULL),(1368,32.820,2022,15,'2022-07-29 14:59:40','2022-07-29 14:59:40',1053,10,NULL),(1369,24.500,2022,15,'2022-07-29 16:48:27','2022-07-29 16:48:27',1054,10,NULL),(1370,50.460,2022,15,'2022-07-29 16:49:29','2022-07-29 16:49:29',1055,10,NULL),(1371,25.170,2022,15,'2022-07-29 16:54:45','2022-07-29 16:54:45',1056,10,NULL),(1372,43.690,2022,15,'2022-07-29 16:55:38','2022-07-29 16:55:38',1057,10,NULL),(1373,53.860,2022,15,'2022-07-29 16:56:29','2022-07-29 16:56:29',1058,10,NULL),(1374,142.180,2022,15,'2022-07-29 17:10:07','2022-07-29 17:10:07',1059,10,NULL),(1375,306.680,2022,15,'2022-07-29 17:11:04','2022-07-29 17:11:04',1060,10,NULL),(1376,26.460,2022,15,'2022-07-29 17:44:30','2022-07-29 17:44:30',1061,10,NULL),(1377,2.930,2022,15,'2022-08-02 15:28:09','2022-08-02 15:28:09',1062,10,NULL),(1378,0.500,2022,15,'2022-08-08 12:45:10','2022-08-08 12:45:10',1063,10,NULL),(1379,92.160,2022,2,'2022-08-21 12:18:29','2022-08-21 12:18:29',1064,12,'bc3264129f8e5d89'),(1380,2.850,2022,2,'2022-08-21 12:18:29','2022-08-21 12:18:29',1065,12,'bc3264129f8e5d89'),(1381,53.250,2022,2,'2022-08-21 12:18:29','2022-08-21 12:18:29',1066,12,'bc3264129f8e5d89'),(1382,83.250,2022,2,'2022-08-21 12:18:29','2022-08-21 12:18:29',1067,12,'bc3264129f8e5d89'),(1383,29.620,2022,2,'2022-08-21 12:18:29','2022-08-21 12:18:29',1068,12,'bc3264129f8e5d89'),(1384,13.140,2022,2,'2022-08-21 12:18:29','2022-08-21 12:18:29',1069,12,'bc3264129f8e5d89'),(1385,197.170,2022,2,'2022-08-21 12:18:29','2022-08-21 12:18:29',1070,12,'bc3264129f8e5d89'),(1386,9.000,2022,2,'2022-08-21 12:18:29','2022-08-21 12:18:29',1071,12,'bc3264129f8e5d89'),(1387,8.750,2022,2,'2022-08-21 12:18:29','2022-08-21 12:18:29',1072,12,'bc3264129f8e5d89'),(1388,2.260,2022,2,'2022-08-21 12:18:29','2022-08-21 12:18:29',1073,12,'bc3264129f8e5d89'),(1389,1.500,2022,2,'2022-08-21 12:18:29','2022-08-21 12:18:29',1074,12,'bc3264129f8e5d89'),(1390,64.570,2022,2,'2022-08-21 12:18:29','2022-08-21 12:18:29',1075,12,'bc3264129f8e5d89'),(1391,27.320,2022,2,'2022-08-21 12:18:29','2022-08-21 12:18:29',1076,12,'bc3264129f8e5d89'),(1392,108.840,2022,2,'2022-08-21 12:18:29','2022-08-21 12:18:29',1077,12,'bc3264129f8e5d89'),(1393,113.260,2022,2,'2022-08-21 12:18:29','2022-08-21 12:18:29',1078,12,'bc3264129f8e5d89'),(1394,157.220,2022,2,'2022-08-21 12:18:29','2022-08-21 12:18:29',1079,12,'bc3264129f8e5d89'),(1395,169.250,2022,2,'2022-08-21 12:18:29','2022-08-21 12:18:29',1080,12,'bc3264129f8e5d89'),(1396,150.630,2022,2,'2022-08-21 12:18:29','2022-08-21 12:18:29',1081,12,'bc3264129f8e5d89'),(1397,72.970,2022,2,'2022-08-21 12:18:29','2022-08-21 12:18:29',1082,12,'bc3264129f8e5d89'),(1398,63.400,2022,2,'2022-08-21 12:18:29','2022-08-21 12:18:29',1083,12,'bc3264129f8e5d89'),(1399,66.480,2022,2,'2022-08-21 12:18:29','2022-08-21 12:18:29',1084,12,'bc3264129f8e5d89'),(1400,144.380,2022,2,'2022-08-21 12:18:29','2022-08-21 12:18:29',1085,12,'bc3264129f8e5d89'),(1401,143.190,2022,2,'2022-08-21 12:18:29','2022-08-21 12:18:29',1086,12,'bc3264129f8e5d89'),(1402,92.500,2022,2,'2022-08-21 12:18:29','2022-08-21 12:18:29',1087,12,'bc3264129f8e5d89'),(1403,150.700,2022,2,'2022-08-21 12:18:29','2022-08-21 12:18:29',1088,12,'bc3264129f8e5d89'),(1404,64.250,2022,2,'2022-08-21 12:18:29','2022-08-21 12:18:29',1089,12,'bc3264129f8e5d89'),(1405,107.810,2022,2,'2022-08-21 12:18:29','2022-08-21 12:18:29',1090,12,'bc3264129f8e5d89'),(1406,67.110,2022,2,'2022-08-21 12:18:29','2022-08-21 12:18:29',1091,12,'bc3264129f8e5d89'),(1407,98.660,2022,2,'2022-08-21 12:18:29','2022-08-21 12:18:29',1092,12,'bc3264129f8e5d89'),(1408,67.110,2022,2,'2022-08-21 12:18:29','2022-08-21 12:18:29',1093,12,'bc3264129f8e5d89'),(1409,54.250,2022,2,'2022-08-21 12:18:29','2022-08-21 12:18:29',1094,12,'bc3264129f8e5d89'),(1410,62.890,2022,2,'2022-08-21 12:18:29','2022-08-21 12:18:29',1095,12,'bc3264129f8e5d89'),(1411,52.420,2022,2,'2022-08-21 12:18:29','2022-08-21 12:18:29',1096,12,'bc3264129f8e5d89'),(1412,55.900,2022,2,'2022-08-21 12:18:29','2022-08-21 12:18:29',1097,12,'bc3264129f8e5d89'),(1413,28.130,2022,2,'2022-08-21 12:18:29','2022-08-21 12:18:29',1098,12,'bc3264129f8e5d89'),(1414,31.500,2022,2,'2022-08-21 12:18:29','2022-08-21 12:18:29',1099,12,'bc3264129f8e5d89'),(1415,63.700,2022,2,'2022-08-21 12:18:29','2022-08-21 12:18:29',1100,12,'bc3264129f8e5d89'),(1416,75.250,2022,2,'2022-08-21 12:18:29','2022-08-21 12:18:29',1101,12,'bc3264129f8e5d89'),(1417,48.500,2022,2,'2022-08-21 12:18:29','2022-08-21 12:18:29',1102,12,'bc3264129f8e5d89'),(1418,29.950,2022,2,'2022-08-21 12:18:29','2022-08-21 12:18:29',1103,12,'bc3264129f8e5d89'),(1419,77.870,2022,2,'2022-08-21 12:18:29','2022-08-21 12:18:29',1104,12,'bc3264129f8e5d89'),(1420,88.750,2022,2,'2022-08-21 12:18:29','2022-08-21 12:18:29',1105,12,'bc3264129f8e5d89'),(1421,75.580,2022,2,'2022-08-21 12:18:29','2022-08-21 12:18:29',1106,12,'bc3264129f8e5d89'),(1422,55.250,2022,2,'2022-08-21 12:18:29','2022-08-21 12:18:29',1107,12,'bc3264129f8e5d89'),(1423,58.400,2022,2,'2022-08-21 12:18:29','2022-08-21 12:18:29',1108,12,'bc3264129f8e5d89'),(1424,58.200,2022,2,'2022-08-21 12:18:29','2022-08-21 12:18:29',1109,12,'bc3264129f8e5d89'),(1425,25.500,2022,2,'2022-08-21 12:18:29','2022-08-21 12:18:29',1110,12,'bc3264129f8e5d89'),(1426,48.430,2022,2,'2022-08-21 12:18:29','2022-08-21 12:18:29',1111,12,'bc3264129f8e5d89'),(1427,64.150,2022,2,'2022-08-21 12:18:29','2022-08-21 12:18:29',1112,12,'bc3264129f8e5d89'),(1428,230.500,2022,2,'2022-08-21 12:18:29','2022-08-21 12:18:29',1113,12,'bc3264129f8e5d89'),(1429,78.480,2022,2,'2022-08-21 12:18:29','2022-08-21 12:18:29',1114,12,'bc3264129f8e5d89'),(1430,98.100,2022,2,'2022-08-21 12:18:29','2022-08-21 12:18:29',1115,12,'bc3264129f8e5d89'),(1431,177.910,2022,2,'2022-08-21 12:18:29','2022-08-21 12:18:29',1116,12,'bc3264129f8e5d89'),(1432,104.520,2022,2,'2022-08-21 12:18:29','2022-08-21 12:18:29',1117,12,'bc3264129f8e5d89'),(1433,151.490,2022,2,'2022-08-21 12:18:29','2022-08-21 12:18:29',1118,12,'bc3264129f8e5d89'),(1434,98.930,2022,2,'2022-08-21 12:18:29','2022-08-21 12:18:29',1119,12,'bc3264129f8e5d89'),(1435,53.980,2022,2,'2022-08-21 12:18:29','2022-08-21 12:18:29',1120,12,'bc3264129f8e5d89'),(1436,47.080,2022,2,'2022-08-21 12:18:29','2022-08-21 12:18:29',1121,12,'bc3264129f8e5d89'),(1437,7.580,2022,2,'2022-08-21 12:18:29','2022-08-21 12:18:29',1122,12,'bc3264129f8e5d89'),(1438,19.690,2022,2,'2022-08-21 12:18:29','2022-08-21 12:18:29',1123,12,'bc3264129f8e5d89'),(1439,6.420,2022,2,'2022-08-21 12:18:29','2022-08-21 12:18:29',1124,12,'bc3264129f8e5d89'),(1440,4.080,2022,2,'2022-08-21 12:18:29','2022-08-21 12:18:29',1125,12,'bc3264129f8e5d89'),(1441,24.240,2022,2,'2022-08-21 12:18:29','2022-08-21 12:18:29',1126,12,'bc3264129f8e5d89'),(1442,24.130,2022,2,'2022-08-21 12:18:29','2022-08-21 12:18:29',1127,12,'bc3264129f8e5d89'),(1443,2.350,2022,2,'2022-08-21 12:18:29','2022-08-21 12:18:29',1128,12,'bc3264129f8e5d89'),(1444,2.450,2022,2,'2022-08-21 12:18:29','2022-08-21 12:18:29',1129,12,'bc3264129f8e5d89'),(1445,79.280,2022,2,'2022-08-21 12:18:29','2022-08-21 12:18:29',1130,12,'bc3264129f8e5d89'),(1446,109.870,2022,2,'2022-08-21 12:18:29','2022-08-21 12:18:29',1131,12,'bc3264129f8e5d89'),(1447,87.970,2022,2,'2022-08-21 12:18:29','2022-08-21 12:18:29',1132,12,'bc3264129f8e5d89'),(1448,95.310,2022,2,'2022-08-21 12:18:29','2022-08-21 12:18:29',1133,12,'bc3264129f8e5d89'),(1449,98.470,2022,2,'2022-08-21 12:18:29','2022-08-21 12:18:29',1134,12,'bc3264129f8e5d89'),(1450,47.160,2022,2,'2022-08-21 12:18:29','2022-08-21 12:18:29',1135,12,'bc3264129f8e5d89'),(1451,14.660,2022,2,'2022-08-21 12:18:29','2022-08-21 12:18:29',1136,12,'bc3264129f8e5d89'),(1452,247.530,2022,2,'2022-08-21 12:18:29','2022-08-21 12:18:29',1137,12,'bc3264129f8e5d89'),(1453,319.000,2022,2,'2022-08-21 12:18:29','2022-08-21 12:18:29',1138,12,'bc3264129f8e5d89'),(1454,3.880,2022,2,'2022-08-21 12:18:29','2022-08-21 12:18:29',1139,12,'bc3264129f8e5d89'),(1455,5.060,2022,2,'2022-08-21 12:18:30','2022-08-21 12:18:30',1140,12,'bc3264129f8e5d89'),(1456,1.780,2022,2,'2022-08-21 12:18:30','2022-08-21 12:18:30',1141,12,'bc3264129f8e5d89'),(1457,4.300,2022,2,'2022-08-21 12:18:30','2022-08-21 12:18:30',1142,12,'bc3264129f8e5d89'),(1458,13.400,2022,2,'2022-08-21 12:18:30','2022-08-21 12:18:30',1143,12,'bc3264129f8e5d89'),(1459,132.500,2022,2,'2022-08-21 12:18:30','2022-08-21 12:18:30',1144,12,'bc3264129f8e5d89'),(1460,119.950,2022,2,'2022-08-21 12:18:30','2022-08-21 12:18:30',1145,12,'bc3264129f8e5d89'),(1461,87.250,2022,2,'2022-08-21 12:18:30','2022-08-21 12:18:30',1146,12,'bc3264129f8e5d89'),(1462,178.500,2022,2,'2022-08-21 12:18:30','2022-08-21 12:18:30',1147,12,'bc3264129f8e5d89'),(1463,64.500,2022,2,'2022-08-21 12:18:30','2022-08-21 12:18:30',1148,12,'bc3264129f8e5d89'),(1464,2.450,2022,2,'2022-08-21 12:18:30','2022-08-21 12:18:30',1149,12,'bc3264129f8e5d89'),(1465,29.750,2022,2,'2022-08-21 12:18:30','2022-08-21 12:18:30',1150,12,'bc3264129f8e5d89'),(1466,4.350,2022,2,'2022-08-21 12:18:30','2022-08-21 12:18:30',1151,12,'bc3264129f8e5d89'),(1467,52.650,2022,2,'2022-08-21 12:18:30','2022-08-21 12:18:30',1152,12,'bc3264129f8e5d89'),(1468,4.300,2022,2,'2022-08-21 12:18:30','2022-08-21 12:18:30',1153,12,'bc3264129f8e5d89'),(1469,27.750,2022,2,'2022-08-21 12:18:30','2022-08-21 12:18:30',1154,12,'bc3264129f8e5d89'),(1470,12.350,2022,2,'2022-08-21 12:18:30','2022-08-21 12:18:30',1155,12,'bc3264129f8e5d89'),(1471,78.550,2022,2,'2022-08-21 12:18:30','2022-08-21 12:18:30',1156,12,'bc3264129f8e5d89'),(1472,82.900,2022,2,'2022-08-21 12:18:30','2022-08-21 12:18:30',1157,12,'bc3264129f8e5d89'),(1473,15.500,2022,2,'2022-08-21 12:18:30','2022-08-21 12:18:30',1158,12,'bc3264129f8e5d89'),(1474,43.500,2022,2,'2022-08-21 12:18:30','2022-08-21 12:18:30',1159,12,'bc3264129f8e5d89'),(1475,14.900,2022,2,'2022-08-21 12:18:30','2022-08-21 12:18:30',1160,12,'bc3264129f8e5d89'),(1476,14.900,2022,2,'2022-08-21 12:18:30','2022-08-21 12:18:30',1161,12,'bc3264129f8e5d89'),(1477,6.250,2022,2,'2022-08-21 12:18:30','2022-08-21 12:18:30',1162,12,'bc3264129f8e5d89'),(1478,140.600,2022,2,'2022-08-21 12:18:30','2022-08-21 12:18:30',1163,12,'bc3264129f8e5d89'),(1479,106.120,2022,2,'2022-08-21 12:18:30','2022-08-21 12:18:30',1164,12,'bc3264129f8e5d89'),(1480,193.450,2022,2,'2022-08-21 12:18:30','2022-08-21 12:18:30',1165,12,'bc3264129f8e5d89'),(1481,4.250,2022,2,'2022-08-21 12:18:30','2022-08-21 12:18:30',1166,12,'bc3264129f8e5d89'),(1482,62.600,2022,2,'2022-08-21 12:18:30','2022-08-21 12:18:30',1167,12,'bc3264129f8e5d89'),(1483,0.700,2022,2,'2022-08-21 12:18:30','2022-08-21 12:18:30',1168,12,'bc3264129f8e5d89'),(1484,6.950,2022,2,'2022-08-21 12:18:30','2022-08-21 12:18:30',1169,12,'bc3264129f8e5d89'),(1485,36.450,2022,2,'2022-08-21 12:18:30','2022-08-21 12:18:30',1170,12,'bc3264129f8e5d89'),(1486,28.580,2022,2,'2022-08-21 12:18:30','2022-08-21 12:18:30',1171,12,'bc3264129f8e5d89'),(1487,0.700,2022,2,'2022-08-21 12:18:30','2022-08-21 12:18:30',1172,12,'bc3264129f8e5d89'),(1488,0.700,2022,2,'2022-08-21 12:18:30','2022-08-21 12:18:30',1173,12,'bc3264129f8e5d89'),(1489,38.050,2022,2,'2022-08-21 12:18:30','2022-08-21 12:18:30',1174,12,'bc3264129f8e5d89'),(1490,19.550,2022,2,'2022-08-21 12:18:30','2022-08-21 12:18:30',1175,12,'bc3264129f8e5d89'),(1491,15.000,2022,2,'2022-08-21 12:18:30','2022-08-21 12:18:30',1176,12,'bc3264129f8e5d89'),(1492,22.600,2022,2,'2022-08-21 12:18:30','2022-08-21 12:18:30',1177,12,'bc3264129f8e5d89'),(1493,20.700,2022,2,'2022-08-21 12:18:30','2022-08-21 12:18:30',1178,12,'bc3264129f8e5d89'),(1494,115.670,2022,2,'2022-08-21 12:18:30','2022-08-21 12:18:30',1179,12,'bc3264129f8e5d89'),(1495,94.790,2022,2,'2022-08-21 12:18:30','2022-08-21 12:18:30',1180,12,'bc3264129f8e5d89'),(1496,43.560,2022,2,'2022-08-21 12:18:30','2022-08-21 12:18:30',1181,12,'bc3264129f8e5d89'),(1497,82.890,2022,2,'2022-08-21 12:18:30','2022-08-21 12:18:30',1182,12,'bc3264129f8e5d89'),(1498,104.250,2022,2,'2022-08-21 12:18:30','2022-08-21 12:18:30',1183,12,'bc3264129f8e5d89'),(1499,173.000,2022,2,'2022-08-21 12:18:30','2022-08-21 12:18:30',1184,12,'bc3264129f8e5d89'),(1500,135.250,2022,2,'2022-08-21 12:18:30','2022-08-21 12:18:30',1185,12,'bc3264129f8e5d89'),(1501,39.000,2022,2,'2022-08-21 12:18:30','2022-08-21 12:18:30',1186,12,'bc3264129f8e5d89'),(1502,39.000,2022,2,'2022-08-21 12:18:30','2022-08-21 12:18:30',1187,12,'bc3264129f8e5d89'),(1503,42.000,2022,2,'2022-08-21 12:18:30','2022-08-21 12:18:30',1188,12,'bc3264129f8e5d89'),(1504,39.000,2022,2,'2022-08-21 12:18:30','2022-08-21 12:18:30',1189,12,'bc3264129f8e5d89'),(1505,1.250,2022,2,'2022-08-21 12:18:30','2022-08-21 12:18:30',1190,12,'bc3264129f8e5d89'),(1506,28.600,2022,2,'2022-08-21 12:18:30','2022-08-21 12:18:30',1191,12,'bc3264129f8e5d89'),(1507,29.760,2022,2,'2022-08-21 12:18:30','2022-08-21 12:18:30',1192,12,'bc3264129f8e5d89'),(1508,9.700,2022,2,'2022-08-21 12:18:30','2022-08-21 12:18:30',1193,12,'bc3264129f8e5d89'),(1509,377.610,2022,2,'2022-08-21 12:18:30','2022-08-21 12:18:30',1194,12,'bc3264129f8e5d89'),(1510,98.250,2022,2,'2022-08-21 12:18:30','2022-08-21 12:18:30',1195,12,'bc3264129f8e5d89'),(1511,155.380,2022,2,'2022-08-21 12:18:30','2022-08-21 12:18:30',1196,12,'bc3264129f8e5d89'),(1512,109.950,2022,2,'2022-08-21 12:18:30','2022-08-21 12:18:30',1197,12,'bc3264129f8e5d89'),(1513,81.500,2022,2,'2022-08-21 12:18:30','2022-08-21 12:18:30',1198,12,'bc3264129f8e5d89'),(1514,26.090,2022,2,'2022-08-21 12:18:30','2022-08-21 12:18:30',1199,12,'bc3264129f8e5d89'),(1515,32.750,2022,2,'2022-08-21 12:18:30','2022-08-21 12:18:30',1200,12,'bc3264129f8e5d89'),(1516,775.000,2022,2,'2022-08-21 12:18:30','2022-08-21 12:18:30',1201,12,'bc3264129f8e5d89'),(1517,775.000,2022,2,'2022-08-21 12:18:30','2022-08-21 12:18:30',1202,12,'bc3264129f8e5d89'),(1518,88.500,2022,2,'2022-08-21 12:18:30','2022-08-21 12:18:30',1203,12,'bc3264129f8e5d89'),(1519,35.750,2022,2,'2022-08-21 12:18:30','2022-08-21 12:18:30',1204,12,'bc3264129f8e5d89'),(1520,152.500,2022,2,'2022-08-21 12:18:30','2022-08-21 12:18:30',1205,12,'bc3264129f8e5d89'),(1521,43.500,2022,2,'2022-08-21 12:18:30','2022-08-21 12:18:30',1206,12,'bc3264129f8e5d89'),(1522,45.750,2022,2,'2022-08-21 12:18:30','2022-08-21 12:18:30',1207,12,'bc3264129f8e5d89'),(1523,8.700,2022,2,'2022-08-21 12:18:30','2022-08-21 12:18:30',1208,12,'bc3264129f8e5d89'),(1524,4.150,2022,2,'2022-08-21 12:18:30','2022-08-21 12:18:30',1209,12,'bc3264129f8e5d89'),(1525,3.960,2022,2,'2022-08-21 12:18:30','2022-08-21 12:18:30',1210,12,'bc3264129f8e5d89'),(1526,11.450,2022,2,'2022-08-21 12:18:30','2022-08-21 12:18:30',1211,12,'bc3264129f8e5d89'),(1527,2.250,2022,2,'2022-08-21 12:18:30','2022-08-21 12:18:30',1212,12,'bc3264129f8e5d89'),(1528,2.180,2022,2,'2022-08-21 12:18:30','2022-08-21 12:18:30',1213,12,'bc3264129f8e5d89'),(1529,31.080,2022,2,'2022-08-21 12:18:30','2022-08-21 12:18:30',1214,12,'bc3264129f8e5d89'),(1530,1.250,2022,2,'2022-08-21 12:18:30','2022-08-21 12:18:30',1215,12,'bc3264129f8e5d89'),(1531,1.150,2022,2,'2022-08-21 12:18:30','2022-08-21 12:18:30',1216,12,'bc3264129f8e5d89'),(1532,165.000,2022,2,'2022-08-21 12:18:30','2022-08-21 12:18:30',1217,12,'bc3264129f8e5d89'),(1533,165.000,2022,2,'2022-08-21 12:18:30','2022-08-21 12:18:30',1218,12,'bc3264129f8e5d89');
/*!40000 ALTER TABLE `catalogs` ENABLE KEYS */;
UNLOCK TABLES;

--
-- Table structure for table `clockings`
--

DROP TABLE IF EXISTS `clockings`;
/*!40101 SET @saved_cs_client     = @@character_set_client */;
/*!40101 SET character_set_client = utf8 */;
CREATE TABLE `clockings` (
  `id` bigint(20) unsigned NOT NULL AUTO_INCREMENT,
  `date` date NOT NULL,
  `start_date` datetime NOT NULL,
  `stop_date` datetime DEFAULT NULL,
  `technician_id` bigint(20) unsigned NOT NULL,
  `user_id` bigint(20) unsigned NOT NULL,
  `created_at` timestamp NULL DEFAULT NULL,
  `updated_at` timestamp NULL DEFAULT NULL,
  `worksheet_id` bigint(20) unsigned NOT NULL,
  PRIMARY KEY (`id`),
  KEY `clockings_technician_id_foreign` (`technician_id`),
  KEY `clockings_user_id_foreign` (`user_id`),
  KEY `clockings_date_index` (`date`),
  KEY `clockings_start_date_index` (`start_date`),
  KEY `clockings_stop_date_index` (`stop_date`),
  KEY `clockings_worksheet_id_foreign_idx` (`worksheet_id`),
  CONSTRAINT `clockings_technician_id_foreign` FOREIGN KEY (`technician_id`) REFERENCES `technicians` (`id`),
  CONSTRAINT `clockings_user_id_foreign` FOREIGN KEY (`user_id`) REFERENCES `users` (`id`),
  CONSTRAINT `clockings_worksheet_id_foreign` FOREIGN KEY (`worksheet_id`) REFERENCES `worksheets` (`id`) ON DELETE NO ACTION ON UPDATE NO ACTION
) ENGINE=InnoDB AUTO_INCREMENT=56 DEFAULT CHARSET=utf8mb4 COLLATE=utf8mb4_unicode_ci;
/*!40101 SET character_set_client = @saved_cs_client */;

--
-- Dumping data for table `clockings`
--

LOCK TABLES `clockings` WRITE;
/*!40000 ALTER TABLE `clockings` DISABLE KEYS */;
INSERT INTO `clockings` VALUES (30,'2022-01-28','2022-01-28 15:15:00','2022-01-28 15:45:00',22,10,'2022-01-28 15:46:52','2022-01-28 16:54:29',39),(31,'2022-01-28','2022-01-28 15:15:00','2022-01-28 16:00:00',19,10,'2022-01-28 15:47:41','2022-01-28 16:54:29',39),(32,'2022-01-28','2022-01-28 15:15:00','2022-01-28 16:00:00',21,10,'2022-01-28 15:47:56','2022-01-28 16:54:29',39),(33,'2022-02-22','2022-02-22 10:03:00','2022-02-22 10:04:00',18,11,'2022-02-22 10:04:10','2022-02-22 10:04:10',39),(34,'2022-02-22','2022-02-22 11:18:00','2022-02-22 17:57:00',18,11,'2022-02-22 17:57:18','2022-02-22 17:57:18',40),(35,'2022-02-22','2022-02-22 11:18:00','2022-02-22 17:57:00',21,11,'2022-02-22 17:57:48','2022-02-22 17:57:48',40),(36,'2022-02-22','2022-02-22 17:58:00','2022-02-22 17:58:00',19,11,'2022-02-22 17:58:36','2022-02-22 17:58:36',40),(37,'2022-03-01','2022-03-01 14:45:00','2022-03-01 15:00:00',18,10,'2022-03-02 13:48:11','2022-03-02 13:48:11',37),(38,'2022-03-02','2022-03-02 09:00:00','2022-03-02 10:45:00',21,10,'2022-03-02 14:12:54','2022-03-02 14:12:54',38),(39,'2022-03-02','2022-03-02 14:30:00','2022-03-02 14:56:00',18,10,'2022-03-02 14:56:55','2022-03-02 15:07:00',41),(40,'2022-03-28','2022-03-28 12:54:00','2022-03-28 13:26:00',21,11,'2022-03-28 13:26:25','2022-03-28 13:26:25',49),(41,'2022-03-30','2022-03-30 13:57:00','2022-03-30 15:47:00',21,11,'2022-03-30 15:47:14','2022-03-30 15:47:14',44),(42,'2022-04-14','2022-04-14 08:00:00','2022-04-14 12:00:00',18,10,'2022-04-14 15:40:01','2022-04-14 15:44:56',53),(43,'2022-04-13','2022-04-13 16:30:00','2022-04-13 17:00:00',18,10,'2022-04-14 15:44:34','2022-04-14 15:44:56',53),(44,'2022-04-14','2022-04-14 12:30:00','2022-04-14 14:00:00',18,10,'2022-04-14 15:44:56','2022-04-14 15:44:56',53),(45,'2022-04-15','2022-04-15 12:42:00','2022-04-15 14:28:00',21,10,'2022-04-15 14:28:33','2022-04-15 14:28:33',54),(46,'2022-04-19','2022-04-19 11:07:00','2022-04-19 11:25:00',19,10,'2022-04-19 11:25:11','2022-04-19 11:25:11',55),(47,'2022-05-13','2022-05-13 11:45:00','2022-05-13 12:00:00',21,10,'2022-05-13 12:00:27','2022-05-13 12:00:27',56),(48,'2022-06-15','2022-06-15 14:30:00','2022-06-15 15:03:00',21,10,'2022-06-15 15:03:09','2022-06-15 15:12:30',64),(49,'2022-06-15','2022-06-15 14:30:00','2022-06-15 15:03:00',18,10,'2022-06-15 15:03:16','2022-06-15 15:12:30',64),(50,'2022-06-16','2022-06-16 13:21:00','2022-06-16 13:26:00',21,10,'2022-06-16 13:26:53','2022-06-16 13:26:53',66),(51,'2022-08-05','2022-08-05 13:41:00','2022-08-05 15:56:00',18,10,'2022-08-05 15:56:44','2022-08-05 15:56:44',69),(52,'2022-08-10','2022-08-10 11:05:00','2022-08-10 13:22:00',19,10,'2022-08-10 13:22:31','2022-08-10 13:25:50',65),(53,'2022-08-10','2022-08-10 14:00:00','2022-08-10 14:58:00',19,10,'2022-08-10 14:58:08','2022-08-10 14:58:08',71),(54,'2022-08-16','2022-08-16 12:30:00','2022-08-16 16:00:00',19,10,'2022-08-16 17:54:48','2022-08-16 17:57:49',72),(55,'2022-08-16','2022-08-16 15:00:00','2022-08-16 18:00:00',21,10,'2022-08-16 17:54:59','2022-08-16 17:57:49',72);
/*!40000 ALTER TABLE `clockings` ENABLE KEYS */;
UNLOCK TABLES;

--
-- Table structure for table `clockings_details`
--

DROP TABLE IF EXISTS `clockings_details`;
/*!40101 SET @saved_cs_client     = @@character_set_client */;
/*!40101 SET character_set_client = utf8 */;
CREATE TABLE `clockings_details` (
  `id` bigint(20) unsigned NOT NULL AUTO_INCREMENT,
  `date` date NOT NULL,
  `date_time` datetime NOT NULL,
  `action` varchar(1) COLLATE utf8mb4_unicode_ci NOT NULL,
  `status` varchar(1) COLLATE utf8mb4_unicode_ci NOT NULL DEFAULT 'A',
  `worksheet_id` bigint(20) unsigned NOT NULL,
  `technician_id` bigint(20) unsigned NOT NULL,
  `user_id` bigint(20) unsigned NOT NULL,
  `created_at` timestamp NULL DEFAULT NULL,
  `updated_at` timestamp NULL DEFAULT NULL,
  PRIMARY KEY (`id`),
  KEY `clockings_details_worksheet_id_foreign` (`worksheet_id`),
  KEY `clockings_details_technician_id_foreign` (`technician_id`),
  KEY `clockings_details_user_id_foreign` (`user_id`),
  KEY `clockings_details_date_index` (`date`),
  KEY `clockings_details_date_time_index` (`date_time`),
  KEY `clockings_details_action_index` (`action`),
  KEY `clockings_details_status_index` (`status`),
  CONSTRAINT `clockings_details_technician_id_foreign` FOREIGN KEY (`technician_id`) REFERENCES `technicians` (`id`),
  CONSTRAINT `clockings_details_user_id_foreign` FOREIGN KEY (`user_id`) REFERENCES `users` (`id`),
  CONSTRAINT `clockings_details_worksheet_id_foreign` FOREIGN KEY (`worksheet_id`) REFERENCES `worksheets` (`id`)
) ENGINE=InnoDB AUTO_INCREMENT=76 DEFAULT CHARSET=utf8mb4 COLLATE=utf8mb4_unicode_ci;
/*!40101 SET character_set_client = @saved_cs_client */;

--
-- Dumping data for table `clockings_details`
--

LOCK TABLES `clockings_details` WRITE;
/*!40000 ALTER TABLE `clockings_details` DISABLE KEYS */;
INSERT INTO `clockings_details` VALUES (29,'2022-01-28','2022-01-28 14:54:42','T','R',39,18,11,'2022-01-28 14:54:42','2022-01-28 14:56:21'),(30,'2022-01-28','2022-01-28 14:56:21','P','R',39,18,11,'2022-01-28 14:56:21','2022-01-28 14:56:21'),(31,'2022-01-28','2022-01-28 15:28:52','T','R',39,22,10,'2022-01-28 15:28:52','2022-01-28 15:46:52'),(32,'2022-01-28','2022-01-28 15:29:21','T','R',39,19,10,'2022-01-28 15:29:21','2022-01-28 15:47:41'),(33,'2022-01-28','2022-01-28 15:29:40','T','R',39,21,10,'2022-01-28 15:29:40','2022-01-28 15:47:56'),(34,'2022-01-28','2022-01-28 15:46:52','P','R',39,22,10,'2022-01-28 15:46:52','2022-01-28 15:46:52'),(35,'2022-01-28','2022-01-28 15:47:41','P','R',39,19,10,'2022-01-28 15:47:41','2022-01-28 15:47:41'),(36,'2022-01-28','2022-01-28 15:47:56','P','R',39,21,10,'2022-01-28 15:47:56','2022-01-28 15:47:56'),(37,'2022-02-22','2022-02-22 10:03:07','T','R',39,18,11,'2022-02-22 10:03:07','2022-02-22 10:04:10'),(38,'2022-02-22','2022-02-22 10:04:10','P','R',39,18,11,'2022-02-22 10:04:10','2022-02-22 10:04:10'),(39,'2022-02-22','2022-02-22 11:18:49','T','R',40,18,10,'2022-02-22 11:18:49','2022-02-22 17:57:18'),(40,'2022-02-22','2022-02-22 11:18:54','T','R',40,21,10,'2022-02-22 11:18:54','2022-02-22 17:57:48'),(41,'2022-02-22','2022-02-22 17:57:18','P','R',40,18,11,'2022-02-22 17:57:18','2022-02-22 17:57:18'),(42,'2022-02-22','2022-02-22 17:57:48','P','R',40,21,11,'2022-02-22 17:57:48','2022-02-22 17:57:48'),(43,'2022-02-22','2022-02-22 17:58:07','T','R',40,19,11,'2022-02-22 17:58:07','2022-02-22 17:58:36'),(44,'2022-02-22','2022-02-22 17:58:36','P','R',40,19,11,'2022-02-22 17:58:36','2022-02-22 17:58:36'),(45,'2022-03-02','2022-03-02 14:42:21','T','R',41,18,11,'2022-03-02 14:42:21','2022-03-02 14:56:55'),(46,'2022-03-02','2022-03-02 14:56:55','P','R',41,18,11,'2022-03-02 14:56:55','2022-03-02 14:56:55'),(47,'2022-03-28','2022-03-28 12:54:09','T','R',49,21,11,'2022-03-28 12:54:09','2022-03-28 13:26:25'),(48,'2022-03-28','2022-03-28 13:26:25','P','R',49,21,11,'2022-03-28 13:26:25','2022-03-28 13:26:25'),(49,'2022-03-30','2022-03-30 13:57:01','T','R',44,21,11,'2022-03-30 13:57:01','2022-03-30 15:47:14'),(50,'2022-03-30','2022-03-30 15:47:14','P','R',44,21,11,'2022-03-30 15:47:14','2022-03-30 15:47:14'),(51,'2022-04-13','2022-04-13 16:30:08','T','D',53,18,10,'2022-04-13 16:30:08','2022-08-10 11:12:28'),(52,'2022-04-14','2022-04-14 15:39:49','T','R',53,18,11,'2022-04-14 15:39:49','2022-04-14 15:40:01'),(53,'2022-04-14','2022-04-14 15:40:01','P','R',53,18,11,'2022-04-14 15:40:01','2022-04-14 15:40:01'),(54,'2022-04-15','2022-04-15 12:42:16','T','R',54,21,10,'2022-04-15 12:42:16','2022-04-15 14:28:33'),(55,'2022-04-15','2022-04-15 14:28:33','P','R',54,21,10,'2022-04-15 14:28:33','2022-04-15 14:28:33'),(56,'2022-04-19','2022-04-19 11:07:29','T','R',55,19,10,'2022-04-19 11:07:29','2022-04-19 11:25:11'),(57,'2022-04-19','2022-04-19 11:25:11','P','R',55,19,10,'2022-04-19 11:25:11','2022-04-19 11:25:11'),(58,'2022-06-15','2022-06-15 14:52:50','T','R',64,18,10,'2022-06-15 14:52:50','2022-06-15 15:03:16'),(59,'2022-06-15','2022-06-15 14:53:02','T','R',64,21,10,'2022-06-15 14:53:02','2022-06-15 15:03:09'),(60,'2022-06-15','2022-06-15 15:03:09','P','R',64,21,10,'2022-06-15 15:03:09','2022-06-15 15:03:09'),(61,'2022-06-15','2022-06-15 15:03:16','P','R',64,18,10,'2022-06-15 15:03:16','2022-06-15 15:03:16'),(62,'2022-06-16','2022-06-16 13:21:08','T','R',66,21,10,'2022-06-16 13:21:08','2022-06-16 13:26:53'),(63,'2022-06-16','2022-06-16 13:21:19','T','D',66,19,10,'2022-06-16 13:21:19','2022-08-10 11:12:31'),(64,'2022-06-16','2022-06-16 13:26:53','P','R',66,21,10,'2022-06-16 13:26:53','2022-06-16 13:26:53'),(65,'2022-06-16','2022-06-16 13:27:05','T','D',66,21,10,'2022-06-16 13:27:05','2022-08-10 11:12:34'),(66,'2022-08-05','2022-08-05 13:41:45','T','R',69,18,10,'2022-08-05 13:41:45','2022-08-05 15:56:44'),(67,'2022-08-05','2022-08-05 15:56:44','P','R',69,18,10,'2022-08-05 15:56:44','2022-08-05 15:56:44'),(68,'2022-08-10','2022-08-10 11:11:24','T','R',65,19,10,'2022-08-10 11:11:24','2022-08-10 13:22:31'),(69,'2022-08-10','2022-08-10 13:22:31','P','R',65,19,10,'2022-08-10 13:22:31','2022-08-10 13:22:31'),(70,'2022-08-10','2022-08-10 14:00:10','T','R',71,19,10,'2022-08-10 14:00:10','2022-08-10 14:58:08'),(71,'2022-08-10','2022-08-10 14:58:08','P','R',71,19,10,'2022-08-10 14:58:08','2022-08-10 14:58:08'),(72,'2022-08-16','2022-08-16 12:28:38','T','R',72,21,10,'2022-08-16 12:28:38','2022-08-16 17:54:59'),(73,'2022-08-16','2022-08-16 12:28:52','T','R',72,19,10,'2022-08-16 12:28:52','2022-08-16 17:54:48'),(74,'2022-08-16','2022-08-16 17:54:48','P','R',72,19,10,'2022-08-16 17:54:48','2022-08-16 17:54:48'),(75,'2022-08-16','2022-08-16 17:54:59','P','R',72,21,10,'2022-08-16 17:54:59','2022-08-16 17:54:59');
/*!40000 ALTER TABLE `clockings_details` ENABLE KEYS */;
UNLOCK TABLES;

--
-- Table structure for table `cranes`
--

DROP TABLE IF EXISTS `cranes`;
/*!40101 SET @saved_cs_client     = @@character_set_client */;
/*!40101 SET character_set_client = utf8 */;
CREATE TABLE `cranes` (
  `id` bigint(20) unsigned NOT NULL AUTO_INCREMENT,
  `serial` varchar(255) COLLATE utf8mb4_unicode_ci NOT NULL,
  `model` varchar(255) COLLATE utf8mb4_unicode_ci NOT NULL,
  `plate` varchar(20) COLLATE utf8mb4_unicode_ci DEFAULT NULL,
  `created_at` timestamp NULL DEFAULT NULL,
  `updated_at` timestamp NULL DEFAULT NULL,
  `user_id` bigint(20) unsigned NOT NULL,
  PRIMARY KEY (`id`),
  UNIQUE KEY `cranes_serial_unique` (`serial`),
  KEY `cranes_user_id_foreign` (`user_id`),
  CONSTRAINT `cranes_user_id_foreign` FOREIGN KEY (`user_id`) REFERENCES `users` (`id`)
) ENGINE=InnoDB AUTO_INCREMENT=36 DEFAULT CHARSET=utf8mb4 COLLATE=utf8mb4_unicode_ci;
/*!40101 SET character_set_client = @saved_cs_client */;

--
-- Dumping data for table `cranes`
--

LOCK TABLES `cranes` WRITE;
/*!40000 ALTER TABLE `cranes` DISABLE KEYS */;
INSERT INTO `cranes` VALUES (25,'1805-0278','F185A.2.23 XE Dynamic','1VVX041','2021-07-05 17:02:38','2021-07-05 17:02:38',10),(26,'6601-0413','F660RA.2.26 HE Dynamic','1VXW850','2021-07-05 17:55:47','2021-07-05 17:55:47',10),(27,'4801-0020','F485A.2.26 XE Dynamic','1YXD413','2021-07-06 10:47:19','2021-07-06 10:47:19',10),(28,'4203-0038','F425RA.2.24 E Dynamic','1 RGH 563','2021-07-06 11:59:23','2021-07-06 11:59:23',10),(29,'1805-0276','F185A.2.23 Xe-Dynamic','1 VVW 998','2021-07-07 12:59:26','2021-07-07 12:59:26',10),(30,'1103-8888','F110.A.22','1 APJ 341','2021-07-09 16:13:38','2021-07-09 16:13:38',10),(31,'2103-0264','F215A.2.24 E-Dynamic','1 WLE 692','2021-07-09 16:33:51','2021-07-09 16:33:51',10),(32,'0000','FASSI','1 ABC 123','2021-07-12 12:26:44','2021-07-12 12:26:44',10),(33,'3103 03','F315A.2.25','1 YGA 558','2021-07-12 14:16:21','2021-07-12 14:16:21',10),(34,'YV2NOA2E0MB702369','F215TD.3.0047','59582','2021-07-13 10:18:04','2021-07-13 10:28:14',10),(35,'7101 0048','F710RA.2.25 xhe Dybnamic','1 UVN 179','2021-07-15 16:37:50','2021-07-15 16:37:50',10);
/*!40000 ALTER TABLE `cranes` ENABLE KEYS */;
UNLOCK TABLES;

--
-- Table structure for table `customer_contacts`
--

DROP TABLE IF EXISTS `customer_contacts`;
/*!40101 SET @saved_cs_client     = @@character_set_client */;
/*!40101 SET character_set_client = utf8 */;
CREATE TABLE `customer_contacts` (
  `id` bigint(20) unsigned NOT NULL AUTO_INCREMENT,
  `firstname` varchar(255) NOT NULL,
  `lastname` varchar(255) NOT NULL,
  `phone` varchar(100) CHARACTER SET utf8mb4 COLLATE utf8mb4_unicode_ci DEFAULT NULL,
  `mobile` varchar(100) CHARACTER SET utf8mb4 COLLATE utf8mb4_unicode_ci DEFAULT NULL,
  `function` varchar(255) DEFAULT NULL,
  `mail` varchar(100) DEFAULT NULL,
  `created_at` timestamp NULL DEFAULT NULL,
  `updated_at` timestamp NULL DEFAULT NULL,
  `user_id` bigint(20) unsigned NOT NULL,
  `customer_id` bigint(20) unsigned NOT NULL,
  KEY `customers_contacts_FK_1` (`id`),
  KEY `customers_contacts_user_id_IDX` (`user_id`) USING BTREE,
  KEY `customers_contacts_customer_id_IDX` (`customer_id`) USING BTREE,
  CONSTRAINT `customers_contacts` FOREIGN KEY (`customer_id`) REFERENCES `customers` (`id`),
  CONSTRAINT `users_contacts` FOREIGN KEY (`user_id`) REFERENCES `users` (`id`)
) ENGINE=InnoDB AUTO_INCREMENT=144 DEFAULT CHARSET=utf8;
/*!40101 SET character_set_client = @saved_cs_client */;

--
-- Dumping data for table `customer_contacts`
--

LOCK TABLES `customer_contacts` WRITE;
/*!40000 ALTER TABLE `customer_contacts` DISABLE KEYS */;
INSERT INTO `customer_contacts` VALUES (8,'Jean-Marie','Malevez',NULL,NULL,'Administrateur dlgu',NULL,'2022-01-19 15:28:40','2022-01-19 15:28:40',10,33),(9,'Brunet','Brunet',NULL,'0472 21 22 08','Commercial',NULL,'2022-01-28 15:17:17','2022-06-10 11:44:56',10,34),(10,'Sylvain','Van Laerhoven','02 254 19 00',NULL,NULL,NULL,'2022-02-22 11:09:08','2022-02-22 11:09:08',10,35),(11,'Lionel','Pecorella',NULL,'0473 62 39 03',NULL,NULL,'2022-02-23 11:54:04','2022-02-23 11:54:04',10,36),(12,'Nicolas','Nicolas',NULL,'0497 94 79 46','Chauffeur',NULL,'2022-02-23 17:54:49','2022-06-10 12:10:23',10,37),(13,'.','..',NULL,'0497733126',NULL,NULL,'2022-02-25 14:56:13','2022-02-25 14:56:13',10,38),(14,'David','.',NULL,'0473 63 33 80',NULL,'david@transportsdogot.be','2022-03-02 13:33:25','2022-08-08 12:46:12',5,39),(15,'Patrice','Baudoin',NULL,'0495293008',NULL,NULL,'2022-03-02 14:08:38','2022-03-02 14:08:38',10,40),(16,'Frankie','Thomas','065 72 40 57','0499 93 29 09',NULL,'f.thomas@gobertgroupe.com','2022-03-02 14:38:29','2022-06-14 11:48:03',10,41),(17,'Christian','..','0485 99 76 35',NULL,'Chauffeur',NULL,'2022-03-10 17:33:39','2022-06-14 09:25:08',10,42),(18,'David','Lemaire',NULL,'0491895186',NULL,NULL,'2022-03-18 13:40:57','2022-03-18 13:40:57',10,43),(19,'.','..',NULL,NULL,NULL,NULL,'2022-03-18 15:36:05','2022-03-18 15:36:05',10,44),(20,'.','..','064222316',NULL,NULL,NULL,'2022-03-23 10:05:54','2022-03-23 10:05:54',10,45),(21,'.','..',NULL,NULL,NULL,NULL,'2022-03-23 11:54:33','2022-03-23 11:54:33',10,46),(22,'.','..',NULL,NULL,NULL,NULL,'2022-03-28 15:41:37','2022-03-28 15:41:37',10,47),(23,'David','Pirenne',NULL,NULL,NULL,NULL,'2022-03-30 13:30:50','2022-03-30 13:30:50',10,48),(24,'Jaimie','Collignon',NULL,'0496 26 59 42',NULL,NULL,'2022-03-31 15:01:37','2022-06-10 12:37:10',10,49),(25,'LUC','Neirynck',NULL,NULL,NULL,'luc.neirynck@mobix.be','2022-04-05 11:04:31','2022-06-14 09:42:46',10,50),(26,'VEERLE','Dedoncker','02 355 61 08',NULL,'Compta','veerle@dickfreres.com','2022-05-06 11:26:05','2022-06-14 09:07:09',10,51),(27,'Gianluca','Bordenga','071 28 62 79',NULL,'Compta','compta@facozinc.be','2022-05-06 15:15:41','2022-06-16 10:43:52',10,52),(28,'..','..',NULL,NULL,NULL,NULL,'2022-05-10 14:53:30','2022-05-10 14:53:30',10,53),(29,'Maxime','Sevenant','0474 06 94 74 perso','0495 03 79 59',NULL,NULL,'2022-06-02 14:27:22','2022-06-10 11:42:08',10,54),(30,'Aurore','Hardat','060 31 30 60',NULL,'Administration','a.hardat@brunet-sa.be','2022-06-10 11:44:56','2022-06-14 08:59:09',10,34),(31,'Gianluca','Bordenga','071 28 62 79',NULL,'Compta',NULL,'2022-06-10 12:10:23','2022-06-10 12:10:23',10,37),(32,'Maxime','Mullie','071 28 60 55','0497 43 78 23','Directeur supply chain',NULL,'2022-06-10 12:10:23','2022-06-10 12:10:23',10,37),(33,'Arnaud','Muyle',NULL,'0497 52 75 94',NULL,NULL,'2022-06-10 12:10:23','2022-06-10 12:10:23',10,37),(34,'Fanny','Dubois','04 250 64 44',NULL,NULL,'fdubois@solidbeton.be','2022-06-10 12:15:51','2022-06-14 10:11:12',10,32),(35,'Josy','Castronovo','04 250 64 44',NULL,'Compta','jcastronovo@solidbeton.be','2022-06-10 12:15:51','2022-06-14 10:11:12',10,32),(36,'Charlotte','Ramlot','071 88 90 49','0494 59 95 22','Compta','pecorella@pecorella.be','2022-06-10 12:31:28','2022-06-14 09:52:47',10,36),(37,'Franois','Bourlet','071 45 40 59',NULL,'Compta','verset@edpnet.be','2022-06-10 12:34:03','2022-06-16 09:47:46',10,26),(38,'Diego','Woitrin',NULL,'0494 91 83 11',NULL,'diego.woitrin@astgroup.be','2022-06-10 12:49:50','2022-06-16 10:51:16',10,55),(39,'Jean-Sebastien','Lefebvre',NULL,'0488 08 71 50','Compta','jsl@astgroup.be','2022-06-10 12:49:50','2022-06-16 10:51:16',10,55),(40,'Patrizia','Cattafesta','071 25 35 20',NULL,'Compta','direction@servimat.be','2022-06-10 12:55:18','2022-06-14 10:02:55',10,56),(41,'Lorenzo','Cattafesta',NULL,'0498 93 55 54',NULL,'lorenzo@servimat.be','2022-06-10 12:55:18','2022-06-14 10:02:55',10,56),(42,'Marie-Jeanne','Roemen','00352 30 99 19 38',NULL,'Compta','mariejeanne@roemen.lu','2022-06-10 12:58:38','2022-06-14 09:55:47',10,57),(43,'Sarah','Moerman','09 383 53 11',NULL,NULL,'sarah@depatrijs.be','2022-06-10 13:07:12','2022-06-14 09:06:17',10,58),(44,'Mieke','Schepens',NULL,NULL,'Compta','boekhouding@depatrijs.be','2022-06-10 13:07:12','2022-06-14 09:06:17',10,58),(45,'Steven','Moerman','09 383 53 11',NULL,NULL,'steven@depatrijs.be','2022-06-10 13:07:12','2022-06-14 09:06:17',10,58),(46,'Roland','Fouarge',NULL,'0475 92 30 28',NULL,'roland.fouarge@skynet.be','2022-06-10 13:09:52','2022-06-16 10:49:55',10,59),(47,'Kris','Byron','050 83 15 15',NULL,'Magasinier','magazijn@debuf.be','2022-06-10 13:11:19','2022-06-14 09:05:18',10,60),(48,'1','.',NULL,NULL,NULL,NULL,'2022-06-10 13:24:24','2022-06-10 13:24:24',10,61),(49,'Cindy','Castano Garcia','02 345 99 09','0483 47 90 41','Approvisionnement achat','cindy.castano@sodraep.be','2022-06-10 14:06:09','2022-06-16 10:02:04',10,27),(50,'Vanessa','De Saint Moulin','02 340 08 42',NULL,'Compta','vanessa.desaintmoulin@sodraep.be','2022-06-10 14:06:09','2022-06-16 10:02:04',10,27),(51,'Chrystel','De Schepper','02 340 08 43',NULL,'Compta','chrystel.deschepper@sodraep.be','2022-06-10 14:06:09','2022-06-16 10:02:04',10,27),(52,'Benoit','Prignon','04 278 75 97',NULL,'Directeur gnral','direction@atelier-rc.be','2022-06-10 14:09:35','2022-06-16 10:09:12',10,62),(53,'Cdric','Decroupette','04 278 75 96',NULL,'Responsable magasin','cedric.decroupette@atelier-rc.be','2022-06-10 14:09:35','2022-06-16 10:09:12',10,62),(54,'Colin','Clarembaux','04 286 19 91','0472 60 05 81','Technico commercial','vente@atelier-rc.be','2022-06-10 14:09:35','2022-06-16 10:09:12',10,62),(55,'Isabel','Kindt','051 31 23 36',NULL,'Compta','isabel@neremat.be','2022-06-10 14:11:44','2022-06-14 09:45:22',10,63),(56,'Willy','Vannes',NULL,NULL,NULL,'willy@neremat.be','2022-06-10 14:11:44','2022-06-14 09:45:22',10,63),(57,'Philippe','Hogge','084 46 03 20',NULL,'Magasinier','magasindaf@mioli.be','2022-06-10 14:15:04','2022-06-14 09:38:53',10,64),(58,'Zuzanna','Maslak','084 46 03 08',NULL,'Secrtaire service clients','z.maslak@mioli.be','2022-06-10 14:15:04','2022-06-14 09:38:53',10,64),(59,'Marc','Cugnon','084 46 03 13',NULL,'Achats et magasin','m.cugnon@mioli.be','2022-06-10 14:15:04','2022-06-14 09:38:53',10,64),(60,'Robert','Delhaye','084 46 03 01',NULL,'Responsable atelier','r.delhaye@mioli.be','2022-06-10 14:15:04','2022-06-14 09:38:53',10,64),(61,'Marco','Miotto',NULL,'0498 04 68 87','Grant','marc.miotto@hotmail.com','2022-06-10 14:16:56','2022-06-14 09:41:29',10,65),(62,'Serge','Martl','09 325 70 10','0478 51 53 04','Compta','serge@martle.be','2022-06-10 14:22:51','2022-06-14 08:41:50',10,66),(63,'Yves','Martl','09 325 70 12',NULL,'Offres/ventes','yves@martle.be','2022-06-10 14:22:51','2022-06-14 08:41:50',10,66),(64,'Guido','Raynard','09 325 70 17',NULL,'Responsable','guido@martle.be','2022-06-10 14:22:51','2022-06-14 08:41:50',10,66),(65,'Vicky','.','014 37 70 04',NULL,'Compta','boekhouding@lodewijckxnv.be','2022-06-10 14:24:34','2022-06-14 09:30:26',10,67),(66,'Giuseppe','Incorvaia',NULL,'0475 60 46 91',NULL,'info@jbconstruct.net','2022-06-13 11:55:01','2022-08-03 10:10:16',10,68),(68,'Erica','Genn','012 24 22 60',NULL,NULL,'erica@jorissennv.be','2022-06-13 11:56:54','2022-06-16 10:35:30',10,69),(69,'John','Jorissen','012 24 22 60',NULL,'Gestionnaire','john@jorissennv.be','2022-06-13 11:56:54','2022-06-16 10:35:30',10,69),(70,'Marc','Magermans','087 44 03 32','0497 73 44 11','Compta','compta@hydromat-services.com','2022-06-13 11:59:26','2022-06-14 09:17:50',10,70),(71,'Justine','Dumont','087 29 31 10',NULL,'Secrtaire','reception@hydromat-services.com','2022-06-13 11:59:26','2022-06-14 09:17:50',10,70),(72,'Jrme','Huet','087 44 03 48',NULL,NULL,'j.huet@hydromat-services.com','2022-06-13 11:59:26','2022-06-14 09:17:50',10,70),(73,'Maxime','Zondacq','065 72 40 57',NULL,NULL,'m.zondacq@gobertgroupe.com','2022-06-13 12:50:21','2022-06-14 09:11:27',10,41),(74,'M.','Leman',NULL,NULL,'Compta','m.leman@gobertgroupe.com','2022-06-13 12:50:21','2022-06-14 09:11:27',10,41),(75,'Marc','Aucquier','065 72 40 57',NULL,'Technicien','atelier@gobertgroupe.com','2022-06-13 12:50:21','2022-06-14 09:11:27',10,41),(76,'Frank','.',NULL,'0492 71 54 39','Chef atelier',NULL,'2022-06-13 12:52:23','2022-06-13 12:52:23',10,71),(77,'Antoine','Bienfait','065 36 24 42',NULL,'Service clients','antoine.bienfait@fraikin.com','2022-06-13 12:54:18','2022-06-14 09:09:18',10,72),(78,'Isabelle','Bussy','071 45 32 20',NULL,'Compta','credit.control@fendoors.be','2022-06-13 12:55:54','2022-06-16 10:41:32',10,73),(79,'Frdric','Lanoy','071 34 97 65','0490 57 10 25','Responsable atelier','frederic@euro-trafic.be','2022-06-13 12:57:54','2022-06-16 10:46:08',10,74),(80,'Jos','Wolff','00352 269 004 665','00352 621 591 176','Managing Director','j.wolff@easy-rent.eu','2022-06-13 13:00:01','2022-06-16 10:48:14',10,75),(81,'Orlando','Avanzato',NULL,'0498 92 45 68',NULL,'orlando@avanzato@sfic.be','2022-06-13 13:02:46','2022-06-14 10:05:07',10,76),(82,'Martine','Voeten',NULL,'0497 66 42 28','Compta','info@keysersmachinery.be','2022-06-13 13:04:09','2022-06-16 09:59:14',10,77),(84,'Bndicte','Betho','087 26 04 15',NULL,'Compta et Admin','benedicte@mbgroupe.be','2022-06-13 13:07:49','2022-06-14 09:36:12',10,78),(85,'Jos','Godoy','087 26 04 09',NULL,'Compta','compta@mbgroupe.be','2022-06-13 13:07:49','2022-06-14 09:36:12',10,78),(86,'Louis','Kerkhove',NULL,NULL,NULL,'kerkhove.louis@proximus.be','2022-06-13 13:09:15','2022-06-16 10:55:22',10,79),(87,'Didier','Seront','081 21 36 48',NULL,NULL,'sprl.fantin@gmail.com','2022-06-13 13:10:40','2022-06-14 09:08:38',10,80),(88,'Fredo','Pouthier','00352 341 132 458',NULL,'Responsable magasin','fredo@comes.lu','2022-06-13 13:13:36','2022-06-14 09:00:38',10,81),(89,'Alexandre','Crebeyck',NULL,'0494 59 64 78','Administrateur','a.crebeyck@cmcmaintenance.eu','2022-06-13 13:15:09','2022-06-14 09:00:00',10,82),(90,'Joelle','Op\'t Eynde','089 79 39 20',NULL,'Sales','info@clijstersbvba.be','2022-06-13 13:17:31','2022-06-14 08:58:07',10,83),(91,'Karen','Clijsters',NULL,NULL,'Compta','finance@clijstersbvba.be','2022-06-13 13:17:31','2022-06-14 08:58:07',10,83),(92,'Nicolai','Dornez','051 57 58 79','0479 40 20 38',NULL,'nicolai.dornez@braem.com','2022-06-13 13:19:10','2022-06-14 08:49:44',10,84),(93,'Lisa','Lambrecht','051 49 01 50',NULL,NULL,'lisa@booneconstruct.be','2022-06-13 13:20:50','2022-06-16 10:52:12',10,85),(94,'Steff','Eggermont','051 49 01 50',NULL,NULL,'werkplaats@booneconstruct.be','2022-06-13 13:20:50','2022-06-16 10:52:12',10,85),(95,'Bernard','Remy','084 31 60 85','0474 11 68 68',NULL,'b.remy@amlouis.eu','2022-06-13 13:22:44','2022-06-14 08:43:34',10,86),(96,'Andr','Baeyen',NULL,NULL,'Compta','a.baeyen@amlouis.eu','2022-06-13 13:22:44','2022-06-14 08:43:34',10,86),(97,'Alhan','Taner',NULL,'0473 71 84 62',NULL,'taneralhan@hotmail.com','2022-06-13 13:24:04','2022-06-16 10:53:20',10,87),(98,'Kelly','Naudts','09 328 04 36',NULL,'Compta','kelly@alcomet.be','2022-06-13 13:25:32','2022-06-14 08:42:40',10,88),(99,'Trystan','Leblanc','00352 33 06 71','00352 621 570 205',NULL,'magasin@adl-dostert.lu','2022-06-13 13:27:42','2022-06-16 10:54:20',10,89),(100,'Christiane','Leclerc',NULL,NULL,'Compta','comptabilite@adl-dostert.lu','2022-06-13 13:27:42','2022-06-16 10:54:20',10,89),(101,'Pamela','Epis','0039 03502 88 104',NULL,'Sales','pamela.epis@fassi.com','2022-06-13 14:04:51','2022-06-16 10:40:57',10,90),(102,'Marina','Mecca','0039 03502 88 104',NULL,'Sales','marina.mecca@fassi.com','2022-06-13 14:04:51','2022-06-16 10:40:57',10,90),(103,'Loredana','Camozzi','0039 0357 76 295',NULL,'Garantie','loredana.camozzi@fassi.com','2022-06-13 14:04:51','2022-06-16 10:40:57',10,90),(104,'Anna','Bosio','0039 0354 127879',NULL,'Pices dtaches','anna.bosio@fassi.com','2022-06-13 14:04:51','2022-06-16 10:40:57',10,90),(105,'Stefano','Piantoni','0039 0357 76 380','0039 335 686 95 36','Aprs ventes','stefano.piantoni@fassi.com','2022-06-13 14:04:51','2022-06-16 10:40:57',10,90),(106,'Benoit','Kaplan','02 205 03 03',NULL,'Compta','compta@bricomatkelly.be','2022-06-13 14:28:28','2022-06-14 08:54:50',10,23),(107,'Sarah','Callens','051 57 58 25',NULL,'Compta','sarah.callens@braem.com','2022-06-13 15:34:35','2022-06-14 08:49:44',10,84),(109,'Laurent','Verbeke','010 62 16 81','0495 62 54 11','Directeur commercial','l.verbeke@melinsa.be','2022-06-14 08:28:39','2022-06-14 08:33:44',10,22),(110,'Batrice','Clercq','010 62 16 83',NULL,'Compta','b.clercq@melinsa.be','2022-06-14 08:28:39','2022-06-14 08:28:39',10,22),(111,'Arnaud','Melin','010 62 16 81',NULL,'Directeur commercial','a.melin@melinsa.be','2022-06-14 08:33:44','2022-06-14 08:33:44',10,22),(112,'Thomas','Melin','010 62 16 82',NULL,'Directeur administratif et financier','t.melin@melinsa.be','2022-06-14 08:33:44','2022-06-14 08:33:44',10,22),(113,'Laurent','Verbeke',NULL,'0495 62 54 11','Directeur commercial','l.verbeke@melinsa.be','2022-06-14 08:39:49','2022-06-14 08:39:49',10,92),(114,'Batrice','Clercq','010 62 16 83',NULL,'Compta','b.clercq@melinsa.be','2022-06-14 08:39:49','2022-06-14 08:39:49',10,92),(115,'Florence','Degembre','081 56 60 13',NULL,'Compta','accounting@cromarbo.com','2022-06-14 09:04:33','2022-06-14 09:04:33',10,54),(116,'Pascal','Lamotte',NULL,NULL,'Compta','compta@socacier.be','2022-06-15 08:03:11','2022-06-15 08:03:11',10,95),(117,'.','..',NULL,NULL,NULL,NULL,'2022-06-15 14:49:23','2022-06-15 14:49:23',10,97),(118,'Vital','Keysers',NULL,'0495 21 50 30','Grant','info@keysersvital.be','2022-06-16 10:00:32','2022-06-16 10:00:32',10,77),(119,'Maxime','Mullie','071 28 60 55',NULL,'Directeur Supply chain','m.mullie@facozinc.be','2022-06-16 10:43:52','2022-06-16 10:43:52',10,52),(120,'Arnaud','Muyle',NULL,'0497 52 75 94',NULL,'a.muyle@facozinc.be','2022-06-16 10:43:52','2022-06-16 10:43:52',10,52),(121,'Annie','Bigaj',NULL,NULL,'Compta','annie.bigaj@mobix.be','2022-06-16 10:57:13','2022-06-16 10:57:13',10,50),(122,'Maeva','Gentile',NULL,NULL,'Compta','maeva.gentile@mobix.be','2022-06-16 10:57:13','2022-06-16 10:57:13',10,50),(123,'Justine','Hamels','081 43 32 43',NULL,'Assistante de direction','justine.hamels@nonet.be','2022-06-16 11:11:05','2022-06-16 11:11:05',10,99),(124,'Bernard','Fayt',NULL,NULL,NULL,'bfayt@bemat.be','2022-06-16 14:43:27','2022-06-16 14:43:27',10,91),(125,'Livio','Vagnini','071 28 57 51','0476 79 95 76','Technical Purchaser','i.vagnini@lepage-jumet.com','2022-06-17 10:35:19','2022-06-17 10:35:19',10,105),(126,'Ronny','Fickers','00352 269 00 44 72','00352 621 38 88 63','Comptable','r.fickers@easy-rent.eu','2022-06-20 09:13:52','2022-06-20 09:13:52',10,62),(127,'Ronny','Fickers','00352 269 00 44 72','00352 621 38 88 63','Compta','r.fickers@easy-rent.eu','2022-06-20 09:17:17','2022-06-20 09:19:25',10,75),(128,'Debby','De Pater','0031 78 744 01 05',NULL,'Secrtaire','admin@groeneveldtmarineconstruction.nl','2022-06-20 10:45:49','2022-06-20 10:45:49',10,106),(129,'Eddy','Pirard',NULL,'0477 51 60 80',NULL,'e.pirard@sotraplant.be','2022-06-27 14:17:19','2022-06-27 14:17:19',10,109),(130,'Benoit','Jeandrain',NULL,'0479 22 64 55','Achat et logistique','benoit.jeandrain.ext@mobix.be','2022-06-29 09:52:41','2022-06-29 09:52:41',10,50),(131,'Mr','Heck',NULL,'0472 59 62 29',NULL,'sa.heck@swing.be','2022-07-06 08:53:09','2022-07-06 08:53:09',10,110),(132,'Yves','Dujardin','081 40 21 21','0472 22 08 24','Conducteur de chantier/bon de commande','yves.dujardin@genetec.be','2022-07-07 10:24:18','2022-07-07 10:24:18',10,71),(133,'Virginie','Vandebergen','081 40 21 21',NULL,'Secrtaire','virginie.vandebergen@genetec.be','2022-07-07 11:57:47','2022-07-07 11:57:47',10,71),(134,'Mme','Gustin',NULL,NULL,'Comptable','comptabilite@genetec.be','2022-07-07 11:57:47','2022-07-07 11:57:47',10,71),(135,'Jrgen','Peterges',NULL,'0478 31 00 06',NULL,'j.peterges@hydromat-services.com','2022-07-08 09:30:49','2022-07-08 10:39:07',10,70),(136,'.','.','064 31 21 65',NULL,'Compta','compta@binchebeton.be','2022-07-26 09:03:26','2022-07-26 09:03:26',10,113),(137,'Delphine','Trenchs','071 28 57 03','0499 71 70 83','Assistante oprations','secretariat.operationnel@lepage-jumet.com','2022-07-28 12:01:08','2022-07-28 12:01:08',10,105),(138,'Pascal','Gerard','071 28 57 14',NULL,'Comptable','invoices-ap@lepage-jumet.com','2022-07-28 12:01:08','2022-07-28 12:01:08',10,105),(139,'Manon','Minet','071 28 57 41',NULL,'Comptable','invoices-ap@lepage-jumet.com','2022-07-28 12:01:08','2022-07-28 12:01:08',10,105),(140,'Franois','.',NULL,'0476/47.55.24',NULL,NULL,'2022-08-03 14:29:16','2022-08-08 12:44:42',5,115),(141,'Laura','Naline',NULL,NULL,'Compta','laura.naline@wanty.eu','2022-08-08 12:51:51','2022-08-08 12:51:51',5,116),(142,'Fabrice','Rolain','071 54 82 90','0496 26 09 68','Responsable logistique','fabrice.rolain@sogeplant.be','2022-08-08 13:58:03','2022-08-08 13:58:03',5,100),(143,'Fatiha','Bounechada','071 410 244','0474 658 955','Administrative Manager','secretariat.kflex@gmail.com','2022-08-12 13:05:22','2022-08-12 13:05:22',5,118);
/*!40000 ALTER TABLE `customer_contacts` ENABLE KEYS */;
UNLOCK TABLES;

--
-- Table structure for table `customers`
--

DROP TABLE IF EXISTS `customers`;
/*!40101 SET @saved_cs_client     = @@character_set_client */;
/*!40101 SET character_set_client = utf8 */;
CREATE TABLE `customers` (
  `id` bigint(20) unsigned NOT NULL AUTO_INCREMENT,
  `name` varchar(100) COLLATE utf8mb4_unicode_ci NOT NULL,
  `address` varchar(100) COLLATE utf8mb4_unicode_ci NOT NULL,
  `address_optional` varchar(100) COLLATE utf8mb4_unicode_ci DEFAULT NULL,
  `city` varchar(50) COLLATE utf8mb4_unicode_ci NOT NULL,
  `zipcode` varchar(10) COLLATE utf8mb4_unicode_ci NOT NULL,
  `country` varchar(100) COLLATE utf8mb4_unicode_ci NOT NULL DEFAULT 'BELGIQUE',
  `mail` varchar(100) COLLATE utf8mb4_unicode_ci DEFAULT NULL,
  `phone` varchar(100) COLLATE utf8mb4_unicode_ci DEFAULT NULL,
  `mobile` varchar(100) COLLATE utf8mb4_unicode_ci DEFAULT NULL,
  `vat` varchar(15) COLLATE utf8mb4_unicode_ci DEFAULT NULL,
  `created_at` timestamp NULL DEFAULT NULL,
  `updated_at` timestamp NULL DEFAULT NULL,
  `user_id` bigint(20) unsigned NOT NULL,
  `black_listed` tinyint(1) NOT NULL DEFAULT 0,
  PRIMARY KEY (`id`),
  KEY `customers_user_id_foreign` (`user_id`),
  CONSTRAINT `customers_user_id_foreign` FOREIGN KEY (`user_id`) REFERENCES `users` (`id`)
) ENGINE=InnoDB AUTO_INCREMENT=121 DEFAULT CHARSET=utf8mb4 COLLATE=utf8mb4_unicode_ci;
/*!40101 SET character_set_client = @saved_cs_client */;

--
-- Dumping data for table `customers`
--

LOCK TABLES `customers` WRITE;
/*!40000 ALTER TABLE `customers` DISABLE KEYS */;
INSERT INTO `customers` VALUES (22,'Melin SA','Avenue Provinciale 85-87',NULL,'Croux-Mousty','1341','Belgique','info@melinsa.be','010 61 28 47',NULL,'BE 0401 491 710','2021-07-05 17:01:05','2022-06-14 08:34:40',10,0),(23,'Brico Mat Kelly','Chausse de Louvain 700',NULL,'Schaerbeek','1030','Belgique','info@bricomatkelly.be','02 205 03 03','0497 60 31 40','BE 0463 266 159','2021-07-05 17:54:52','2022-06-14 08:54:50',10,0),(24,'Meta System','Avenue Lavoisier 21',NULL,'Wavre','1300','Belgique','info@meta-system.be','010 65 71 58',NULL,'BE 0818 645 752','2021-07-06 10:46:23','2022-06-14 09:37:39',10,0),(25,'Facopro','Rue des Aises 66',NULL,'Gilly','6060','Belgique',NULL,'071 43 82 30',NULL,'BE 0533 824 355','2021-07-06 11:51:58','2022-06-13 15:41:51',10,0),(26,'Verset Aciers','Grand  Rue 62',NULL,'Trazegnies','6183','Belgique',NULL,'071 45 40 59','0495 290 883','BE 0401 688 084','2021-07-09 16:12:51','2022-06-10 12:34:03',10,0),(27,'Sodraep','Guido Gezellestraat 125',NULL,'Huizingen','1654','Belgique','sodraepinfo@sodraep.be','02 345 99 09',NULL,'BE 0420 191 528','2021-07-09 16:32:51','2022-06-10 14:06:09',10,0),(28,'Buysse & Co','Rue Haute 97/1',NULL,'Wagnele','6223','Belgique',NULL,NULL,'0492 68 75 38','BE 0472 610 229','2021-07-12 12:03:52','2022-06-10 11:43:31',10,0),(29,'Dehaye Ets','Rue de l\'Argilette 6',NULL,'Trazegnies','6183','Belgique','ets.dehaye@skynet.be','071 45 13 94',NULL,'BE 0818 967 931','2021-07-12 14:01:41','2022-06-10 12:04:39',10,0),(30,'Socacier','Rue de la Babotterie 66',NULL,'Marcinelle','6001','Belgique','info@socacier.be','071 36 02 36','0472 45 87 63','BE 0420 883 790','2021-07-12 14:15:21','2022-06-14 10:07:39',10,0),(31,'Arme Belge 4 BN LOG - TPTREO','Chausse de Lige 65',NULL,'Marche-En-Famenne','6900','Belgique','4bnlog-mat-tech-outsourcing@mil.be',NULL,'0474993037',NULL,'2021-07-13 10:15:37','2021-07-13 10:15:37',10,0),(32,'Solid Beton S.A.','Rue des Semailles 29',NULL,'Flmalle-Grande','4400','Belgique','contact@solidbeton.be','04 250 64 44',NULL,'BE 0428 612 118','2021-07-15 16:37:07','2022-06-10 12:15:51',10,0),(33,'T.F.C. S.A.','rue Maurice Brossius 74',NULL,'Flawinne','5020','Belgique','tfc-sa@skynet.be','081 56 98 24','0474 33 14 10','BE0458318169','2022-01-19 15:28:40','2022-01-19 15:28:40',10,0),(34,'Brunet S.A.','Chausse de Philippeville 60',NULL,'Mariembourg','5660','Belgique','info@brunet-sa.be','060 31 30 60',NULL,'BE 0432 757 877','2022-01-28 15:17:17','2022-06-10 11:44:56',10,0),(35,'Gemeente Steenokkerzeel','Orchideeenlaan 17',NULL,'Steenokkerzeel','1820','Belgique','info@steenokkerzeel.be','02 254 19 00',NULL,NULL,'2022-02-22 11:09:08','2022-02-22 11:09:08',10,0),(36,'PECORELLA','Rue Gustave Fievet 24A / 1',NULL,'Sombreffe','5140','Belgique','pecorella@pecorella.be','071 88 90 49',NULL,'BE 0452 800 354','2022-02-23 11:54:04','2022-06-14 09:52:47',10,0),(37,'Facolog SA','Rue des Sept Actions 39',NULL,'Gilly','6060','Belgique',NULL,NULL,NULL,'BE 0821 220 311','2022-02-23 17:54:49','2022-06-13 15:44:49',10,0),(38,'La Loggia SPRL','Avenue de Roodebeek 57',NULL,'Schaerbeek','1030','Belgique','info@laloggia.be',NULL,'0497733126','BE0479864641','2022-02-25 14:56:13','2022-02-25 14:56:13',10,0),(39,'Dogot Transports','Rue de la Sainte Face 25',NULL,'Tarcienne','5651','Belgique',NULL,'071 72 81 54','0473 63 33 80','BE 0739 859 976','2022-03-02 13:33:25','2022-08-08 12:46:12',5,0),(40,'Kroell Transport','rue Pietro Ferrero 8',NULL,'Arlon','6700','Belgique','pbaudoin@batipro.lu',NULL,'0495293008','BE473803626','2022-03-02 14:08:38','2022-03-02 14:08:38',10,0),(41,'Gobert & Fils SA','Rue de la Pierrette 2',NULL,'Thieusies','7061','Belgique','atelier@gobertgroupe.com','065 36 52 80',NULL,'BE 0452 485 895','2022-03-02 14:38:29','2022-06-20 10:23:50',10,0),(42,'Kustermans & CO','Alle des Hirondelles 8',NULL,'Thy-Le-Chteau','5651','Belgique',NULL,'071 22 02 55','0485 99 76 35','BE 0887 778 543','2022-03-10 17:33:39','2022-06-14 09:25:08',10,0),(43,'Lemaire David','Chemain Chne Saint-Pierre',NULL,'Ostiches','7804','Belgique','davidchristine1988@gmail.com','068 66 54 11','0491 89 51 86','BE 0735 874 068','2022-03-18 13:40:57','2022-06-14 09:27:47',10,0),(44,'Caro Confort','Route de Maestricht 96',NULL,'Battice','4651','Belgique','info@caroconfort.be','087 69 20 10',NULL,'BE 0421 611 191','2022-03-18 15:36:05','2022-06-10 11:34:53',10,0),(45,'Masquelier Aciers','Rue de la Croix du Maeur 26',NULL,'Strpy-Bracquegnies','7110','Belgique','info@masquelieraciers.be','064 22 23 16',NULL,'BE 0401 772 614','2022-03-23 10:05:54','2022-06-14 09:34:14',10,0),(46,'BigMat Belmeco Grez Doiceau','Chausse de Wavre 362',NULL,'Grez-Doiceau','1390','Belgique',NULL,'010 84 15 28',NULL,'BE 0423 181 207','2022-03-23 11:54:33','2022-06-10 11:59:12',10,0),(47,'All Exceptional','Steenweg op Ruisbroek 378',NULL,'Drogenbos','1620','Belgique','logistics@allexeptional.be','02 466 39 70',NULL,'BE 0460 482 853','2022-03-28 15:41:37','2022-06-13 14:14:20',10,0),(48,'Gedimat La Valle','Rue du Centenaire 1B',NULL,'Hastire','5540','Belgique','info@gedimatlavallee.com','082 64 44 03',NULL,'BE 0407 605 975','2022-03-30 13:30:50','2022-06-13 15:49:50',10,0),(49,'Transnam SA','Rue de la Croix Limont 11',NULL,'Ciney','5590','Belgique','jaimie.collignon@allmat.be',NULL,'0496 26 59 42','BE 0439 938 253','2022-03-31 15:01:37','2022-06-10 12:37:10',10,0),(50,'MOBIX Engetec','Rue Jean Perrin 2',NULL,'Manage','7170','Belgique','luc.neirynck@mobix.be',NULL,NULL,'BE 0430 013 470','2022-04-05 11:04:31','2022-06-13 13:05:48',10,0),(51,'Dick Frres SA','Avenue Salvador Allende 35',NULL,'Tubize','1480','Belgique','info@dickfreres.com','02 355 61 08',NULL,'BE 0446 762 994','2022-05-06 11:26:05','2022-06-10 11:31:25',10,0),(52,'Facozinc','Rue des Sept Actions 39',NULL,'Gilly','6060','Belgique',NULL,'071 42 06 75',NULL,'BE 0473 687 127','2022-05-06 15:15:41','2022-06-13 15:36:31',10,0),(53,'Luminus Cities','chausse de La Hulpe 185',NULL,'Watermael-Boitsfort','1170','Belgique','info@luminuscities.be','071 49 60 00',NULL,'BE 0715 825 752','2022-05-10 14:53:30','2022-06-13 14:08:31',10,0),(54,'Cromarbo S.A.','Rue des Chapelles 58',NULL,'La Bruyre','5080','Belgique','info@cromarbo.com','081 56 60 13',NULL,'BE 0406 054 866','2022-06-02 14:27:22','2022-06-10 11:42:08',10,0),(55,'Astrelis SRL','Venelle du Bois de la Pierre 22',NULL,'Wavre','1300','Belgique','jsl@astgroup.be',NULL,'0488 087 150','BE 0755 728 582','2022-06-10 12:49:50','2022-06-13 15:58:41',10,0),(56,'Servimat','Rue du Tilloi 9',NULL,'Heppignies','6220','Belgique','info@servimat.be','071 25 35 25',NULL,'BE 0479 535 732','2022-06-10 12:55:18','2022-06-13 15:57:19',10,0),(57,'Roemen Carrosserie Sarl','Zone Industrielle 30',NULL,'Kehlen','LU-8287','Luxembourg','info@roemen.lu','00352 30 99 191',NULL,'LU 20082410512','2022-06-10 12:58:38','2022-06-14 09:55:47',10,0),(58,'De Patrijs','Deinzestraat 34',NULL,'Wortegem-Petegem','9790','Belgique','info@depatrijs.be','09 383 53 11',NULL,'BE 0425 078 348','2022-06-10 13:07:12','2022-06-13 14:37:22',10,0),(59,'Dragos','Avenue de l\'Hliport 22 bte 28',NULL,'Bruxelles','1000','Belgique',NULL,NULL,NULL,'BE 0679 483 614','2022-06-10 13:09:52','2022-06-10 13:09:52',10,0),(60,'De Buf hydrauliek nv','Brugsestraat 192',NULL,'Oostkamp','8020','Belgique','info@debuf.be','050 83 15 15',NULL,'BE 0445 933 051','2022-06-10 13:11:19','2022-06-13 14:36:17',10,0),(61,'Transmanumat','Rue de la Pierrette 2',NULL,'Thieusies','7061','Belgique',NULL,'065 72 40 64',NULL,'BE 0452 499 753','2022-06-10 13:24:24','2022-06-13 15:55:10',10,0),(62,'RC Ateliers','Rue de Mimort 590',NULL,'Herstal','4040','Belgique','info@atelier-rc.be','04 286 19 91',NULL,'BE 0433 062 042','2022-06-10 14:09:35','2022-06-13 15:56:31',10,0),(63,'Neremat','Rue de Courrire 22',NULL,'Seneffe','7180','Belgique',NULL,'064 34 10 86',NULL,'BE 0878 433 285','2022-06-10 14:11:44','2022-06-14 09:45:22',10,0),(64,'Mioli','Route Nationale 4 n 3',NULL,'Bande','6951','Belgique','info@mioli.be','084 46 03 00',NULL,'BE 0411 976 123','2022-06-10 14:15:04','2022-06-14 09:40:18',10,0),(65,'Miotto Hydraulique','Chausse de Tirlemont 68 bte 4',NULL,'Gembloux','5030','Belgique',NULL,NULL,'0498 04 68 87','BE 0778 800 825','2022-06-10 14:16:56','2022-06-14 09:41:29',10,0),(66,'Martle','Aalterseweg 74',NULL,'Knesselare','9910','Belgique','info@martle.be','09 325 70 10',NULL,'BE 0406 088 520','2022-06-10 14:22:51','2022-06-10 14:22:51',10,0),(67,'Lodewijckx Garage','Donk 163',NULL,'Mol','2400','Belgique',NULL,'014 37 70 04',NULL,'BE 0437 163 558','2022-06-10 14:24:34','2022-06-14 09:30:26',10,0),(68,'JB Construct','Avenue de l\'Esprance 52',NULL,'Fleurus','6220','Belgique','info@jbconstruct.net','071 81 01 84','0498 46 14 21','BE 0657 990 392','2022-06-13 11:55:01','2022-08-03 10:10:34',10,0),(69,'Jorissen NV','Vrijheidweg 11',NULL,'Tongeren','3700','Belgique','info@jorissennv.be','012 24 22 60',NULL,'BE 0426 085 762','2022-06-13 11:56:54','2022-06-16 10:35:30',10,0),(70,'Hydromat','Chausse de Lige 28',NULL,'Henri-Chapelle','4841','Belgique','info@hydromat-services.com','087 44 03 48',NULL,'BE 0478 677 281','2022-06-13 11:59:26','2022-06-14 09:17:50',10,0),(71,'Genetec','Chausse de Marche 933',NULL,'Wierde','5100','Belgique','info@genetec.be','081 40 21 21',NULL,'BE 0428 884 510','2022-06-13 12:52:23','2022-06-13 15:50:54',10,0),(72,'Fraikin Belgium Truck Renting','Rue des Guimauves 5',NULL,'Cuesmes','7033','Belgique','fraikin.liege@fraikin.com','065 36 24 42',NULL,'BE 0417 709 813','2022-06-13 12:54:18','2022-06-13 15:48:36',10,0),(73,'Fendoors','Avenue de Heppignies 30-32',NULL,'Fleurus','6220','Belgique','info@fendoors.be','071 45 32 20',NULL,'BE 0419 293 188','2022-06-13 12:55:54','2022-06-13 15:47:23',10,0),(74,'Eurotrafic','Avenue d\'Heppignies 6',NULL,'Heppignies','6220','Belgique',NULL,'071 34 02 02',NULL,'BE 0425 184 949','2022-06-13 12:57:54','2022-06-16 10:46:08',10,0),(75,'Easy Rent Truck & Trailer','Schwarzenbach 12',NULL,'Bullange','4760','Belgique',NULL,'080 640 223',NULL,'BE 0846 990 943','2022-06-13 13:00:01','2022-06-16 10:48:14',10,0),(76,'SFIC','Lummense Kiezel 78',NULL,'Kermt','3510','Belgique','kermt@sfic.be','011 25 17 28',NULL,'BE 0400 953 260','2022-06-13 13:02:46','2022-06-14 10:05:07',10,0),(77,'Vital Keysers','Schotensteenweg 37',NULL,'Brecht','2960','Belgique','info@keysersvital.be','03 313 51 94',NULL,'BE 0478 970 261','2022-06-13 13:04:09','2022-06-16 09:59:14',10,0),(78,'MB','Rue du Tige 12',NULL,'Thimister-Clermont','4890','Belgique','info@mbgroupe.be','087 78 51 03',NULL,'BE 0446 552 861','2022-06-13 13:07:49','2022-06-14 09:36:12',10,0),(79,'Kerkhove','Bevrijdingslaan 2',NULL,'Tielt','8700','Belgique',NULL,NULL,NULL,'BE 0474 989 895','2022-06-13 13:09:15','2022-06-13 13:09:15',10,0),(80,'Fantin','Chausse de Louvain 1012b',NULL,'Cognele','5022','Belgique','sprl.fantin@gmail.com','081 21 36 48',NULL,'BE 0434 097 764','2022-06-13 13:10:40','2022-06-13 15:46:37',10,0),(81,'Comes Carrosserie','Rue Jacques Lamort 2',NULL,'Niederanven','L-6947','Luxembourg',NULL,'00352 34 11 321',NULL,'LU 163 845 85','2022-06-13 13:13:36','2022-06-13 14:35:18',10,0),(82,'CMC Maintenance','Avenue Prsident Roosevelt 90',NULL,'Tamines','5060','Belgique',NULL,NULL,NULL,'BE 0753 710 982','2022-06-13 13:15:09','2022-06-13 13:15:09',10,0),(83,'Clijsters bvba','Kruishoefstraat 35',NULL,'Dilsen-Stokkem','3650','Belgique','info@clijstersbvba.be','089 79 39 20',NULL,'BE 0641 960 351','2022-06-13 13:17:31','2022-06-13 14:32:31',10,0),(84,'Braem','Handzaamse Nieuwstraat 7',NULL,'Handzame','8610','Belgique','info@braem.be','051 57 58 58',NULL,'BE 0433 912 375','2022-06-13 13:19:10','2022-06-13 14:25:30',10,0),(85,'Boone Construct','Eekhoustraat 57',NULL,'Ruiselede','8755','Belgique','info@booneconstruct.be','051 49 01 50',NULL,'BE 0674 710 224','2022-06-13 13:20:50','2022-06-13 14:24:02',10,0),(86,'AML','Rue du Parc Industriel 23',NULL,'Marche-En-Famenne','6900','Belgique','info@atelierslouis.com','084 31 60 85',NULL,'BE 0441 495 005','2022-06-13 13:22:44','2022-06-13 14:21:38',10,0),(87,'Altech 1973 bvba','Justestraat 22',NULL,'Lokeren','9160','Belgique',NULL,'09 277 87 61','0473 71 84 62','BE 0675 687 152','2022-06-13 13:24:04','2022-06-16 14:37:02',10,0),(88,'Alcomet','Mosten 9',NULL,'Lokeren','9160','Belgique','info@alcomet.be','09 328 04 36',NULL,'BE 0475 222 794','2022-06-13 13:25:32','2022-06-13 14:11:49',10,0),(89,'ADL','Route de Luxembourg 35',NULL,'Lorentzweiler','L-7372','Luxembourg','info@adl-dostert.lu','00352 33 06 71',NULL,'LU 172 955 28','2022-06-13 13:27:42','2022-06-16 10:54:20',10,0),(90,'Fassi','Via Roma 110',NULL,'Albino BG','IT-24021','Italie',NULL,NULL,NULL,'IT4 334 290 162','2022-06-13 14:04:51','2022-06-13 14:04:51',10,0),(91,'Bemat','Rue du rond Point 243',NULL,'Gilly','6060','Belgique',NULL,'071 48 90 69',NULL,'BE 0402 375 301','2022-06-14 07:54:08','2022-06-14 08:48:09',10,0),(92,'Art-Ics Sprl','Avenue Provinciale 85',NULL,'Croux-Mousty','1341','Belgique',NULL,'010 61 13 27','0478 52 42 07','BE 0694 966 495','2022-06-14 08:37:25','2022-06-14 08:37:25',10,0),(93,'Lebrun Gauthier Toiture','Avenue de Belle-Vue, 45',NULL,'DION','5570','Belgique','info@toiturelebrungauthier.be','082 61 29 94','0474 60 72 82','BE 0834 535 342','2022-06-14 10:24:36','2022-07-12 10:46:15',10,0),(94,'Loriers & Fils Dpannage','Rue de Rendarche 2a',NULL,'Courrire','5336','Belgique',NULL,'083 65 64 45',NULL,'BE 0890 719 029','2022-06-14 10:34:42','2022-06-14 10:34:42',10,0),(95,'Socacier SA','Rue des Poiriers 4',NULL,'Gembloux','5030','Belgique','info@socacier.be','081 61 17 01',NULL,'BE 0420 883 790','2022-06-15 08:03:11','2022-06-15 08:03:11',10,0),(96,'Stageco Belgium nv','Kapelleweg 6',NULL,'Haacht','3150','Belgique','info@stageco.com','016 60 84 71',NULL,'BE 0464 612 677','2022-06-15 09:51:20','2022-06-15 09:51:20',10,0),(97,'Frecar Recycling SPRL','Rue de Gosselies 38',NULL,'Roux','6044','Belgique','info@frecar-recycling.be','071 46 37 58',NULL,'BE 0478 693 515','2022-06-15 14:49:23','2022-06-16 11:29:20',10,0),(98,'SOBE LOG','Eugne Bekaertlaan 63',NULL,'Waregem','8790','Belgique',NULL,'056 23 80 00',NULL,'BE 0688 666 643','2022-06-15 15:28:13','2022-06-15 15:28:13',10,0),(99,'Nonet SA','Rue de la vieille Sambre 162',NULL,'Jemeppe-Sur-Sambre','5190','Belgique','info@nonet.be','081 43 32 43',NULL,'BE 0417 072 581','2022-06-16 11:09:34','2022-06-16 11:11:05',10,0),(100,'Sogeplant','Avenue du Parc Industriel 11',NULL,'Milmort','4041','Belgique',NULL,'04 286 91 90',NULL,'BE 0420 488 169','2022-06-16 11:16:00','2022-08-08 13:58:03',5,0),(101,'Ronny Schoutteet Bvba','Brugsesteenweg 213',NULL,'Roksem','8460','Belgique',NULL,NULL,NULL,'BE 0890 658 651','2022-06-16 11:18:53','2022-06-16 11:18:53',10,0),(102,'Remacle SA','Rue sous-la-ville 8',NULL,'Floriffoux','5150','Belgique','info@remacle.be','081 44 88 88',NULL,'BE 0878 103 188','2022-06-16 11:21:33','2022-06-16 11:21:33',10,0),(103,'Preud\'homme Th. Sprl','Rue de l\'Arbre  la Croix 476',NULL,'Grce-Hollogne','4460','Belgique','info@preudhommeth.be','04 250 63 32',NULL,'BE 0866 387 865','2022-06-16 11:24:26','2022-06-16 11:24:26',10,0),(104,'Moucheron Service Mcanique','Avenue de Spirou 37',NULL,'Fleurus','6220','Belgique','info@palfinger-charleroi.be','071 81 90 82',NULL,'BE 0874 936 337','2022-06-16 11:26:49','2022-06-16 11:26:49',10,0),(105,'Lepage','Rue Chausteur 66',NULL,'Lodelinsart','6042','Belgique','lepage@lepage-jumet.com',NULL,NULL,'BE 0421 209 632','2022-06-17 10:35:19','2022-07-28 12:01:08',10,0),(106,'Groeneveldt Marine Construction bv','Noordeinde 121',NULL,'Hendrik-Ido-Ambacht','3341 LW','Pays-Bas','info@groeneveldtmarineconstruction.nl','0031 78 744 0105','0031 645 91 59 33','NL 851771956B01','2022-06-20 08:12:28','2022-06-20 08:12:28',10,0),(107,'Van Den Braembussche','Brugsesteenweg 303',NULL,'Eeklo','9900','Belgique','info@vandenbraembussche.be','09 377 22 13',NULL,'BE 0418 215 993','2022-06-21 09:20:54','2022-06-21 09:20:54',10,0),(108,'Electro 80','Vilvoordsesteenweg 156',NULL,'Steenokkerzeel','1820','Belgique','info@electro80.be','02 751 81 30',NULL,'BE 0420 401 463','2022-06-23 09:34:50','2022-06-23 09:34:50',10,0),(109,'Sotraplant','Zoning Industriel',NULL,'Perwez','1360','Belgique','courrier@sotraplant.be','081 65 63 03',NULL,'BE 0422 548 727','2022-06-27 14:16:22','2022-06-27 14:19:27',10,0),(110,'HECK SA','Rue de Cielle 18',NULL,'La Roche-En-Ardenne','6980','Belgique',NULL,'084 43 30 68','0477 500 510','BE 0418 167 196','2022-07-06 08:53:09','2022-07-06 08:53:09',10,0),(111,'Metal Yapi','rue G. De Lombaerde 54',NULL,'Evere','1140','Belgique','info@metalyapi.eu',NULL,'0476389101','BE0476651268','2022-07-07 15:26:05','2022-07-07 15:26:05',10,0),(113,'Binche Bton Sprl','Avenue de la Nouvelle Synthse',NULL,'Ressaix','7134','Belgique','info@binchebeton.be','064312160',NULL,'BE 0424 895 830','2022-07-26 09:03:26','2022-07-26 09:03:26',10,0),(114,'Clarinval Construction','Zoning Industriel de Baillamont','Rue Alphonse Lepage 4','Bivre','5555','Belgique',NULL,NULL,NULL,'BE 0549 921 308','2022-07-26 09:09:06','2022-07-26 09:09:06',10,0),(115,'JARDIN NET SPRL','rue des Corbeaux, 38',NULL,'Corroy-Le-Grand','1325','Belgique','info@jardin-net.be',NULL,'0476 47 55 24','BE 0414 849 895','2022-08-03 14:29:16','2022-08-08 12:44:42',5,0),(116,'Debliquit-Wanty','Rue des Mineurs 25',NULL,'Peronnes-Lez-Binche','7134','Belgique',NULL,'064 31 12 12','info@wanty.eu','BE 0434 579 893','2022-08-08 12:51:51','2022-08-08 12:51:51',5,0),(117,'Flex-Hydrau Srl','Chemin Brimboriau 26',NULL,'Ghislenghien','7822','Belgique','flex.hydrau@gmail.com',NULL,'0475 848 379','BE 0426 854 141','2022-08-10 14:02:54','2022-08-10 14:02:54',5,0),(118,'K-Flex Services Belgium Srl','Rue d\'Edimbourg 12',NULL,'Jumet','6040','Belgique','info@kflex-services.be',NULL,NULL,'BE 0817 424 047','2022-08-12 11:36:05','2022-08-12 13:05:22',5,0),(119,'Electro Diesel Hydraulique Diffusion (EDHD)','ZA De la Grande Porte',NULL,'Cappelle-La-Grande','59180','France','contact@edhd-hydro.com','0033 328588989',NULL,'FR16 328516174','2022-08-18 14:15:52','2022-08-18 14:15:52',5,0),(120,'C.E.F.A. Sprl','Chemin Brimboriau 26',NULL,'Ghislenghien','7822','Belgique','info@cefabelgium.be','068 57 02 80',NULL,'BE 0449 921 533','2022-08-18 14:24:31','2022-08-18 14:24:31',5,0);
/*!40000 ALTER TABLE `customers` ENABLE KEYS */;
UNLOCK TABLES;

--
-- Table structure for table `failed_jobs`
--

DROP TABLE IF EXISTS `failed_jobs`;
/*!40101 SET @saved_cs_client     = @@character_set_client */;
/*!40101 SET character_set_client = utf8 */;
CREATE TABLE `failed_jobs` (
  `id` bigint(20) unsigned NOT NULL AUTO_INCREMENT,
  `uuid` varchar(255) COLLATE utf8mb4_unicode_ci NOT NULL,
  `connection` text COLLATE utf8mb4_unicode_ci NOT NULL,
  `queue` text COLLATE utf8mb4_unicode_ci NOT NULL,
  `payload` longtext COLLATE utf8mb4_unicode_ci NOT NULL,
  `exception` longtext COLLATE utf8mb4_unicode_ci NOT NULL,
  `failed_at` timestamp NOT NULL DEFAULT current_timestamp(),
  PRIMARY KEY (`id`),
  UNIQUE KEY `failed_jobs_uuid_unique` (`uuid`)
) ENGINE=InnoDB DEFAULT CHARSET=utf8mb4 COLLATE=utf8mb4_unicode_ci;
/*!40101 SET character_set_client = @saved_cs_client */;

--
-- Dumping data for table `failed_jobs`
--

LOCK TABLES `failed_jobs` WRITE;
/*!40000 ALTER TABLE `failed_jobs` DISABLE KEYS */;
/*!40000 ALTER TABLE `failed_jobs` ENABLE KEYS */;
UNLOCK TABLES;

--
-- Table structure for table `locations`
--

DROP TABLE IF EXISTS `locations`;
/*!40101 SET @saved_cs_client     = @@character_set_client */;
/*!40101 SET character_set_client = utf8 */;
CREATE TABLE `locations` (
  `id` bigint(20) unsigned NOT NULL AUTO_INCREMENT,
  `location` varchar(45) NOT NULL,
  `description` varchar(255) DEFAULT NULL,
  `enabled` tinyint(1) NOT NULL DEFAULT 1,
  `created_at` timestamp NULL DEFAULT NULL,
  `updated_at` timestamp NULL DEFAULT NULL,
  `user_id` bigint(20) unsigned DEFAULT NULL,
  PRIMARY KEY (`id`),
  UNIQUE KEY `location_UNIQUE` (`location`),
  KEY `locations_user_id_foreign_idx` (`user_id`),
  CONSTRAINT `locations_user_id_foreign` FOREIGN KEY (`user_id`) REFERENCES `users` (`id`)
) ENGINE=InnoDB AUTO_INCREMENT=12 DEFAULT CHARSET=utf8;
/*!40101 SET character_set_client = @saved_cs_client */;

--
-- Dumping data for table `locations`
--

LOCK TABLES `locations` WRITE;
/*!40000 ALTER TABLE `locations` DISABLE KEYS */;
INSERT INTO `locations` VALUES (1,'HALL','Hall',1,'2021-06-06 14:32:00','2021-06-06 14:32:00',1),(2,'MAGASIN','Magasin',1,'2021-06-06 14:32:00','2021-06-06 14:32:00',1),(3,'1WSH806','VW Caddie',1,'2021-06-06 14:32:00','2021-06-06 14:32:00',1),(4,'1XGV833','VW Crafter',1,'2021-06-06 14:32:00','2021-06-06 14:32:00',1),(5,'1VRD723','VW Crafter',1,'2021-06-06 14:32:00','2021-06-06 14:32:00',1),(6,'1YNQ981','VW Amarok',1,'2021-06-06 14:32:00','2021-06-06 14:32:00',1);
/*!40000 ALTER TABLE `locations` ENABLE KEYS */;
UNLOCK TABLES;

--
-- Table structure for table `migrations`
--

DROP TABLE IF EXISTS `migrations`;
/*!40101 SET @saved_cs_client     = @@character_set_client */;
/*!40101 SET character_set_client = utf8 */;
CREATE TABLE `migrations` (
  `id` int(10) unsigned NOT NULL AUTO_INCREMENT,
  `migration` varchar(255) COLLATE utf8mb4_unicode_ci NOT NULL,
  `batch` int(11) NOT NULL,
  PRIMARY KEY (`id`)
) ENGINE=InnoDB AUTO_INCREMENT=66 DEFAULT CHARSET=utf8mb4 COLLATE=utf8mb4_unicode_ci;
/*!40101 SET character_set_client = @saved_cs_client */;

--
-- Dumping data for table `migrations`
--

LOCK TABLES `migrations` WRITE;
/*!40000 ALTER TABLE `migrations` DISABLE KEYS */;
/*!40000 ALTER TABLE `migrations` ENABLE KEYS */;
UNLOCK TABLES;

--
-- Table structure for table `model_has_permissions`
--

DROP TABLE IF EXISTS `model_has_permissions`;
/*!40101 SET @saved_cs_client     = @@character_set_client */;
/*!40101 SET character_set_client = utf8 */;
CREATE TABLE `model_has_permissions` (
  `permission_id` bigint(20) unsigned NOT NULL,
  `model_type` varchar(255) COLLATE utf8mb4_unicode_ci NOT NULL,
  `model_id` bigint(20) unsigned NOT NULL,
  PRIMARY KEY (`permission_id`,`model_id`,`model_type`),
  KEY `model_has_permissions_model_id_model_type_index` (`model_id`,`model_type`),
  CONSTRAINT `model_has_permissions_permission_id_foreign` FOREIGN KEY (`permission_id`) REFERENCES `permissions` (`id`) ON DELETE CASCADE
) ENGINE=InnoDB DEFAULT CHARSET=utf8mb4 COLLATE=utf8mb4_unicode_ci;
/*!40101 SET character_set_client = @saved_cs_client */;

--
-- Dumping data for table `model_has_permissions`
--

LOCK TABLES `model_has_permissions` WRITE;
/*!40000 ALTER TABLE `model_has_permissions` DISABLE KEYS */;
/*!40000 ALTER TABLE `model_has_permissions` ENABLE KEYS */;
UNLOCK TABLES;

--
-- Table structure for table `model_has_roles`
--

DROP TABLE IF EXISTS `model_has_roles`;
/*!40101 SET @saved_cs_client     = @@character_set_client */;
/*!40101 SET character_set_client = utf8 */;
CREATE TABLE `model_has_roles` (
  `role_id` bigint(20) unsigned NOT NULL,
  `model_type` varchar(255) COLLATE utf8mb4_unicode_ci NOT NULL,
  `model_id` bigint(20) unsigned NOT NULL,
  PRIMARY KEY (`role_id`,`model_id`,`model_type`),
  KEY `model_has_roles_model_id_model_type_index` (`model_id`,`model_type`),
  CONSTRAINT `model_has_roles_role_id_foreign` FOREIGN KEY (`role_id`) REFERENCES `roles` (`id`) ON DELETE CASCADE
) ENGINE=InnoDB DEFAULT CHARSET=utf8mb4 COLLATE=utf8mb4_unicode_ci;
/*!40101 SET character_set_client = @saved_cs_client */;

--
-- Dumping data for table `model_has_roles`
--

LOCK TABLES `model_has_roles` WRITE;
/*!40000 ALTER TABLE `model_has_roles` DISABLE KEYS */;
INSERT INTO `model_has_roles` VALUES (1,'App\\Models\\User',1),(2,'App\\Models\\User',2),(2,'App\\Models\\User',4),(3,'App\\Models\\User',5),(3,'App\\Models\\User',10),(6,'App\\Models\\User',11);
/*!40000 ALTER TABLE `model_has_roles` ENABLE KEYS */;
UNLOCK TABLES;

--
-- Table structure for table `outs`
--

DROP TABLE IF EXISTS `outs`;
/*!40101 SET @saved_cs_client     = @@character_set_client */;
/*!40101 SET character_set_client = utf8 */;
CREATE TABLE `outs` (
  `id` bigint(20) unsigned NOT NULL AUTO_INCREMENT,
  `qty_pull` smallint(5) unsigned NOT NULL,
  `qty_before` smallint(5) unsigned NOT NULL,
  `reason_id` bigint(20) unsigned NOT NULL,
  `store_id` bigint(20) unsigned NOT NULL,
  `created_at` timestamp NULL DEFAULT NULL,
  `updated_at` timestamp NULL DEFAULT NULL,
  `user_id` bigint(20) unsigned NOT NULL,
  `note` varchar(255) COLLATE utf8mb4_unicode_ci DEFAULT NULL,
  PRIMARY KEY (`id`),
  KEY `outs_reason_id_foreign` (`reason_id`),
  KEY `outs_store_id_foreign` (`store_id`),
  KEY `outs_user_id_foreign` (`user_id`),
  CONSTRAINT `outs_reason_id_foreign` FOREIGN KEY (`reason_id`) REFERENCES `reasons` (`id`) ON DELETE NO ACTION ON UPDATE NO ACTION,
  CONSTRAINT `outs_store_id_foreign` FOREIGN KEY (`store_id`) REFERENCES `stores` (`id`) ON DELETE NO ACTION ON UPDATE NO ACTION,
  CONSTRAINT `outs_user_id_foreign` FOREIGN KEY (`user_id`) REFERENCES `users` (`id`)
) ENGINE=InnoDB AUTO_INCREMENT=72 DEFAULT CHARSET=utf8mb4 COLLATE=utf8mb4_unicode_ci;
/*!40101 SET character_set_client = @saved_cs_client */;

--
-- Dumping data for table `outs`
--

LOCK TABLES `outs` WRITE;
/*!40000 ALTER TABLE `outs` DISABLE KEYS */;
INSERT INTO `outs` VALUES (44,6,6,3,1051,'2022-01-19 10:37:14','2022-01-19 10:37:14',10,NULL),(45,8,10,3,629,'2022-01-19 10:37:42','2022-01-19 10:37:42',10,NULL),(46,1,3,6,221,'2022-01-28 14:55:54','2022-01-28 14:55:54',11,'20220119153823'),(47,1,8,6,471,'2022-01-28 14:55:54','2022-01-28 14:55:54',11,'20220119153823'),(48,2,10,6,1076,'2022-01-28 16:52:54','2022-01-28 16:52:54',10,'20220119153823'),(49,1,4,6,414,'2022-02-22 18:01:31','2022-02-22 18:01:31',11,'20220222111033'),(50,1,1,6,552,'2022-02-22 18:01:31','2022-02-22 18:01:31',11,'20220222111033'),(51,2,6,2,271,'2022-03-02 14:58:31','2022-03-02 14:58:31',10,NULL),(52,1,1,6,456,'2022-03-28 13:27:15','2022-03-28 13:27:15',11,'20220328124956'),(53,1,9,6,266,'2022-03-30 15:45:43','2022-03-30 15:45:43',11,'20220314174642'),(54,1,5,6,188,'2022-04-14 15:46:33','2022-04-14 15:46:33',10,'20220413162713'),(55,1,4,6,271,'2022-04-14 15:46:33','2022-04-14 15:46:33',10,'20220413162713'),(56,1,20,6,694,'2022-06-15 14:55:32','2022-06-15 14:55:32',10,'20220615144357'),(57,1,11,6,917,'2022-06-15 14:59:30','2022-06-15 14:59:30',10,'20220615144357'),(58,1,10,6,917,'2022-06-15 14:59:41','2022-06-15 14:59:41',10,'20220615144357'),(59,2,11,6,920,'2022-06-15 15:10:14','2022-06-15 15:10:14',10,'20220615144357'),(60,1,6,2,487,'2022-07-27 11:54:16','2022-07-27 11:54:16',10,NULL),(61,2,6,2,348,'2022-07-27 11:56:16','2022-07-27 11:56:16',10,NULL),(62,1,4,2,347,'2022-07-27 11:58:57','2022-07-27 11:58:57',10,NULL),(63,3,7,2,576,'2022-07-27 12:03:01','2022-07-27 12:03:01',10,NULL),(64,7,25,2,461,'2022-07-27 13:51:39','2022-07-27 13:51:39',10,NULL),(65,1,3,2,573,'2022-07-27 13:53:45','2022-07-27 13:53:45',10,NULL),(66,1,10,2,493,'2022-07-27 14:16:48','2022-07-27 14:16:48',10,NULL),(67,1,3,2,52,'2022-07-27 14:20:38','2022-07-27 14:20:38',10,NULL),(68,3,4,2,414,'2022-07-27 14:21:40','2022-07-27 14:21:40',10,NULL),(69,1,2,2,475,'2022-07-27 15:31:41','2022-07-27 15:31:41',10,NULL),(70,1,6,6,197,'2022-08-10 13:41:22','2022-08-10 13:41:22',10,'20220615175409'),(71,1,6,6,383,'2022-08-10 13:41:22','2022-08-10 13:41:22',10,'20220615175409');
/*!40000 ALTER TABLE `outs` ENABLE KEYS */;
UNLOCK TABLES;

--
-- Table structure for table `partmetadatas`
--

DROP TABLE IF EXISTS `partmetadatas`;
/*!40101 SET @saved_cs_client     = @@character_set_client */;
/*!40101 SET character_set_client = utf8 */;
CREATE TABLE `partmetadatas` (
  `id` bigint(20) unsigned NOT NULL AUTO_INCREMENT,
  `part_number` varchar(100) COLLATE utf8mb4_unicode_ci NOT NULL,
  `description` varchar(255) COLLATE utf8mb4_unicode_ci NOT NULL,
  `enabled` tinyint(1) NOT NULL DEFAULT 1,
  `electrical_part` tinyint(1) NOT NULL DEFAULT 0,
  `bar_code` varchar(255) COLLATE utf8mb4_unicode_ci NOT NULL,
  `created_at` timestamp NULL DEFAULT NULL,
  `updated_at` timestamp NULL DEFAULT NULL,
  `reassort_level` smallint(5) DEFAULT NULL,
  `user_id` bigint(20) unsigned NOT NULL,
  `import_key` varchar(16) COLLATE utf8mb4_unicode_ci DEFAULT NULL,
  PRIMARY KEY (`id`),
  UNIQUE KEY `part_number` (`part_number`),
  KEY `stores_part_number_index` (`part_number`),
  KEY `parts_metas_location_id_foreign` (`user_id`),
  CONSTRAINT `parts_metas_location_id_foreign` FOREIGN KEY (`user_id`) REFERENCES `users` (`id`)
) ENGINE=InnoDB AUTO_INCREMENT=1219 DEFAULT CHARSET=utf8mb4 COLLATE=utf8mb4_unicode_ci;
/*!40101 SET character_set_client = @saved_cs_client */;

--
-- Dumping data for table `partmetadatas`
--

LOCK TABLES `partmetadatas` WRITE;
/*!40000 ALTER TABLE `partmetadatas` DISABLE KEYS */;
INSERT INTO `partmetadatas` VALUES (1,'01,25','kit stb radio',1,0,'01,25','2021-06-06 15:25:00','2022-01-09 11:12:50',0,12,'81bbec7d63377535'),(2,'7216','7216',1,0,'7216','2021-06-06 15:25:00','2022-01-09 11:12:50',0,12,'81bbec7d63377535'),(3,'16374','16374',1,0,'16374','2021-06-06 15:25:00','2022-01-09 11:12:50',0,12,'81bbec7d63377535'),(4,'37146','BAGUE',1,0,'37146','2021-06-06 15:25:00','2022-07-27 14:54:49',2,12,'81bbec7d63377535'),(5,'43206','43206',1,0,'43206','2021-06-06 15:25:00','2022-01-09 11:12:50',0,12,'81bbec7d63377535'),(6,'48586','48586',1,0,'48586','2021-06-06 15:25:00','2022-01-09 11:12:50',0,12,'81bbec7d63377535'),(7,'48708','48708',1,0,'48708','2021-06-06 15:25:00','2022-01-09 11:12:50',0,12,'81bbec7d63377535'),(8,'48713','48713',1,0,'48713','2021-06-06 15:25:00','2022-01-09 11:12:50',0,12,'81bbec7d63377535'),(9,'48714','48714',1,0,'48714','2021-06-06 15:25:00','2022-01-09 11:12:50',0,12,'81bbec7d63377535'),(10,'48715','48715',1,0,'48715','2021-06-06 15:25:00','2022-01-09 11:12:50',0,12,'81bbec7d63377535'),(11,'48716','48716',1,0,'48716','2021-06-06 15:25:00','2022-01-09 11:12:50',0,12,'81bbec7d63377535'),(12,'48717','48717',1,0,'48717','2021-06-06 15:25:00','2022-01-09 11:12:50',0,12,'81bbec7d63377535'),(13,'48812','48812',1,0,'48812','2021-06-06 15:25:00','2022-01-09 11:12:50',0,12,'81bbec7d63377535'),(14,'48813','48813',1,0,'48813','2021-06-06 15:25:00','2022-01-09 11:12:50',0,12,'81bbec7d63377535'),(15,'48824','48824',1,0,'48824','2021-06-06 15:25:00','2022-01-09 11:12:50',0,12,'81bbec7d63377535'),(16,'48826','48826',1,0,'48826','2021-06-06 15:25:00','2022-01-09 11:12:50',0,12,'81bbec7d63377535'),(17,'48832','48832',1,0,'48832','2021-06-06 15:25:00','2022-01-09 11:12:50',0,12,'81bbec7d63377535'),(18,'48833','48833',1,0,'48833','2021-06-06 15:25:00','2022-01-09 11:12:50',0,12,'81bbec7d63377535'),(19,'75111','75111',1,0,'75111','2021-06-06 15:25:00','2022-01-09 11:12:50',0,12,'81bbec7d63377535'),(20,'90183','90183',1,0,'90183','2021-06-06 15:25:00','2022-01-09 11:12:50',0,12,'81bbec7d63377535'),(21,'105016','105016',1,0,'105016','2021-06-06 15:25:00','2022-01-09 11:12:50',0,12,'81bbec7d63377535'),(22,'116616','116616',1,0,'116616','2021-06-06 15:25:00','2022-01-09 11:12:50',0,12,'81bbec7d63377535'),(23,'116617','116617',1,0,'116617','2021-06-06 15:25:00','2022-01-09 11:12:50',0,12,'81bbec7d63377535'),(24,'116618','116618',1,0,'116618','2021-06-06 15:25:00','2022-01-09 11:12:50',0,12,'81bbec7d63377535'),(25,'116619','116619',1,0,'116619','2021-06-06 15:25:00','2022-01-09 11:12:50',0,12,'81bbec7d63377535'),(26,'116620','116620',1,0,'116620','2021-06-06 15:25:00','2022-01-09 11:12:50',0,12,'81bbec7d63377535'),(27,'116621','116621',1,0,'116621','2021-06-06 15:25:00','2022-01-09 11:12:50',0,12,'81bbec7d63377535'),(28,'145249','145249',1,0,'145249','2021-06-06 15:25:00','2022-01-09 11:12:50',0,12,'81bbec7d63377535'),(29,'145253','145253',1,0,'145253','2021-06-06 15:25:00','2022-01-09 11:12:50',0,12,'81bbec7d63377535'),(30,'146122','146122',1,0,'146122','2021-06-06 15:25:00','2022-01-09 11:12:50',0,12,'81bbec7d63377535'),(31,'148758','148758',1,0,'148758','2021-06-06 15:25:00','2022-01-09 11:12:50',0,12,'81bbec7d63377535'),(32,'148848','148848',1,0,'148848','2021-06-06 15:25:00','2022-01-09 11:12:50',0,12,'81bbec7d63377535'),(33,'148849','148849',1,0,'148849','2021-06-06 15:25:00','2022-01-09 11:12:50',0,12,'81bbec7d63377535'),(34,'148850','148850',1,0,'148850','2021-06-06 15:25:00','2022-01-09 11:12:50',0,12,'81bbec7d63377535'),(35,'149057','149057',1,0,'149057','2021-06-06 15:25:00','2022-01-09 11:12:50',0,12,'81bbec7d63377535'),(36,'190821','190821',1,0,'190821','2021-06-06 15:25:00','2022-01-09 11:12:50',0,12,'81bbec7d63377535'),(37,'200429','200429',1,0,'200429','2021-06-06 15:25:00','2022-01-09 11:12:50',0,12,'81bbec7d63377535'),(38,'200430','200430',1,0,'200430','2021-06-06 15:25:00','2022-01-09 11:12:50',0,12,'81bbec7d63377535'),(39,'200431','200431',1,0,'200431','2021-06-06 15:25:00','2022-01-09 11:12:50',0,12,'81bbec7d63377535'),(40,'200432','tuyau',1,0,'200432','2021-06-06 15:25:00','2022-01-09 11:12:54',0,12,'81bbec7d63377535'),(41,'200433','tuyau',1,0,'200433','2021-06-06 15:25:00','2022-01-09 11:12:50',0,12,'81bbec7d63377535'),(42,'200436','tuyau',1,0,'200436','2021-06-06 15:25:00','2022-01-09 11:12:50',0,12,'81bbec7d63377535'),(43,'200437','tuyau',1,0,'200437','2021-06-06 15:25:00','2022-01-09 11:12:50',0,12,'81bbec7d63377535'),(44,'200438','tuyau',1,0,'200438','2021-06-06 15:25:00','2022-01-09 11:12:50',0,12,'81bbec7d63377535'),(45,'200439','tuyau',1,0,'200439','2021-06-06 15:25:00','2022-01-09 11:12:50',0,12,'81bbec7d63377535'),(46,'200650','200650',1,0,'200650','2021-06-06 15:25:00','2022-01-09 11:12:50',0,12,'81bbec7d63377535'),(47,'200714','200714',1,0,'200714','2021-06-06 15:25:00','2022-01-09 11:12:50',0,12,'81bbec7d63377535'),(48,'200715','200715',1,0,'200715','2021-06-06 15:25:00','2022-01-09 11:12:50',0,12,'81bbec7d63377535'),(49,'200902','200902',1,0,'200902','2021-06-06 15:25:00','2022-01-09 11:12:50',0,12,'81bbec7d63377535'),(50,'220155','DOUILLE',1,0,'220155','2021-06-06 15:25:00','2022-07-27 14:18:16',2,12,'81bbec7d63377535'),(51,'220156','DOUILLE',1,0,'220156','2021-06-06 15:25:00','2022-07-27 14:18:32',2,12,'81bbec7d63377535'),(52,'220157','DOUILLE',1,0,'220157','2021-06-06 15:25:00','2022-07-27 14:19:53',2,12,'81bbec7d63377535'),(53,'220570','CALE',1,0,'220570','2021-06-06 15:25:00','2022-07-27 14:15:47',2,12,'81bbec7d63377535'),(54,'220571','CALE',1,0,'220571','2021-06-06 15:25:00','2022-07-27 14:16:05',2,12,'81bbec7d63377535'),(55,'220635','CALE',1,0,'220635','2021-06-06 15:25:00','2022-07-27 14:14:16',1,12,'81bbec7d63377535'),(56,'221478','tuyau',1,0,'221478','2021-06-06 15:25:00','2022-01-09 11:12:50',0,12,'81bbec7d63377535'),(57,'221479','tuyau',1,0,'221479','2021-06-06 15:25:00','2022-01-09 11:12:54',0,12,'81bbec7d63377535'),(58,'221481','221481',1,0,'221481','2021-06-06 15:25:00','2022-01-09 11:12:50',0,12,'81bbec7d63377535'),(59,'221482','tuyau',1,0,'221482','2021-06-06 15:25:00','2022-01-09 11:12:54',0,12,'81bbec7d63377535'),(60,'221483','tuyau',1,0,'221483','2021-06-06 15:25:00','2022-01-09 11:12:54',0,12,'81bbec7d63377535'),(61,'221484','221484',1,0,'221484','2021-06-06 15:25:00','2022-01-09 11:12:50',0,12,'81bbec7d63377535'),(62,'221485','tuyau',1,0,'221485','2021-06-06 15:25:00','2022-01-09 11:12:54',0,12,'81bbec7d63377535'),(63,'221486','tuyau',1,0,'221486','2021-06-06 15:25:00','2022-01-09 11:12:50',0,12,'81bbec7d63377535'),(64,'221487','tuyau',1,0,'221487','2021-06-06 15:25:00','2022-01-09 11:12:50',0,12,'81bbec7d63377535'),(65,'221488','tuyau',1,0,'221488','2021-06-06 15:25:00','2022-01-09 11:12:50',0,12,'81bbec7d63377535'),(66,'221489','tuyau',1,0,'221489','2021-06-06 15:25:00','2022-01-09 11:12:50',0,12,'81bbec7d63377535'),(67,'221490','tuyau',1,0,'221490','2021-06-06 15:25:00','2022-01-09 11:12:50',0,12,'81bbec7d63377535'),(68,'221491','tuyau',1,0,'221491','2021-06-06 15:25:00','2022-01-09 11:12:50',0,12,'81bbec7d63377535'),(69,'221563','221563',1,0,'221563','2021-06-06 15:25:00','2022-01-09 11:12:50',0,12,'81bbec7d63377535'),(70,'221565','221565',1,0,'221565','2021-06-06 15:25:00','2022-01-09 11:12:50',0,12,'81bbec7d63377535'),(71,'221566','221566',1,0,'221566','2021-06-06 15:25:00','2022-01-09 11:12:50',0,12,'81bbec7d63377535'),(72,'221577','221577',1,0,'221577','2021-06-06 15:25:00','2022-01-09 11:12:50',0,12,'81bbec7d63377535'),(73,'221578','221578',1,0,'221578','2021-06-06 15:25:00','2022-01-09 11:12:50',0,12,'81bbec7d63377535'),(74,'221579','221579',1,0,'221579','2021-06-06 15:25:00','2022-01-09 11:12:50',0,12,'81bbec7d63377535'),(75,'221583','221583',1,0,'221583','2021-06-06 15:25:00','2022-01-09 11:12:50',0,12,'81bbec7d63377535'),(76,'221586','221586',1,0,'221586','2021-06-06 15:25:00','2022-01-09 11:12:50',0,12,'81bbec7d63377535'),(77,'221588','221588',1,0,'221588','2021-06-06 15:25:00','2022-01-09 11:12:50',0,12,'81bbec7d63377535'),(78,'221607','221607',1,0,'221607','2021-06-06 15:25:00','2022-01-09 11:12:50',0,12,'81bbec7d63377535'),(79,'221628','221628',1,0,'221628','2021-06-06 15:25:00','2022-01-09 11:12:50',0,12,'81bbec7d63377535'),(80,'221831','tuyau',1,0,'221831','2021-06-06 15:25:00','2022-01-09 11:12:50',0,12,'81bbec7d63377535'),(81,'240166','240166',1,0,'240166','2021-06-06 15:25:00','2022-01-09 11:12:50',0,12,'81bbec7d63377535'),(82,'266329','PIVOT',1,0,'266329','2021-06-06 15:25:00','2022-01-09 11:12:50',0,12,'81bbec7d63377535'),(83,'266395','266395',1,0,'266395','2021-06-06 15:25:00','2022-01-09 11:12:50',0,12,'81bbec7d63377535'),(84,'322424','CARTER',1,0,'322424','2021-06-06 15:25:00','2022-07-27 16:17:13',2,12,'81bbec7d63377535'),(85,'380412','380412',1,0,'380412','2021-06-06 15:25:00','2022-01-09 11:12:50',0,12,'81bbec7d63377535'),(86,'380999','heurtoir',1,0,'380999','2021-06-06 15:25:00','2022-01-09 11:12:50',0,12,'81bbec7d63377535'),(87,'400337','tuyau',1,0,'400337','2021-06-06 15:25:00','2022-01-09 11:12:50',0,12,'81bbec7d63377535'),(88,'400338','tuyau',1,0,'400338','2021-06-06 15:25:00','2022-01-09 11:12:50',0,12,'81bbec7d63377535'),(89,'400849','tuyau',1,0,'400849','2021-06-06 15:25:00','2022-01-09 11:12:50',0,12,'81bbec7d63377535'),(90,'400850','tuyau',1,0,'400850','2021-06-06 15:25:00','2022-01-09 11:12:50',0,12,'81bbec7d63377535'),(91,'400987','tuyau',1,0,'400987','2021-06-06 15:25:00','2022-01-09 11:12:50',0,12,'81bbec7d63377535'),(92,'401138','401138',1,0,'401138','2021-06-06 15:25:00','2022-01-09 11:12:50',0,12,'81bbec7d63377535'),(93,'415800','travers',1,0,'415800','2021-06-06 15:25:00','2022-01-09 11:12:50',0,12,'81bbec7d63377535'),(94,'500506','500506',1,0,'500506','2021-06-06 15:25:00','2022-01-09 11:12:50',0,12,'81bbec7d63377535'),(95,'500508','tuyau',1,0,'500508','2021-06-06 15:25:00','2022-01-09 11:12:50',0,12,'81bbec7d63377535'),(96,'500509','tuyau',1,0,'500509','2021-06-06 15:25:00','2022-01-09 11:12:50',0,12,'81bbec7d63377535'),(97,'500510','tuyau',1,0,'500510','2021-06-06 15:25:00','2022-01-09 11:12:50',0,12,'81bbec7d63377535'),(98,'500511','tuyau',1,0,'500511','2021-06-06 15:25:00','2022-01-09 11:12:50',0,12,'81bbec7d63377535'),(99,'500512','tuyau',1,0,'500512','2021-06-06 15:25:00','2022-01-09 11:12:50',0,12,'81bbec7d63377535'),(100,'500513','tuyau',1,0,'500513','2021-06-06 15:25:00','2022-01-09 11:12:50',0,12,'81bbec7d63377535'),(101,'500514','tuyau',1,0,'500514','2021-06-06 15:25:00','2022-01-09 11:12:50',0,12,'81bbec7d63377535'),(102,'500515','tuyau',1,0,'500515','2021-06-06 15:25:00','2022-01-09 11:12:50',0,12,'81bbec7d63377535'),(103,'500517','tuyau',1,0,'500517','2021-06-06 15:25:00','2022-01-09 11:12:50',0,12,'81bbec7d63377535'),(104,'500518','tuyau',1,0,'500518','2021-06-06 15:25:00','2022-01-09 11:12:50',0,12,'81bbec7d63377535'),(105,'500519','tuyau',1,0,'500519','2021-06-06 15:25:00','2022-01-09 11:12:50',0,12,'81bbec7d63377535'),(106,'500520','tuyau',1,0,'500520','2021-06-06 15:25:00','2022-01-09 11:12:50',0,12,'81bbec7d63377535'),(107,'500521','tuyau',1,0,'500521','2021-06-06 15:25:00','2022-01-09 11:12:50',0,12,'81bbec7d63377535'),(108,'500522','tuyau',1,0,'500522','2021-06-06 15:25:00','2022-01-09 11:12:50',0,12,'81bbec7d63377535'),(109,'500523','tuyau',1,0,'500523','2021-06-06 15:25:00','2022-01-09 11:12:50',0,12,'81bbec7d63377535'),(110,'500882','500882',1,0,'500882','2021-06-06 15:25:00','2022-01-09 11:12:51',0,12,'81bbec7d63377535'),(111,'540637','DOUILLE',1,0,'540637','2021-06-06 15:25:00','2022-07-27 14:25:32',2,12,'81bbec7d63377535'),(112,'700080','700080',1,0,'700080','2021-06-06 15:25:00','2022-01-09 11:12:51',0,12,'81bbec7d63377535'),(113,'700451','tuyau',1,0,'700451','2021-06-06 15:25:00','2022-01-09 11:12:51',0,12,'81bbec7d63377535'),(114,'700452','tuyau',1,0,'700452','2021-06-06 15:25:00','2022-01-09 11:12:51',0,12,'81bbec7d63377535'),(115,'700453','tuyau',1,0,'700453','2021-06-06 15:25:00','2022-01-09 11:12:51',0,12,'81bbec7d63377535'),(116,'700454','tuyau',1,0,'700454','2021-06-06 15:25:00','2022-01-09 11:12:51',0,12,'81bbec7d63377535'),(117,'700455','tuyau',1,0,'700455','2021-06-06 15:25:00','2022-01-09 11:12:51',0,12,'81bbec7d63377535'),(118,'700456','tuyau',1,0,'700456','2021-06-06 15:25:00','2022-01-09 11:12:51',0,12,'81bbec7d63377535'),(119,'700457','tuyau',1,0,'700457','2021-06-06 15:25:00','2022-01-09 11:12:51',0,12,'81bbec7d63377535'),(120,'700458','tuyau',1,0,'700458','2021-06-06 15:25:00','2022-01-09 11:12:51',0,12,'81bbec7d63377535'),(121,'700650','700650',1,0,'700650','2021-06-06 15:25:00','2022-01-09 11:12:51',0,12,'81bbec7d63377535'),(122,'701138','tuyau',1,0,'701138','2021-06-06 15:25:00','2022-01-09 11:12:51',0,12,'81bbec7d63377535'),(123,'701139','tuyau',1,0,'701139','2021-06-06 15:25:00','2022-01-09 11:12:51',0,12,'81bbec7d63377535'),(124,'701612','tuyau',1,0,'701612','2021-06-06 15:25:00','2022-01-09 11:12:51',0,12,'81bbec7d63377535'),(125,'701613','tuyau',1,0,'701613','2021-06-06 15:25:00','2022-01-09 11:12:51',0,12,'81bbec7d63377535'),(126,'702116','702116',1,0,'702116','2021-06-06 15:25:00','2022-01-09 11:12:51',0,12,'81bbec7d63377535'),(127,'702122','702122',1,0,'702122','2021-06-06 15:25:00','2022-01-09 11:12:51',0,12,'81bbec7d63377535'),(128,'702124','702124',1,0,'702124','2021-06-06 15:25:00','2022-01-09 11:12:51',0,12,'81bbec7d63377535'),(129,'702125','702125',1,0,'702125','2021-06-06 15:25:00','2022-01-09 11:12:51',0,12,'81bbec7d63377535'),(130,'702126','702126',1,0,'702126','2021-06-06 15:25:00','2022-01-09 11:12:51',0,12,'81bbec7d63377535'),(131,'702127','702127',1,0,'702127','2021-06-06 15:25:00','2022-01-09 11:12:51',0,12,'81bbec7d63377535'),(132,'751704','verin',1,0,'751704','2021-06-06 15:25:00','2022-01-09 11:12:51',0,12,'81bbec7d63377535'),(133,'751802','HE/CE',1,0,'751802','2021-06-06 15:25:00','2022-01-09 11:12:51',0,12,'81bbec7d63377535'),(134,'990677','stab ex 701233',1,0,'990677','2021-06-06 15:25:00','2022-01-09 11:12:51',0,12,'81bbec7d63377535'),(135,'991168','991168',1,0,'991168','2021-06-06 15:25:00','2022-01-09 11:12:51',0,12,'81bbec7d63377535'),(136,'982150164','982150164',1,0,'982150164','2021-06-06 15:25:00','2022-01-09 11:12:51',0,12,'81bbec7d63377535'),(137,'115596S080','PATIN',1,0,'115596S080','2021-06-06 15:25:00','2022-01-09 11:12:54',0,12,'81bbec7d63377535'),(138,'170at135b','stabilisateur',1,0,'170at135b','2021-06-06 15:25:00','2022-01-09 11:12:51',0,12,'81bbec7d63377535'),(139,'170at136b','stabilisateur',1,0,'170at136b','2021-06-06 15:25:00','2022-01-09 11:12:51',0,12,'81bbec7d63377535'),(140,'211801F/CE ','211801F/CE',1,0,'211801F/CE ','2021-06-06 15:25:00','2022-01-09 11:12:51',0,12,'81bbec7d63377535'),(141,'330k065','330k065',1,0,'330k065','2021-06-06 15:25:00','2022-01-09 11:12:51',0,12,'81bbec7d63377535'),(142,'415a453/c','415a453/c',1,0,'415a453/c','2021-06-06 15:25:00','2022-01-09 11:12:51',0,12,'81bbec7d63377535'),(143,'415a454/c','415a454/c',1,0,'415a454/c','2021-06-06 15:25:00','2022-01-09 11:12:51',0,12,'81bbec7d63377535'),(144,'541800HE  ','541800HE',1,0,'541800HE  ','2021-06-06 15:25:00','2022-01-09 11:12:51',0,12,'81bbec7d63377535'),(145,'551077S050','PATIN',1,0,'551077S050','2021-06-06 15:25:00','2022-07-27 15:20:41',2,12,'81bbec7d63377535'),(146,'751802HE  ','751802HE',1,0,'751802HE  ','2021-06-06 15:25:00','2022-01-09 11:12:51',0,12,'81bbec7d63377535'),(147,'AR730','AR730',1,0,'AR730','2021-06-06 15:25:00','2022-01-09 11:12:51',0,12,'81bbec7d63377535'),(148,'AR735','AR735',1,0,'AR735','2021-06-06 15:25:00','2022-01-09 11:12:51',0,12,'81bbec7d63377535'),(149,'AS738','AS738',1,0,'AS738','2021-06-06 15:25:00','2022-01-09 11:12:51',0,12,'81bbec7d63377535'),(150,'AS782','AS782',1,0,'AS782','2021-06-06 15:25:00','2022-01-09 11:12:51',0,12,'81bbec7d63377535'),(151,'AS948','AS948',1,0,'AS948','2021-06-06 15:25:00','2022-01-09 11:12:51',0,12,'81bbec7d63377535'),(152,'bat,','scanreco',1,0,'bat,','2021-06-06 15:25:00','2022-01-09 11:12:51',0,12,'81bbec7d63377535'),(153,'bat.','Hbc',1,0,'bat.','2021-06-06 15:25:00','2022-01-09 11:12:51',0,12,'81bbec7d63377535'),(154,'bz165','bz165',1,0,'bz165','2021-06-06 15:25:00','2022-01-09 11:12:51',0,12,'81bbec7d63377535'),(155,'bz175','bz175',1,0,'bz175','2021-06-06 15:25:00','2022-01-09 11:12:51',0,12,'81bbec7d63377535'),(156,'CE713','CE713',1,0,'CE713','2021-06-06 15:25:00','2022-01-09 11:12:51',0,12,'81bbec7d63377535'),(157,'Cranab','grap',1,0,'Cranab','2021-06-06 15:25:00','2022-01-09 11:12:51',0,12,'81bbec7d63377535'),(158,'CT302','CT302',1,0,'CT302','2021-06-06 15:25:00','2022-01-09 11:12:51',0,12,'81bbec7d63377535'),(159,'DA602','DA602',1,0,'DA602','2021-06-06 15:25:00','2022-01-09 11:12:51',0,12,'81bbec7d63377535'),(160,'DA634','DA634',1,0,'DA634','2021-06-06 15:25:00','2022-01-09 11:12:51',0,12,'81bbec7d63377535'),(161,'DA650','DA650',1,0,'DA650','2021-06-06 15:25:00','2022-01-09 11:12:51',0,12,'81bbec7d63377535'),(162,'DA672','DA672',1,0,'DA672','2021-06-06 15:25:00','2022-01-09 11:12:51',0,12,'81bbec7d63377535'),(163,'DA704','DA704',1,0,'DA704','2021-06-06 15:25:00','2022-01-09 11:12:51',0,12,'81bbec7d63377535'),(164,'DA728','DA728',1,0,'DA728','2021-06-06 15:25:00','2022-01-09 11:12:51',0,12,'81bbec7d63377535'),(165,'DA730','DA730',1,0,'DA730','2021-06-06 15:25:00','2022-01-09 11:12:51',0,12,'81bbec7d63377535'),(166,'DA738','DA738',1,0,'DA738','2021-06-06 15:25:00','2022-01-09 11:12:51',0,12,'81bbec7d63377535'),(167,'DA998','DA998',1,0,'DA998','2021-06-06 15:25:00','2022-01-09 11:12:51',0,12,'81bbec7d63377535'),(168,'DE5775','DE5775',1,0,'DE5775','2021-06-06 15:25:00','2022-01-09 11:12:51',0,12,'81bbec7d63377535'),(169,'DI1000','levier',1,0,'DI1000','2021-06-06 15:25:00','2022-01-09 11:12:51',0,12,'81bbec7d63377535'),(170,'DI1010','DI1010',1,0,'DI1010','2021-06-06 15:25:00','2022-01-09 11:12:51',0,12,'81bbec7d63377535'),(171,'DI262','DI262',1,0,'DI262','2021-06-06 15:25:00','2022-01-09 11:12:51',0,12,'81bbec7d63377535'),(172,'DI265','DI265',1,0,'DI265','2021-06-06 15:25:00','2022-07-27 11:50:17',1,12,'81bbec7d63377535'),(173,'DI266','DI266',1,0,'DI266','2021-06-06 15:25:00','2022-01-09 11:12:51',0,12,'81bbec7d63377535'),(174,'DI311','DI311',1,0,'DI311','2021-06-06 15:25:00','2022-01-09 11:12:51',0,12,'81bbec7d63377535'),(175,'DI320','TIRANT POUR 6 ELEMENTS',1,0,'DI320','2021-06-06 15:25:00','2022-01-09 11:12:51',0,12,'81bbec7d63377535'),(176,'DI511','DI511',1,0,'DI511','2021-06-06 15:25:00','2022-01-09 11:12:51',0,12,'81bbec7d63377535'),(177,'DI515','DI515',1,0,'DI515','2021-06-06 15:25:00','2022-01-09 11:12:51',0,12,'81bbec7d63377535'),(178,'DI516','DI516',1,0,'DI516','2021-06-06 15:25:00','2022-01-09 11:12:51',0,12,'81bbec7d63377535'),(179,'DI793','DI793',1,0,'DI793','2021-06-06 15:25:00','2022-01-09 11:12:51',0,12,'81bbec7d63377535'),(180,'DI807','DI807',1,0,'DI807','2021-06-06 15:25:00','2022-01-09 11:12:51',0,12,'81bbec7d63377535'),(181,'FA107','lampe de travail led',1,0,'FA107','2021-06-06 15:25:00','2022-01-09 11:12:51',0,12,'81bbec7d63377535'),(182,'FA108','FA108',1,0,'FA108','2021-06-06 15:25:00','2022-01-09 11:12:51',0,12,'81bbec7d63377535'),(183,'Fabercom','Fabercom',1,0,'Fabercom','2021-06-06 15:25:00','2022-01-09 11:12:51',0,12,'81bbec7d63377535'),(184,'FFI0006','cartouche filtrante',1,0,'FFI0006','2021-06-06 15:25:00','2022-01-09 11:12:51',0,12,'81bbec7d63377535'),(185,'FI779','cartouche filtrante',1,0,'FI779','2021-06-06 15:25:00','2022-01-09 11:12:51',0,12,'81bbec7d63377535'),(186,'FI783','FI783',1,0,'FI783','2021-06-06 15:25:00','2022-01-09 11:12:51',0,12,'81bbec7d63377535'),(187,'FI877','FI877',1,0,'FI877','2021-06-06 15:25:00','2022-01-09 11:12:51',0,12,'81bbec7d63377535'),(188,'FI878','cartouche sofima',1,0,'FI878','2021-06-06 15:25:00','2022-01-09 11:12:51',0,12,'81bbec7d63377535'),(189,'FI879','cartouche filtrec',1,0,'FI879','2021-06-06 15:25:00','2022-01-09 11:12:51',0,12,'81bbec7d63377535'),(190,'fp002','fp002',1,0,'fp002','2021-06-06 15:25:00','2022-01-09 11:12:51',0,12,'81bbec7d63377535'),(191,'FP105','FP105',1,0,'FP105','2021-06-06 15:25:00','2022-01-09 11:12:51',0,12,'81bbec7d63377535'),(192,'FS976','FS976',1,0,'FS976','2021-06-06 15:25:00','2022-01-09 11:12:51',0,12,'81bbec7d63377535'),(193,'FX001','FX001',1,0,'FX001','2021-06-06 15:25:00','2022-01-09 11:12:51',0,12,'81bbec7d63377535'),(194,'fx002/1','fiche de contrle pr treuil',1,0,'fx002/1','2021-06-06 15:25:00','2022-01-09 11:12:51',0,12,'81bbec7d63377535'),(195,'fx002/2','fiche de contrle pr treuil',1,0,'fx002/2','2021-06-06 15:25:00','2022-01-09 11:12:51',0,12,'81bbec7d63377535'),(196,'fx500','unite de contrle',1,0,'fx500','2021-06-06 15:25:00','2022-01-09 11:12:51',0,12,'81bbec7d63377535'),(197,'fx504','unite input/output',1,0,'fx504','2021-06-06 15:25:00','2022-08-10 13:39:04',1,12,'81bbec7d63377535'),(198,'fx800/3','unite a 3 connecteurs',1,0,'fx800/3','2021-06-06 15:25:00','2022-01-09 11:12:51',0,12,'81bbec7d63377535'),(199,'FX801','FX801',1,0,'FX801','2021-06-06 15:25:00','2022-01-09 11:12:51',0,12,'81bbec7d63377535'),(200,'FX801/1/G','FX801/1/G',1,0,'FX801/1/G','2021-06-06 15:25:00','2022-01-09 11:12:51',0,12,'81bbec7d63377535'),(201,'fx804','fx804',1,0,'fx804','2021-06-06 15:25:00','2022-01-09 11:12:51',0,12,'81bbec7d63377535'),(202,'fx901A','display',1,0,'fx901A','2021-06-06 15:25:00','2022-01-09 11:12:51',0,12,'81bbec7d63377535'),(203,'GA103','GA103',1,0,'GA103','2021-06-06 15:25:00','2022-01-09 11:12:51',0,12,'81bbec7d63377535'),(204,'ga944','crochet',1,0,'ga944','2021-06-06 15:25:00','2022-07-27 15:25:09',2,12,'81bbec7d63377535'),(205,'GO138','GO138',1,0,'GO138','2021-06-06 15:25:00','2022-01-09 11:12:51',0,12,'81bbec7d63377535'),(206,'GO179','GO179',1,0,'GO179','2021-06-06 15:25:00','2022-01-09 11:12:51',0,12,'81bbec7d63377535'),(207,'GO183','GO183',1,0,'GO183','2021-06-06 15:25:00','2022-01-09 11:12:51',0,12,'81bbec7d63377535'),(208,'GSC159','SERIE DE JOINTS',1,0,'GSC159','2021-06-06 15:25:00','2022-07-27 16:51:34',2,12,'81bbec7d63377535'),(209,'gsc160','SERIE DE JOINTS',1,0,'gsc160','2021-06-06 15:25:00','2022-07-27 16:52:42',2,12,'81bbec7d63377535'),(210,'gsc161','SERIE DE JOINTS',1,0,'gsc161','2021-06-06 15:25:00','2022-07-27 16:53:09',2,12,'81bbec7d63377535'),(211,'gsc162','SERIE DE JOINTS',1,0,'gsc162','2021-06-06 15:25:00','2022-07-27 16:53:29',2,12,'81bbec7d63377535'),(212,'gsc172','SERIE DE JOINTS',1,0,'gsc172','2021-06-06 15:25:00','2022-07-27 17:10:28',2,12,'81bbec7d63377535'),(213,'GSC201','SERIE DE JOINTS',1,0,'GSC201','2021-06-06 15:25:00','2022-07-27 17:12:08',2,12,'81bbec7d63377535'),(214,'GSC236','SERIE DE JOINTS',1,0,'GSC236','2021-06-06 15:25:00','2022-07-27 17:13:38',2,12,'81bbec7d63377535'),(215,'GSC277','SERIE DE JOINTS',1,0,'GSC277','2021-06-06 15:25:00','2022-07-29 13:09:26',2,12,'81bbec7d63377535'),(216,'gsc314','SERIE DE JOINTS',1,0,'gsc314','2021-06-06 15:25:00','2022-07-29 14:24:44',2,12,'81bbec7d63377535'),(217,'GSC372','SERIE DE JOINTS',1,0,'GSC372','2021-06-06 15:25:00','2022-07-29 14:25:23',2,12,'81bbec7d63377535'),(218,'GSC398','serie de joints',1,0,'GSC398','2021-06-06 15:25:00','2022-01-09 11:12:52',0,12,'81bbec7d63377535'),(219,'GSC400','serie de joints',1,0,'GSC400','2021-06-06 15:25:00','2022-01-09 11:12:52',0,12,'81bbec7d63377535'),(220,'GSC401','serie de joints',1,0,'GSC401','2021-06-06 15:25:00','2022-01-09 11:12:52',0,12,'81bbec7d63377535'),(221,'GSC402','serie de joints',1,0,'GSC402','2021-06-06 15:25:00','2022-01-09 11:12:52',0,12,'81bbec7d63377535'),(222,'GSC412','serie de joints',1,0,'GSC412','2021-06-06 15:25:00','2022-01-09 11:12:52',0,12,'81bbec7d63377535'),(223,'GSC442','GSC442',1,0,'GSC442','2021-06-06 15:25:00','2022-01-09 11:12:52',0,12,'81bbec7d63377535'),(224,'GSC446','SERIE D JOINTS',1,0,'GSC446','2021-06-06 15:25:00','2022-01-09 11:12:54',0,12,'81bbec7d63377535'),(225,'GSC447','GSC447',1,0,'GSC447','2021-06-06 15:25:00','2022-01-09 11:12:52',0,12,'81bbec7d63377535'),(226,'GSC451','GSC451',1,0,'GSC451','2021-06-06 15:25:00','2022-01-09 11:12:52',0,12,'81bbec7d63377535'),(227,'GSC452','serie de joints',1,0,'GSC452','2021-06-06 15:25:00','2022-01-09 11:12:52',0,12,'81bbec7d63377535'),(228,'gsc464','gsc464',1,0,'gsc464','2021-06-06 15:25:00','2022-01-09 11:12:52',0,12,'81bbec7d63377535'),(229,'GSC503','serie de joints',1,0,'GSC503','2021-06-06 15:25:00','2022-01-09 11:12:52',0,12,'81bbec7d63377535'),(230,'GSC504','serie de joints',1,0,'GSC504','2021-06-06 15:25:00','2022-01-09 11:12:52',0,12,'81bbec7d63377535'),(231,'GSC505','serie de joints',1,0,'GSC505','2021-06-06 15:25:00','2022-01-09 11:12:52',0,12,'81bbec7d63377535'),(232,'GSC529','GSC529',1,0,'GSC529','2021-06-06 15:25:00','2022-01-09 11:12:52',0,12,'81bbec7d63377535'),(233,'GSC530','GSC530',1,0,'GSC530','2021-06-06 15:25:00','2022-01-09 11:12:52',0,12,'81bbec7d63377535'),(234,'IE1012','IE1012',1,0,'IE1012','2021-06-06 15:25:00','2022-01-09 11:12:52',0,12,'81bbec7d63377535'),(235,'IE1044','IE1044',1,0,'IE1044','2021-06-06 15:25:00','2022-01-09 11:12:52',0,12,'81bbec7d63377535'),(236,'IE147','connecteur',1,0,'IE147','2021-06-06 15:25:00','2022-01-09 11:12:52',0,12,'81bbec7d63377535'),(237,'IE150','connecteur',1,0,'IE150','2021-06-06 15:25:00','2022-01-09 11:12:52',0,12,'81bbec7d63377535'),(238,'IE177','contact',1,0,'IE177','2021-06-06 15:25:00','2022-01-09 11:12:52',0,12,'81bbec7d63377535'),(239,'IE182','contact',1,0,'IE182','2021-06-06 15:25:00','2022-01-09 11:12:52',0,12,'81bbec7d63377535'),(240,'IE1990','connecteur avec rsistance',1,0,'IE1990','2021-06-06 15:25:00','2022-01-09 11:12:52',0,12,'81bbec7d63377535'),(241,'IE1993','IE1993',1,0,'IE1993','2021-06-06 15:25:00','2022-01-09 11:12:52',0,12,'81bbec7d63377535'),(242,'IE1994','cable de fx000 a pc',1,0,'IE1994','2021-06-06 15:25:00','2022-01-09 11:12:52',0,12,'81bbec7d63377535'),(243,'IE1995','cable de fx a pc',1,0,'IE1995','2021-06-06 15:25:00','2022-01-09 11:12:54',0,12,'81bbec7d63377535'),(244,'IE2001','cable',1,0,'IE2001','2021-06-06 15:25:00','2022-01-09 11:12:52',0,12,'81bbec7d63377535'),(245,'IE2006','cable pour JIB',1,0,'IE2006','2021-06-06 15:25:00','2022-01-09 11:12:52',0,12,'81bbec7d63377535'),(246,'IE2009','IE2009',1,0,'IE2009','2021-06-06 15:25:00','2022-01-09 11:12:52',0,12,'81bbec7d63377535'),(247,'IE2010','IE2010',1,0,'IE2010','2021-06-06 15:25:00','2022-01-09 11:12:52',0,12,'81bbec7d63377535'),(248,'IE2032','cable elec pr distri b lm',1,0,'IE2032','2021-06-06 15:25:00','2022-01-09 11:12:52',0,12,'81bbec7d63377535'),(249,'IE2037','IE2037',1,0,'IE2037','2021-06-06 15:25:00','2022-01-09 11:12:52',0,12,'81bbec7d63377535'),(250,'IE2105A','senseur de proximitie',1,0,'IE2105A','2021-06-06 15:25:00','2022-01-09 11:12:52',0,12,'81bbec7d63377535'),(251,'IE2152','IE2152',1,0,'IE2152','2021-06-06 15:25:00','2022-01-09 11:12:52',0,12,'81bbec7d63377535'),(252,'IE267','partie en gomme',1,0,'IE267','2021-06-06 15:25:00','2022-01-09 11:12:52',0,12,'81bbec7d63377535'),(253,'IE281','IE281',1,0,'IE281','2021-06-06 15:25:00','2022-01-09 11:12:52',0,12,'81bbec7d63377535'),(254,'IE283','led jaune',1,0,'IE283','2021-06-06 15:25:00','2022-01-09 11:12:52',0,12,'81bbec7d63377535'),(255,'IE294','IE294',1,0,'IE294','2021-06-06 15:25:00','2022-01-09 11:12:52',0,12,'81bbec7d63377535'),(256,'IE295','IE295',1,0,'IE295','2021-06-06 15:25:00','2022-01-09 11:12:52',0,12,'81bbec7d63377535'),(257,'IE303','connecteur',1,0,'IE303','2021-06-06 15:25:00','2022-01-09 11:12:52',0,12,'81bbec7d63377535'),(258,'IE517/M','senseur de proximite',1,0,'IE517/M','2021-06-06 15:25:00','2022-01-09 11:12:52',0,12,'81bbec7d63377535'),(259,'IE581','IE581',1,0,'IE581','2021-06-06 15:25:00','2022-01-09 11:12:52',0,12,'81bbec7d63377535'),(260,'IE666','avertisseur lumineux 24v',1,0,'IE666','2021-06-06 15:25:00','2022-01-09 11:12:52',0,12,'81bbec7d63377535'),(261,'IE682','boite de derivation (piece detache)',1,0,'IE682','2021-06-06 15:25:00','2022-01-09 11:12:52',0,12,'81bbec7d63377535'),(262,'IE685','contact',1,0,'IE685','2021-06-06 15:25:00','2022-01-09 11:12:52',0,12,'81bbec7d63377535'),(263,'IE687','connecteur',1,0,'IE687','2021-06-06 15:25:00','2022-01-09 11:12:52',0,12,'81bbec7d63377535'),(264,'IE689','IE689',1,0,'IE689','2021-06-06 15:25:00','2022-01-09 11:12:52',0,12,'81bbec7d63377535'),(265,'IE693','bulle electronique',1,0,'IE693','2021-06-06 15:25:00','2022-01-09 11:12:52',0,12,'81bbec7d63377535'),(266,'IE698','senseur de proximite',1,0,'IE698','2021-06-06 15:25:00','2022-01-09 11:12:52',0,12,'81bbec7d63377535'),(267,'IE706','encodeur mechanique',1,0,'IE706','2021-06-06 15:25:00','2022-01-09 11:12:52',0,12,'81bbec7d63377535'),(268,'IE742','IE742',1,0,'IE742','2021-06-06 15:25:00','2022-01-09 11:12:52',0,12,'81bbec7d63377535'),(269,'IE745','extracteur',1,0,'IE745','2021-06-06 15:25:00','2022-01-09 11:12:52',0,12,'81bbec7d63377535'),(270,'IE746','contact',1,0,'IE746','2021-06-06 15:25:00','2022-01-09 11:12:52',0,12,'81bbec7d63377535'),(271,'IE755','bouton de secours',1,0,'IE755','2021-06-06 15:25:00','2022-01-09 11:12:52',0,12,'81bbec7d63377535'),(272,'IE767L','encodeur elec gauce',1,0,'IE767L','2021-06-06 15:25:00','2022-01-09 11:12:52',0,12,'81bbec7d63377535'),(273,'IE767R','encodeur elec droit',1,0,'IE767R','2021-06-06 15:25:00','2022-01-09 11:12:52',0,12,'81bbec7d63377535'),(274,'IE778','senseur magnetostrictif',1,0,'IE778','2021-06-06 15:25:00','2022-01-09 11:12:52',0,12,'81bbec7d63377535'),(275,'IE781R','IE781R',1,0,'IE781R','2021-06-06 15:25:00','2022-01-09 11:12:52',0,12,'81bbec7d63377535'),(276,'IE786','IE786',1,0,'IE786','2021-06-06 15:25:00','2022-01-09 11:12:52',0,12,'81bbec7d63377535'),(277,'IE800','IE800',1,0,'IE800','2021-06-06 15:25:00','2022-01-09 11:12:52',0,12,'81bbec7d63377535'),(278,'IE823','IE823',1,0,'IE823','2021-06-06 15:25:00','2022-01-09 11:12:52',0,12,'81bbec7d63377535'),(279,'IE846','bande led orange',1,0,'IE846','2021-06-06 15:25:00','2022-01-09 11:12:52',0,12,'81bbec7d63377535'),(280,'IE852L','encoder a filo SX droite',1,0,'IE852L','2021-06-06 15:25:00','2022-01-09 11:12:52',0,12,'81bbec7d63377535'),(281,'IE852R','encoder a filo dx',1,0,'IE852R','2021-06-06 15:25:00','2022-01-09 11:12:52',0,12,'81bbec7d63377535'),(282,'IE859','IE859',1,0,'IE859','2021-06-06 15:25:00','2022-01-09 11:12:52',0,12,'81bbec7d63377535'),(283,'IE873','senseur de rotation',1,0,'IE873','2021-06-06 15:25:00','2022-01-09 11:12:52',0,12,'81bbec7d63377535'),(284,'IE905','senseur de proxi',1,0,'IE905','2021-06-06 15:25:00','2022-01-09 11:12:52',0,12,'81bbec7d63377535'),(285,'IE912','bulle electronique',1,0,'IE912','2021-06-06 15:25:00','2022-01-09 11:12:52',0,12,'81bbec7d63377535'),(286,'IG502/26','IG502/26',1,0,'IG502/26','2021-06-06 15:25:00','2022-01-09 11:12:52',0,12,'81bbec7d63377535'),(287,'IN845','GRAISSEUR',1,0,'IN845','2021-06-06 15:25:00','2022-07-27 15:27:21',2,12,'81bbec7d63377535'),(288,'IN850','GRAISSEUR',1,0,'IN850','2021-06-06 15:25:00','2022-07-27 15:27:48',2,12,'81bbec7d63377535'),(289,'IN857','RACCORD',1,0,'IN857','2021-06-06 15:25:00','2022-07-27 15:29:48',2,12,'81bbec7d63377535'),(290,'IN956','IN956',1,0,'IN956','2021-06-06 15:25:00','2022-01-09 11:12:52',0,12,'81bbec7d63377535'),(291,'IR807R','IR807R',1,0,'IR807R','2021-06-06 15:25:00','2022-01-09 11:12:52',0,12,'81bbec7d63377535'),(292,'IR919','raccord rapide complet',1,0,'IR919','2021-06-06 15:25:00','2022-07-27 13:08:53',1,12,'81bbec7d63377535'),(293,'km332v850','km332v850',1,0,'km332v850','2021-06-06 15:25:00','2022-01-09 11:12:52',0,12,'81bbec7d63377535'),(294,'LUB05','LUB05',1,0,'LUB05','2021-06-06 15:25:00','2022-01-09 11:12:52',0,12,'81bbec7d63377535'),(295,'M0123','M0123',1,0,'M0123','2021-06-06 15:25:00','2022-01-09 11:12:52',0,12,'81bbec7d63377535'),(296,'MI102','fine de course texma1102',1,0,'MI102','2021-06-06 15:25:00','2022-01-09 11:12:52',0,12,'81bbec7d63377535'),(297,'MI118','micro interrupteur',1,0,'MI118','2021-06-06 15:25:00','2022-01-09 11:12:52',0,12,'81bbec7d63377535'),(298,'MT143','moto reducteur complet',1,0,'MT143','2021-06-06 15:25:00','2022-01-09 11:12:52',0,12,'81bbec7d63377535'),(299,'MT145','moto reducteur complet',1,0,'MT145','2021-06-06 15:25:00','2022-01-09 11:12:52',0,12,'81bbec7d63377535'),(300,'MT156','moto reducteur complet',1,0,'MT156','2021-06-06 15:25:00','2022-01-09 11:12:52',0,12,'81bbec7d63377535'),(301,'NI920','NI920',1,0,'NI920','2021-06-06 15:25:00','2022-01-09 11:12:52',0,12,'81bbec7d63377535'),(302,'NI923','NI923',1,0,'NI923','2021-06-06 15:25:00','2022-07-27 13:13:23',1,12,'81bbec7d63377535'),(303,'NI986','Nipple',1,0,'NI986','2021-06-06 15:25:00','2022-07-27 12:01:59',1,12,'81bbec7d63377535'),(304,'PLM001','PLM001',1,0,'PLM001','2021-06-06 15:25:00','2022-01-09 11:12:52',0,12,'81bbec7d63377535'),(305,'PO159','pommeau',1,0,'PO159','2021-06-06 15:25:00','2022-01-09 11:12:54',0,12,'81bbec7d63377535'),(306,'PO162','pommeau',1,0,'PO162','2021-06-06 15:25:00','2022-01-09 11:12:52',0,12,'81bbec7d63377535'),(307,'PO180','PO180',1,0,'PO180','2021-06-06 15:25:00','2022-01-09 11:12:52',0,12,'81bbec7d63377535'),(308,'PO183','PO183',1,0,'PO183','2021-06-06 15:25:00','2022-01-09 11:12:52',0,12,'81bbec7d63377535'),(309,'PO187','pommeau',1,0,'PO187','2021-06-06 15:25:00','2022-01-09 11:12:52',0,12,'81bbec7d63377535'),(310,'PO189','pommeau',1,0,'PO189','2021-06-06 15:25:00','2022-01-09 11:12:52',0,12,'81bbec7d63377535'),(311,'PR103','PRESSOSTAT',1,0,'PR103','2021-06-06 15:25:00','2022-01-09 11:12:52',0,12,'81bbec7d63377535'),(312,'PS45033','PS45033',1,0,'PS45033','2021-06-06 15:25:00','2022-01-09 11:12:52',0,12,'81bbec7d63377535'),(313,'PSG3D080','PSG3D080',1,0,'PSG3D080','2021-06-06 15:25:00','2022-01-09 11:12:53',0,12,'81bbec7d63377535'),(314,'PSG3D085','PSG3D085',1,0,'PSG3D085','2021-06-06 15:25:00','2022-01-09 11:12:53',0,12,'81bbec7d63377535'),(315,'RC816LS','radio commande scanreco',1,0,'RC816LS','2021-06-06 15:25:00','2022-01-09 11:12:53',0,12,'81bbec7d63377535'),(316,'RE271','RE271',1,0,'RE271','2021-06-06 15:25:00','2022-01-09 11:12:53',0,12,'81bbec7d63377535'),(317,'RG002','RG002',1,0,'RG002','2021-06-06 15:25:00','2022-07-27 13:16:02',1,12,'81bbec7d63377535'),(318,'RG936','RG936',1,0,'RG936','2021-06-06 15:25:00','2022-07-27 13:33:06',1,12,'81bbec7d63377535'),(319,'RG990','raccor dpivotant',1,0,'RG990','2021-06-06 15:25:00','2022-07-27 13:27:03',1,12,'81bbec7d63377535'),(320,'RG991','raccord pivotant',1,0,'RG991','2021-06-06 15:25:00','2022-07-27 13:25:45',2,12,'81bbec7d63377535'),(321,'RP201','RP201',1,0,'RP201','2021-06-06 15:25:00','2022-01-09 11:12:53',0,12,'81bbec7d63377535'),(322,'RP202','RP202',1,0,'RP202','2021-06-06 15:25:00','2022-01-09 11:12:54',0,12,'81bbec7d63377535'),(323,'RP204','RP204',1,0,'RP204','2021-06-06 15:25:00','2022-01-09 11:12:53',0,12,'81bbec7d63377535'),(324,'RP210','RP210',1,0,'RP210','2021-06-06 15:25:00','2022-01-09 11:12:53',0,12,'81bbec7d63377535'),(325,'RP213','RP213',1,0,'RP213','2021-06-06 15:25:00','2022-01-09 11:12:53',0,12,'81bbec7d63377535'),(326,'RP223','RP223',1,0,'RP223','2021-06-06 15:25:00','2022-01-09 11:12:53',0,12,'81bbec7d63377535'),(327,'RP277','RP277',1,0,'RP277','2021-06-06 15:25:00','2022-01-09 11:12:53',0,12,'81bbec7d63377535'),(328,'RS951','RACCORD',1,0,'RS951','2021-06-06 15:25:00','2022-07-27 12:01:07',1,12,'81bbec7d63377535'),(329,'SC020','SC020',1,0,'SC020','2021-06-06 15:25:00','2022-01-09 11:12:53',0,12,'81bbec7d63377535'),(330,'SE929','SE929',1,0,'SE929','2021-06-06 15:25:00','2022-01-09 11:12:53',0,12,'81bbec7d63377535'),(331,'SS978','SS978',1,0,'SS978','2021-06-06 15:25:00','2022-01-09 11:12:53',0,12,'81bbec7d63377535'),(332,'TA970','bouchon',1,0,'TA970','2021-06-06 15:25:00','2022-01-09 11:12:53',0,12,'81bbec7d63377535'),(333,'TI003','transducteur d inclinaison',1,0,'TI003','2021-06-06 15:25:00','2022-01-09 11:12:53',0,12,'81bbec7d63377535'),(334,'VA102','VA102',1,0,'VA102','2021-06-06 15:25:00','2022-01-09 11:12:53',0,12,'81bbec7d63377535'),(335,'VA187','valve',1,0,'VA187','2021-06-06 15:25:00','2022-01-09 11:12:53',0,12,'81bbec7d63377535'),(336,'VA232','valve',1,0,'VA232','2021-06-06 15:25:00','2022-01-09 11:12:53',0,12,'81bbec7d63377535'),(337,'VA239','valve',1,0,'VA239','2021-06-06 15:25:00','2022-01-09 11:12:53',0,12,'81bbec7d63377535'),(338,'VA256','Valve',1,0,'VA256','2021-06-06 15:25:00','2022-01-09 11:12:53',0,12,'81bbec7d63377535'),(339,'VA259','valve regenartion huile 24v',1,0,'VA259','2021-06-06 15:25:00','2022-01-09 11:12:53',0,12,'81bbec7d63377535'),(340,'VA264','VA264',1,0,'VA264','2021-06-06 15:25:00','2022-01-09 11:12:53',0,12,'81bbec7d63377535'),(341,'VA265','VA265',1,0,'VA265','2021-06-06 15:25:00','2022-01-09 11:12:53',0,12,'81bbec7d63377535'),(342,'VA266','VA266',1,0,'VA266','2021-06-06 15:25:00','2022-01-09 11:12:53',0,12,'81bbec7d63377535'),(343,'VA280','VA280',1,0,'VA280','2021-06-06 15:25:00','2022-01-09 11:12:53',0,12,'81bbec7d63377535'),(344,'VA286','valve regenartion huile 26v',1,0,'VA286','2021-06-06 15:25:00','2022-01-09 11:12:53',0,12,'81bbec7d63377535'),(345,'VA298','valve',1,0,'VA298','2021-06-06 15:25:00','2022-01-09 11:12:53',0,12,'81bbec7d63377535'),(346,'VA299','valve',1,0,'VA299','2021-06-06 15:25:00','2022-01-09 11:12:53',0,12,'81bbec7d63377535'),(347,'VA300','VALVE',1,0,'VA300','2021-06-06 15:25:00','2022-07-27 11:57:42',1,12,'81bbec7d63377535'),(348,'VA301','valve',1,0,'VA301','2021-06-06 15:25:00','2022-07-27 11:57:10',1,12,'81bbec7d63377535'),(349,'VI504','VI504',1,0,'VI504','2021-06-06 15:25:00','2022-01-09 11:12:53',0,12,'81bbec7d63377535'),(350,'VI517','VI517',1,0,'VI517','2021-06-06 15:25:00','2022-01-09 11:12:53',0,12,'81bbec7d63377535'),(351,'VI580','VI580',1,0,'VI580','2021-06-06 15:25:00','2022-01-09 11:12:53',0,12,'81bbec7d63377535'),(352,'VI618','VI618',1,0,'VI618','2021-06-06 15:25:00','2022-01-09 11:12:53',0,12,'81bbec7d63377535'),(353,'VI658','VI658',1,0,'VI658','2021-06-06 15:25:00','2022-07-27 13:56:20',1,12,'81bbec7d63377535'),(354,'VI744','VI744',1,0,'VI744','2021-06-06 15:25:00','2022-01-09 11:12:53',0,12,'81bbec7d63377535'),(355,'VI757','VI757',1,0,'VI757','2021-06-06 15:25:00','2022-01-09 11:12:53',0,12,'81bbec7d63377535'),(356,'vi788','vi788',1,0,'vi788','2021-06-06 15:25:00','2022-01-09 11:12:53',0,12,'81bbec7d63377535'),(357,'VI849','VI849',1,0,'VI849','2021-06-06 15:25:00','2022-01-09 11:12:53',0,12,'81bbec7d63377535'),(358,'vi879','vi879',1,0,'vi879','2021-06-06 15:25:00','2022-01-09 11:12:53',0,12,'81bbec7d63377535'),(359,'vi880','vi880',1,0,'vi880','2021-06-06 15:25:00','2022-01-09 11:12:53',0,12,'81bbec7d63377535'),(360,'VI884','VI884',1,0,'VI884','2021-06-06 15:25:00','2022-01-09 11:12:53',0,12,'81bbec7d63377535'),(361,'vi893','vi893',1,0,'vi893','2021-06-06 15:25:00','2022-01-09 11:12:53',0,12,'81bbec7d63377535'),(362,'VI905','VI905',1,0,'VI905','2021-06-06 15:25:00','2022-07-27 13:55:02',1,12,'81bbec7d63377535'),(363,'VI916','VI916',1,0,'VI916','2021-06-06 15:25:00','2022-01-09 11:12:53',0,12,'81bbec7d63377535'),(364,'VI918','VI918',1,0,'VI918','2021-06-06 15:25:00','2022-01-09 11:12:53',0,12,'81bbec7d63377535'),(365,'VI919','VI919',1,0,'VI919','2021-06-06 15:25:00','2022-01-09 11:12:53',0,12,'81bbec7d63377535'),(366,'vr911','v5',1,0,'vr911','2021-06-06 15:25:00','2022-01-09 11:12:53',0,12,'81bbec7d63377535'),(367,'ZCT0007','ZCT0007',1,0,'ZCT0007','2021-06-06 15:25:00','2022-01-09 11:12:53',0,12,'81bbec7d63377535'),(368,'ZCT0021','ZCT0021',1,0,'ZCT0021','2021-06-06 15:25:00','2022-01-09 11:12:53',0,12,'81bbec7d63377535'),(369,'ZCT0023','ZCT0023',1,0,'ZCT0023','2021-06-06 15:25:00','2022-01-09 11:12:53',0,12,'81bbec7d63377535'),(370,'ZCT0024','ZCT0024',1,0,'ZCT0024','2021-06-06 15:25:00','2022-01-09 11:12:53',0,12,'81bbec7d63377535'),(371,'ZCT0033','ZCT0033',1,0,'ZCT0033','2021-06-06 15:25:00','2022-01-09 11:12:53',0,12,'81bbec7d63377535'),(372,'ZCT0038','ZCT0038',1,0,'ZCT0038','2021-06-06 15:25:00','2022-01-09 11:12:53',0,12,'81bbec7d63377535'),(373,'ZDI0014','ZDI0014',1,0,'ZDI0014','2021-06-06 15:25:00','2022-01-09 11:12:53',0,12,'81bbec7d63377535'),(374,'ZDI0015','ZDI0015',1,0,'ZDI0015','2021-06-06 15:25:00','2022-01-09 11:12:53',0,12,'81bbec7d63377535'),(375,'ZDI0016','ZDI0016',1,0,'ZDI0016','2021-06-06 15:25:00','2022-01-09 11:12:53',0,12,'81bbec7d63377535'),(376,'ZDI0017','ZDI0017',1,0,'ZDI0017','2021-06-06 15:25:00','2022-01-09 11:12:53',0,12,'81bbec7d63377535'),(377,'ZDI0018','ZDI0018',1,0,'ZDI0018','2021-06-06 15:25:00','2022-01-09 11:12:53',0,12,'81bbec7d63377535'),(378,'ZDI0021','ZDI0021',1,0,'ZDI0021','2021-06-06 15:25:00','2022-01-09 11:12:53',0,12,'81bbec7d63377535'),(379,'ZDI0022','ZDI0022',1,0,'ZDI0022','2021-06-06 15:25:00','2022-01-09 11:12:53',0,12,'81bbec7d63377535'),(380,'ZDI0063','ZDI0063',1,0,'ZDI0063','2021-06-06 15:25:00','2022-01-09 11:12:53',0,12,'81bbec7d63377535'),(381,'zdi0228','zdi0228',1,0,'zdi0228','2021-06-06 15:25:00','2022-01-09 11:12:53',0,12,'81bbec7d63377535'),(382,'ZDI0251','groupe cde electrique',1,0,'ZDI0251','2021-06-06 15:25:00','2022-01-09 11:12:53',0,12,'81bbec7d63377535'),(383,'ZDI0265','GROUPE CDE ELECTRIQUE',1,1,'ZDI0265','2021-06-06 15:25:00','2022-08-10 13:40:22',1,12,'81bbec7d63377535'),(384,'ZFI0001','ZFI0001',1,0,'ZFI0001','2021-06-06 15:25:00','2022-01-09 11:12:53',0,12,'81bbec7d63377535'),(385,'ZFI0002','cartouche filtrante',1,0,'ZFI0002','2021-06-06 15:25:00','2022-01-09 11:12:53',0,12,'81bbec7d63377535'),(386,'ZFI0004','cartouche filtrante',1,0,'ZFI0004','2021-06-06 15:25:00','2022-01-09 11:12:53',0,12,'81bbec7d63377535'),(387,'ZFX0001','ZFX0001',1,0,'ZFX0001','2021-06-06 15:25:00','2022-01-09 11:12:53',0,12,'81bbec7d63377535'),(388,'ZFX0002','ZFX0002',1,0,'ZFX0002','2021-06-06 15:25:00','2022-01-09 11:12:53',0,12,'81bbec7d63377535'),(389,'ZFX0006','ZFX0006',1,0,'ZFX0006','2021-06-06 15:25:00','2022-01-09 11:12:53',0,12,'81bbec7d63377535'),(390,'ZMT0046','SERIE DE JOINTS',1,0,'ZMT0046','2021-06-06 15:25:00','2022-07-27 16:29:24',2,12,'81bbec7d63377535'),(391,'ZMT0053','SERIE DE JOINTS',1,0,'ZMT0053','2021-06-06 15:25:00','2022-07-27 16:29:55',2,12,'81bbec7d63377535'),(392,'ZRC0015','chargeur de batterie',1,0,'ZRC0015','2021-06-06 15:25:00','2022-01-09 11:12:53',0,12,'81bbec7d63377535'),(393,'ZRC0016','batterie',1,0,'ZRC0016','2021-06-06 15:25:00','2022-01-09 11:12:53',0,12,'81bbec7d63377535'),(394,'ZRC0083','batterie',1,0,'ZRC0083','2021-06-06 15:25:00','2022-01-09 11:12:53',0,12,'81bbec7d63377535'),(395,'ZRC0085','batterie',1,0,'ZRC0085','2021-06-06 15:25:00','2022-01-09 11:12:53',0,12,'81bbec7d63377535'),(396,'ZRC0103','ZRC0103',1,0,'ZRC0103','2021-06-06 15:25:00','2022-01-09 11:12:53',0,12,'81bbec7d63377535'),(397,'zsc0016','zsc0016',1,0,'zsc0016','2021-06-06 15:25:00','2022-01-09 11:12:53',0,12,'81bbec7d63377535'),(398,'ZSC0030','senseur de temperature',1,0,'ZSC0030','2021-06-06 15:25:00','2022-01-09 11:12:54',0,12,'81bbec7d63377535'),(399,'ZTG0004','fourche pour raccord',1,0,'ZTG0004','2021-06-06 15:25:00','2022-01-09 11:12:54',0,12,'81bbec7d63377535'),(487,'10117','PLAQUE D APPUI',1,0,'10117','2022-01-08 17:08:24','2022-01-09 11:12:50',0,12,'81bbec7d63377535'),(488,'20127','TUYAU',1,0,'20127','2022-01-08 17:08:24','2022-01-09 11:12:50',0,12,'81bbec7d63377535'),(489,'49027','TUYAU',1,0,'49027','2022-01-08 17:08:24','2022-01-09 11:12:50',0,12,'81bbec7d63377535'),(490,'65525','LENIER',1,0,'65525','2022-01-08 17:08:24','2022-01-09 11:12:50',0,12,'81bbec7d63377535'),(491,'95508','tuyau',1,0,'95508','2022-01-08 17:08:24','2022-01-09 11:12:50',0,12,'81bbec7d63377535'),(492,'95509','tuyau',1,0,'95509','2022-01-08 17:08:24','2022-01-09 11:12:50',0,12,'81bbec7d63377535'),(493,'116213','CARTER',1,0,'116213','2022-01-08 17:08:24','2022-01-09 11:12:50',0,12,'81bbec7d63377535'),(494,'147433','ROULEAU',1,0,'147433','2022-01-08 17:08:24','2022-08-02 13:52:42',2,12,'81bbec7d63377535'),(495,'147542','DOUILLE',1,0,'147542','2022-01-08 17:08:24','2022-07-27 14:24:43',2,12,'81bbec7d63377535'),(496,'147736','levier',1,0,'147736','2022-01-08 17:08:24','2022-01-09 11:12:50',0,12,'81bbec7d63377535'),(497,'148375','PIVOT',1,0,'148375','2022-01-08 17:08:24','2022-01-09 11:12:50',0,12,'81bbec7d63377535'),(498,'200428','tuyau',1,0,'200428','2022-01-08 17:08:24','2022-01-09 11:12:50',0,12,'81bbec7d63377535'),(499,'200435','tuyau',1,0,'200435','2022-01-08 17:08:24','2022-01-09 11:12:50',0,12,'81bbec7d63377535'),(500,'201183','support',1,0,'201183','2022-01-08 17:08:24','2022-01-09 11:12:50',0,12,'81bbec7d63377535'),(501,'221472','TUYAU',1,0,'221472','2022-01-08 17:08:24','2022-01-09 11:12:50',0,12,'81bbec7d63377535'),(502,'221987','tuyau',1,0,'221987','2022-01-08 17:08:25','2022-01-09 11:12:50',0,12,'81bbec7d63377535'),(503,'240552','ENTRETOISE',1,0,'240552','2022-01-08 17:08:25','2022-01-09 11:12:50',0,12,'81bbec7d63377535'),(504,'280155','CARTER',1,0,'280155','2022-01-08 17:08:25','2022-01-09 11:12:50',0,12,'81bbec7d63377535'),(505,'280212','TUYAU',1,0,'280212','2022-01-08 17:08:25','2022-01-09 11:12:50',0,12,'81bbec7d63377535'),(506,'321280','BOITE',1,0,'321280','2022-01-08 17:08:25','2022-08-02 13:21:41',2,12,'81bbec7d63377535'),(507,'321281','RONDELLE',1,0,'321281','2022-01-08 17:08:25','2022-08-02 15:00:49',2,12,'81bbec7d63377535'),(508,'322464','TIGE',1,0,'322464','2022-01-08 17:08:25','2022-07-27 16:17:38',2,12,'81bbec7d63377535'),(509,'380338','TUYAU',1,0,'380338','2022-01-08 17:08:25','2022-01-09 11:12:50',0,12,'81bbec7d63377535'),(510,'381111','TUYAU',1,0,'381111','2022-01-08 17:08:25','2022-01-09 11:12:50',0,12,'81bbec7d63377535'),(511,'381130','TUYAU',1,0,'381130','2022-01-08 17:08:25','2022-01-09 11:12:50',0,12,'81bbec7d63377535'),(512,'400340','tuyau',1,0,'400340','2022-01-08 17:08:25','2022-01-09 11:12:50',0,12,'81bbec7d63377535'),(513,'400652','PLAQUE D APPUI',1,0,'400652','2022-01-08 17:08:25','2022-01-09 11:12:50',0,12,'81bbec7d63377535'),(514,'400685','PROFILS',1,0,'400685','2022-01-08 17:08:25','2022-01-09 11:12:50',0,12,'81bbec7d63377535'),(515,'400786','tige',1,0,'400786','2022-01-08 17:08:25','2022-07-27 16:12:52',2,12,'81bbec7d63377535'),(516,'462657','plaque',1,0,'462657','2022-01-08 17:08:25','2022-01-09 11:12:50',0,12,'81bbec7d63377535'),(517,'500552','tuyau',1,0,'500552','2022-01-08 17:08:25','2022-01-09 11:12:51',0,12,'81bbec7d63377535'),(518,'540757','TUYAU',1,0,'540757','2022-01-08 17:08:25','2022-01-09 11:12:51',0,12,'81bbec7d63377535'),(519,'540938','TUYAU',1,0,'540938','2022-01-08 17:08:25','2022-01-09 11:12:51',0,12,'81bbec7d63377535'),(520,'540939','TUYAU',1,0,'540939','2022-01-08 17:08:25','2022-01-09 11:12:51',0,12,'81bbec7d63377535'),(521,'551432','levier',1,0,'551432','2022-01-08 17:08:25','2022-01-09 11:12:51',0,12,'81bbec7d63377535'),(522,'700447','tuyau',1,0,'700447','2022-01-08 17:08:25','2022-01-09 11:12:51',0,12,'81bbec7d63377535'),(523,'700448','tuyau',1,0,'700448','2022-01-08 17:08:25','2022-01-09 11:12:51',0,12,'81bbec7d63377535'),(524,'700449','tuyau',1,0,'700449','2022-01-08 17:08:25','2022-01-09 11:12:51',0,12,'81bbec7d63377535'),(525,'700450','tuyau',1,0,'700450','2022-01-08 17:08:25','2022-01-09 11:12:51',0,12,'81bbec7d63377535'),(526,'700474','PIVOT',1,0,'700474','2022-01-08 17:08:25','2022-01-09 11:12:51',0,12,'81bbec7d63377535'),(527,'700619','support',1,0,'700619','2022-01-08 17:08:26','2022-01-09 11:12:51',0,12,'81bbec7d63377535'),(528,'700707','PLAQUE D APPUI',1,0,'700707','2022-01-08 17:08:26','2022-01-09 11:12:51',0,12,'81bbec7d63377535'),(529,'701107','TUYAU',1,0,'701107','2022-01-08 17:08:26','2022-01-09 11:12:51',0,12,'81bbec7d63377535'),(530,'701609','boite',1,0,'701609','2022-01-08 17:08:26','2022-01-09 11:12:51',0,12,'81bbec7d63377535'),(531,'702121','plaque',1,0,'702121','2022-01-08 17:08:26','2022-01-09 11:12:51',0,12,'81bbec7d63377535'),(532,'751716','TUYAU',1,0,'751716','2022-01-08 17:08:26','2022-01-09 11:12:51',0,12,'81bbec7d63377535'),(533,' IE16','connecteur',1,0,' IE16','2022-01-08 17:08:26','2022-01-09 11:12:51',0,12,'81bbec7d63377535'),(534,'AFOOELF205070CF','padoan FILTER',1,0,'AFOOELF205070CF','2022-01-08 17:08:26','2022-01-09 11:12:51',0,12,'81bbec7d63377535'),(535,'AS708','bague d arret',1,0,'AS708','2022-01-08 17:08:26','2022-07-27 16:12:23',2,12,'81bbec7d63377535'),(536,'AS717','bague d arret',1,0,'AS717','2022-01-08 17:08:26','2022-07-27 14:24:09',2,12,'81bbec7d63377535'),(537,'AS722','bague d arret',1,0,'AS722','2022-01-08 17:08:26','2022-07-27 13:58:55',2,12,'81bbec7d63377535'),(538,'AS737','BAGUE D ARRET',1,0,'AS737','2022-01-08 17:08:26','2022-01-09 11:12:51',0,12,'81bbec7d63377535'),(539,'BZ085','coussinet',1,0,'BZ085','2022-01-08 17:08:26','2022-01-09 11:12:51',0,12,'81bbec7d63377535'),(540,'BZ086','coussinet',1,0,'BZ086','2022-01-08 17:08:26','2022-01-09 11:12:51',0,12,'81bbec7d63377535'),(541,'BZ115','COUSSINET',1,0,'BZ115','2022-01-08 17:08:26','2022-01-09 11:12:51',0,12,'81bbec7d63377535'),(542,'cf141','collier',1,0,'cf141','2022-01-08 17:08:26','2022-07-27 13:51:16',1,12,'81bbec7d63377535'),(543,'cn40100100','kit cable',1,0,'cn40100100','2022-01-08 17:08:26','2022-01-09 11:12:51',0,12,'81bbec7d63377535'),(544,'cn50100100','kit cable',1,0,'cn50100100','2022-01-08 17:08:26','2022-01-09 11:12:51',0,12,'81bbec7d63377535'),(545,'DA612','ECROU',1,0,'DA612','2022-01-08 17:08:26','2022-01-09 11:12:51',0,12,'81bbec7d63377535'),(546,'DA617','ECROU',1,0,'DA617','2022-01-08 17:08:26','2022-01-09 11:12:51',0,12,'81bbec7d63377535'),(547,'DA630','ECROU',1,0,'DA630','2022-01-08 17:08:26','2022-01-09 11:12:51',0,12,'81bbec7d63377535'),(548,'DA631','ECROU',1,0,'DA631','2022-01-08 17:08:26','2022-01-09 11:12:51',0,12,'81bbec7d63377535'),(549,'DA640','bague autobloquante',1,0,'DA640','2022-01-08 17:08:26','2022-07-27 14:00:22',2,12,'81bbec7d63377535'),(550,'DA655','ECROU',1,0,'DA655','2022-01-08 17:08:26','2022-01-09 11:12:51',0,12,'81bbec7d63377535'),(551,'DA656','ECROU',1,0,'DA656','2022-01-08 17:08:26','2022-01-09 11:12:51',0,12,'81bbec7d63377535'),(552,'DA695','DA695',1,0,'DA695','2022-01-08 17:08:26','2022-01-09 11:12:51',0,12,'81bbec7d63377535'),(553,'DA711','ECROU',1,0,'DA711','2022-01-08 17:08:26','2022-01-09 11:12:51',0,12,'81bbec7d63377535'),(554,'DA724','ECROU',1,0,'DA724','2022-01-08 17:08:26','2022-01-09 11:12:51',0,12,'81bbec7d63377535'),(555,'DA725','ECROU',1,0,'DA725','2022-01-08 17:08:26','2022-01-09 11:12:51',0,12,'81bbec7d63377535'),(556,'DE6625','plaque robinet limiteur',1,0,'DE6625','2022-01-08 17:08:26','2022-07-27 15:24:30',1,12,'81bbec7d63377535'),(557,'DE6997','DE6997',1,0,'DE6997','2022-01-08 17:08:26','2022-01-09 11:12:51',0,12,'81bbec7d63377535'),(558,'DE8470','abaque',1,0,'DE8470','2022-01-08 17:08:26','2022-01-09 11:12:51',0,12,'81bbec7d63377535'),(559,'DI1015','BOUCHON POUR VALVE',1,0,'DI1015','2022-01-08 17:08:26','2022-01-09 11:12:51',0,12,'81bbec7d63377535'),(560,'DI1016','CORPS',1,0,'DI1016','2022-01-08 17:08:26','2022-01-09 11:12:51',0,12,'81bbec7d63377535'),(561,'DI1017','TIRANT',1,0,'DI1017','2022-01-08 17:08:26','2022-01-09 11:12:51',0,12,'81bbec7d63377535'),(562,'di232','contre-ecrou',1,0,'di232','2022-01-08 17:08:26','2022-01-09 11:12:51',0,12,'81bbec7d63377535'),(563,'DI509','TETE',1,0,'DI509','2022-01-08 17:08:26','2022-01-09 11:12:51',0,12,'81bbec7d63377535'),(564,'DI527','TIROIR',1,0,'DI527','2022-01-08 17:08:26','2022-07-27 11:51:39',1,12,'81bbec7d63377535'),(565,'DI570','GROUPE ASSEMBLAGE 8 ELEMENTS',1,0,'DI570','2022-01-08 17:08:26','2022-01-09 11:12:51',0,12,'81bbec7d63377535'),(566,'DI629','CORPS',1,0,'DI629','2022-01-08 17:08:26','2022-01-09 11:12:51',0,12,'81bbec7d63377535'),(567,'DI813','VALVE',1,0,'DI813','2022-01-08 17:08:26','2022-07-27 11:55:14',1,12,'81bbec7d63377535'),(568,'DI814','VALVE',1,0,'DI814','2022-01-08 17:08:26','2022-07-27 11:54:57',1,12,'81bbec7d63377535'),(569,'DV014','DEVIATEUR ELECTRIQUE 24V',1,0,'DV014','2022-01-08 17:08:27','2022-01-09 11:12:51',0,12,'81bbec7d63377535'),(570,'DV020','DEVIATEUR',1,0,'DV020','2022-01-08 17:08:27','2022-01-09 11:12:51',0,12,'81bbec7d63377535'),(571,'EV148','VALVE ELECTRIQUE',1,0,'EV148','2022-01-08 17:08:27','2022-01-09 11:12:51',0,12,'81bbec7d63377535'),(572,'FC001','cellule photo',1,0,'FC001','2022-01-08 17:08:27','2022-01-09 11:12:51',0,12,'81bbec7d63377535'),(573,'FS802','COLLIER',1,0,'FS802','2022-01-08 17:08:27','2022-01-09 11:12:51',0,12,'81bbec7d63377535'),(574,'fs984','collier',1,0,'fs984','2022-01-08 17:08:27','2022-07-27 14:13:27',2,12,'81bbec7d63377535'),(575,'FS999','COLLIER',1,0,'FS999','2022-01-08 17:08:27','2022-01-09 11:12:51',0,12,'81bbec7d63377535'),(576,'FX450','unite de controle',1,0,'FX450','2022-01-08 17:08:27','2022-01-09 11:12:51',0,12,'81bbec7d63377535'),(577,'FX5101014','kit accessoire pour systeme fx500',1,0,'FX5101014','2022-01-08 17:08:27','2022-01-09 11:12:51',0,12,'81bbec7d63377535'),(578,'FX5132046','kit s3+dv+jdp+lcv con fx504',1,0,'FX5132046','2022-01-08 17:08:27','2022-01-09 11:12:51',0,12,'81bbec7d63377535'),(579,'fx800','batterie',1,0,'fx800','2022-01-08 17:08:27','2022-01-09 11:12:51',0,12,'81bbec7d63377535'),(580,'fx99000293','kit controle stabilie',1,0,'fx99000293','2022-01-08 17:08:27','2022-01-09 11:12:51',0,12,'81bbec7d63377535'),(581,'GA105','securite pour crochet',1,0,'GA105','2022-01-08 17:08:27','2022-01-09 11:12:51',0,12,'81bbec7d63377535'),(582,'GA938','crochet',1,0,'GA938','2022-01-08 17:08:27','2022-01-09 11:12:51',0,12,'81bbec7d63377535'),(583,'GSC140','SERIE DE JOINTS',1,0,'GSC140','2022-01-08 17:08:27','2022-07-27 16:50:44',2,12,'81bbec7d63377535'),(584,'GSC152','SERIE DE JOINTS',1,0,'GSC152','2022-01-08 17:08:27','2022-07-27 16:51:07',2,12,'81bbec7d63377535'),(585,'GSC217','SERIE DE JOINTS',1,0,'GSC217','2022-01-08 17:08:27','2022-07-27 17:12:42',2,12,'81bbec7d63377535'),(586,'GSC249','SERIE DE JOINTS',1,0,'GSC249','2022-01-08 17:08:27','2022-07-29 12:59:37',2,12,'81bbec7d63377535'),(587,'GSC278','SERIE DE JOINTS',1,0,'GSC278','2022-01-08 17:08:27','2022-07-29 13:10:07',2,12,'81bbec7d63377535'),(588,'GSC293','SERIE DE JOINTS',1,0,'GSC293','2022-01-08 17:08:27','2022-07-29 14:22:20',2,12,'81bbec7d63377535'),(589,'GSC296','SERIE DE JOINTS',1,0,'GSC296','2022-01-08 17:08:27','2022-07-29 14:23:27',2,12,'81bbec7d63377535'),(590,'GSC310','SERIE DE JOINTS',1,0,'GSC310','2022-01-08 17:08:27','2022-07-29 14:24:16',2,12,'81bbec7d63377535'),(591,'GSC374','SERIE DE JOINTS',1,0,'GSC374','2022-01-08 17:08:27','2022-07-29 14:25:55',2,12,'81bbec7d63377535'),(592,'GSC375','SERIE DE JOINTS',1,0,'GSC375','2022-01-08 17:08:27','2022-07-29 14:28:22',2,12,'81bbec7d63377535'),(593,'GSC380','SERIE DE JOINTS',1,0,'GSC380','2022-01-08 17:08:27','2022-07-29 16:41:32',2,12,'81bbec7d63377535'),(594,'GSC382','SERIE DE JOINTS',1,0,'GSC382','2022-01-08 17:08:27','2022-07-29 16:42:39',2,12,'81bbec7d63377535'),(595,'GSC386','SERIE DE JOINTS',1,0,'GSC386','2022-01-08 17:08:27','2022-07-29 16:46:19',2,12,'81bbec7d63377535'),(596,'GSC387','SERIE DE JOINTS',1,0,'GSC387','2022-01-08 17:08:27','2022-07-29 16:46:56',2,12,'81bbec7d63377535'),(597,'GSC391','SERIE D JOINTS',1,0,'GSC391','2022-01-08 17:08:27','2022-01-09 11:12:52',0,12,'81bbec7d63377535'),(598,'GSC392','SERIE D JOINTS',1,0,'GSC392','2022-01-08 17:08:27','2022-01-09 11:12:52',0,12,'81bbec7d63377535'),(599,'GSC395','SERIE DJOINTS',1,0,'GSC395','2022-01-08 17:08:27','2022-01-09 11:12:52',0,12,'81bbec7d63377535'),(600,'GSC415','SERIE D JOINTS',1,0,'GSC415','2022-01-08 17:08:27','2022-01-09 11:12:52',0,12,'81bbec7d63377535'),(601,'GSC419','SERIE D JOINTS',1,0,'GSC419','2022-01-08 17:08:27','2022-01-09 11:12:52',0,12,'81bbec7d63377535'),(602,'GSC423','SERIE D JOINTS',1,0,'GSC423','2022-01-08 17:08:27','2022-01-09 11:12:52',0,12,'81bbec7d63377535'),(603,'GSC441','SERIE D JOINTS',1,0,'GSC441','2022-01-08 17:08:27','2022-01-09 11:12:52',0,12,'81bbec7d63377535'),(604,'GSC444','SERIE D JOINTS',1,0,'GSC444','2022-01-08 17:08:27','2022-01-09 11:12:52',0,12,'81bbec7d63377535'),(605,'GSC450','SERIE D JOINTS',1,0,'GSC450','2022-01-08 17:08:27','2022-01-09 11:12:52',0,12,'81bbec7d63377535'),(606,'GSC506','SERIE DE JOINTS',1,0,'GSC506','2022-01-08 17:08:27','2022-07-29 17:12:01',2,12,'81bbec7d63377535'),(607,'IE148','protecteur 4 poles',1,0,'IE148','2022-01-08 17:08:27','2022-01-09 11:12:52',0,12,'81bbec7d63377535'),(608,'IE167','IE167',1,0,'IE167','2022-01-08 17:08:27','2022-01-09 11:12:52',0,12,'81bbec7d63377535'),(609,'IE171','partie en gomme',1,0,'IE171','2022-01-08 17:08:28','2022-01-09 11:12:52',0,12,'81bbec7d63377535'),(610,'IE172','IE172',1,0,'IE172','2022-01-08 17:08:28','2022-01-09 11:12:52',0,12,'81bbec7d63377535'),(611,'IE1997','IE1997',1,0,'IE1997','2022-01-08 17:08:28','2022-01-09 11:12:52',0,12,'81bbec7d63377535'),(612,'IE1998','cable seriel pour radio',1,0,'IE1998','2022-01-08 17:08:28','2022-01-09 11:12:52',0,12,'81bbec7d63377535'),(613,'IE1999','connecteur avec resistance',1,0,'IE1999','2022-01-08 17:08:28','2022-01-09 11:12:52',0,12,'81bbec7d63377535'),(614,'ie2035','cable',1,0,'ie2035','2022-01-08 17:08:28','2022-01-09 11:12:52',0,12,'81bbec7d63377535'),(615,'ie2038','kit cable',1,0,'ie2038','2022-01-08 17:08:28','2022-01-09 11:12:52',0,12,'81bbec7d63377535'),(616,'ie2081','cabel',1,0,'ie2081','2022-01-08 17:08:28','2022-01-09 11:12:52',0,12,'81bbec7d63377535'),(617,'IE2105b','senseur de proximitie',1,0,'IE2105b','2022-01-08 17:08:28','2022-01-09 11:12:52',0,12,'81bbec7d63377535'),(618,'IE2194','cavo adattatore per awc',1,0,'IE2194','2022-01-08 17:08:28','2022-01-09 11:12:52',0,12,'81bbec7d63377535'),(619,'IE2196','cavo adattatore per awz',1,0,'IE2196','2022-01-08 17:08:28','2022-01-09 11:12:52',0,12,'81bbec7d63377535'),(620,'IE298','connecteur',1,0,'IE298','2022-01-08 17:08:28','2022-01-09 11:12:52',0,12,'81bbec7d63377535'),(621,'IE715','connecteur',1,0,'IE715','2022-01-08 17:08:28','2022-01-09 11:12:52',0,12,'81bbec7d63377535'),(622,'ie795','ricevente e trasmettitore',1,0,'ie795','2022-01-08 17:08:28','2022-01-09 11:12:52',0,12,'81bbec7d63377535'),(623,'IE799','chargeur de batterie',1,0,'IE799','2022-01-08 17:08:28','2022-01-09 11:12:52',0,12,'81bbec7d63377535'),(624,'IE869','senseur de rotation jeko',1,0,'IE869','2022-01-08 17:08:28','2022-01-09 11:12:52',0,12,'81bbec7d63377535'),(625,'IE870','senseur de rotation jeko',1,0,'IE870','2022-01-08 17:08:28','2022-01-09 11:12:52',0,12,'81bbec7d63377535'),(626,'IE871','senseur de rotation jeko',1,0,'IE871','2022-01-08 17:08:28','2022-01-09 11:12:52',0,12,'81bbec7d63377535'),(627,'IE872','senseur de rotation jeko',1,0,'IE872','2022-01-08 17:08:28','2022-01-09 11:12:52',0,12,'81bbec7d63377535'),(628,'IE978','mol',1,0,'IE978','2022-01-08 17:08:28','2022-01-09 11:12:52',0,12,'81bbec7d63377535'),(629,'IG302/26','GROUPE INTEGRE 26V',1,0,'IG302/26','2022-01-08 17:08:28','2022-01-09 11:12:52',0,12,'81bbec7d63377535'),(630,'IG402/26','IG402/26',1,0,'IG402/26','2022-01-08 17:08:28','2022-01-09 11:12:52',0,12,'81bbec7d63377535'),(631,'IG503/26','GROUPE INTEGRE 26V',1,0,'IG503/26','2022-01-08 17:08:28','2022-01-09 11:12:52',0,12,'81bbec7d63377535'),(632,'IN856','RACCORD',1,0,'IN856','2022-01-08 17:08:28','2022-07-27 15:30:27',2,12,'81bbec7d63377535'),(633,'IR803','raccord a connexion multiple mobile',1,0,'IR803','2022-01-08 17:08:28','2022-01-09 11:12:52',0,12,'81bbec7d63377535'),(634,'IR810','raccord femelle',1,0,'IR810','2022-01-08 17:08:28','2022-01-09 11:12:52',0,12,'81bbec7d63377535'),(635,'IR811','raccord femelle',1,0,'IR811','2022-01-08 17:08:28','2022-01-09 11:12:52',0,12,'81bbec7d63377535'),(636,'LO960','jauge d huile',1,0,'LO960','2022-01-08 17:08:28','2022-07-27 15:25:53',2,12,'81bbec7d63377535'),(637,'mi116','micro-interrupteur',1,0,'mi116','2022-01-08 17:08:28','2022-01-09 11:12:52',0,12,'81bbec7d63377535'),(638,'MO123','MOLLA PRESSACAVO VERRICELLO',1,0,'MO123','2022-01-08 17:08:28','2022-01-09 11:12:52',0,12,'81bbec7d63377535'),(639,'mt120','moteur hydraulique',1,0,'mt120','2022-01-08 17:08:28','2022-01-09 11:12:52',0,12,'81bbec7d63377535'),(640,'ni989','nipple',1,0,'ni989','2022-01-08 17:08:28','2022-01-09 11:12:52',0,12,'81bbec7d63377535'),(641,'PO157','pommeau',1,0,'PO157','2022-01-08 17:08:28','2022-01-09 11:12:52',0,12,'81bbec7d63377535'),(642,'PO158','pommeau',1,0,'PO158','2022-01-08 17:08:28','2022-01-09 11:12:52',0,12,'81bbec7d63377535'),(643,'PO168','pommeau',1,0,'PO168','2022-01-08 17:08:29','2022-01-09 11:12:52',0,12,'81bbec7d63377535'),(644,'PO188','pommeau',1,0,'PO188','2022-01-08 17:08:29','2022-01-09 11:12:52',0,12,'81bbec7d63377535'),(645,'PS63D080','PROLONGE TIGE',1,0,'PS63D080','2022-01-08 17:08:29','2022-01-09 11:12:52',0,12,'81bbec7d63377535'),(646,'PS63D085','PROLONGETIGE',1,0,'PS63D085','2022-01-08 17:08:29','2022-01-09 11:12:53',0,12,'81bbec7d63377535'),(647,'PS70D070','PROLONGETIGE',1,0,'PS70D070','2022-01-08 17:08:29','2022-01-09 11:12:53',0,12,'81bbec7d63377535'),(648,'PS90D105','PROLONGE TIGE',1,0,'PS90D105','2022-01-08 17:08:29','2022-01-09 11:12:53',0,12,'81bbec7d63377535'),(649,'RC818LS','radio commande scanreco',1,0,'RC818LS','2022-01-08 17:08:29','2022-01-09 11:12:53',0,12,'81bbec7d63377535'),(650,'rc918ls','scanreco v7s',1,0,'rc918ls','2022-01-08 17:08:29','2022-01-09 11:12:53',0,12,'81bbec7d63377535'),(651,'re286','rondelle',1,0,'re286','2022-01-08 17:08:29','2022-01-09 11:12:53',0,12,'81bbec7d63377535'),(652,'RP221','rondelle',1,0,'RP221','2022-01-08 17:08:29','2022-01-09 11:12:53',0,12,'81bbec7d63377535'),(653,'RP250','rondelle',1,0,'RP250','2022-01-08 17:08:29','2022-07-27 13:59:31',2,12,'81bbec7d63377535'),(654,'RP270','rondelle',1,0,'RP270','2022-01-08 17:08:29','2022-07-27 13:59:49',2,12,'81bbec7d63377535'),(655,'RR808','rondelle',1,0,'RR808','2022-01-08 17:08:29','2022-01-09 11:12:53',0,12,'81bbec7d63377535'),(656,'rs958','raccord',1,0,'rs958','2022-01-08 17:08:29','2022-01-09 11:12:53',0,12,'81bbec7d63377535'),(657,'RS974','RACCORD',1,0,'RS974','2022-01-08 17:08:29','2022-07-27 12:51:10',1,12,'81bbec7d63377535'),(658,'ru983','levier',1,0,'ru983','2022-01-08 17:08:29','2022-01-09 11:12:53',0,12,'81bbec7d63377535'),(659,'RV702','raccord',1,0,'RV702','2022-01-08 17:08:29','2022-01-09 11:12:53',0,12,'81bbec7d63377535'),(660,'RV725','RACCORD',1,0,'RV725','2022-01-08 17:08:29','2022-01-09 11:12:53',0,12,'81bbec7d63377535'),(661,'RV732','RACCORD',1,0,'RV732','2022-01-08 17:08:29','2022-01-09 11:12:53',0,12,'81bbec7d63377535'),(662,'RV944','raccord',1,0,'RV944','2022-01-08 17:08:29','2022-07-27 13:20:44',1,12,'81bbec7d63377535'),(663,'sp709','goupille',1,0,'sp709','2022-01-08 17:08:29','2022-01-09 11:12:53',0,12,'81bbec7d63377535'),(664,'SP840','GOUPILLE',1,0,'SP840','2022-01-08 17:08:29','2022-01-09 11:12:53',0,12,'81bbec7d63377535'),(665,'SS976','GOUPILLE',1,0,'SS976','2022-01-08 17:08:29','2022-01-09 11:12:53',0,12,'81bbec7d63377535'),(666,'TA745','BOUCHON',1,0,'TA745','2022-01-08 17:08:29','2022-01-09 11:12:53',0,12,'81bbec7d63377535'),(667,'TI001','transducteur d inclinaison',1,0,'TI001','2022-01-08 17:08:29','2022-01-09 11:12:53',0,12,'81bbec7d63377535'),(668,'VA363','VALVE',1,0,'VA363','2022-01-08 17:08:29','2022-01-09 11:12:53',0,12,'81bbec7d63377535'),(669,'VI546','VI546',1,0,'VI546','2022-01-08 17:08:29','2022-01-09 11:12:53',0,12,'81bbec7d63377535'),(670,'VI560','VIS',1,0,'VI560','2022-01-08 17:08:29','2022-01-09 11:12:53',0,12,'81bbec7d63377535'),(671,'vi680','vis',1,0,'vi680','2022-01-08 17:08:29','2022-01-09 11:12:53',0,12,'81bbec7d63377535'),(672,'VI889','vis',1,0,'VI889','2022-01-08 17:08:29','2022-01-09 11:12:53',0,12,'81bbec7d63377535'),(673,'ZDI0027','GROUPE LEVIER',1,0,'ZDI0027','2022-01-08 17:08:30','2022-01-09 11:12:53',0,12,'81bbec7d63377535'),(674,'ZDI0040','TETE D ENTREE',1,0,'ZDI0040','2022-01-08 17:08:30','2022-01-09 11:12:53',0,12,'81bbec7d63377535'),(675,'ZDI0042','CORPS',1,0,'ZDI0042','2022-01-08 17:08:30','2022-01-09 11:12:53',0,12,'81bbec7d63377535'),(676,'ZDI0043','CORPS',1,0,'ZDI0043','2022-01-08 17:08:30','2022-01-09 11:12:53',0,12,'81bbec7d63377535'),(677,'ZDI0047','TIROIR',1,0,'ZDI0047','2022-01-08 17:08:30','2022-07-27 11:47:09',2,12,'81bbec7d63377535'),(678,'ZFI0006','FILTER',1,0,'ZFI0006','2022-01-08 17:08:30','2022-01-09 11:12:53',0,12,'81bbec7d63377535'),(679,'ZGR0002','MERCOTAC +CONNEXIONS ELETRIQUES',1,0,'ZGR0002','2022-01-08 17:08:30','2022-01-09 11:12:53',0,12,'81bbec7d63377535'),(680,'ZIG0004','BOUCHON',1,0,'ZIG0004','2022-01-08 17:08:30','2022-01-09 11:12:53',0,12,'81bbec7d63377535'),(681,'ZIG0005','VALVE A 2 VOIE',1,0,'ZIG0005','2022-01-08 17:08:30','2022-01-09 11:12:53',0,12,'81bbec7d63377535'),(682,'ZIG0007','VALVE A2 VOIE',1,0,'ZIG0007','2022-01-08 17:08:30','2022-01-09 11:12:53',0,12,'81bbec7d63377535'),(683,'ZIG0008','BOUCHON',1,0,'ZIG0008','2022-01-08 17:08:30','2022-01-09 11:12:53',0,12,'81bbec7d63377535'),(684,'ZMT0010','SERIE DE JOINTS',1,0,'ZMT0010','2022-01-08 17:08:30','2022-07-27 16:27:08',2,12,'81bbec7d63377535'),(685,'ZMT0011','SERIE DE JOINTS',1,0,'ZMT0011','2022-01-08 17:08:30','2022-07-27 16:27:39',2,12,'81bbec7d63377535'),(686,'ZMT0012','SERIE DE JOINTS',1,0,'ZMT0012','2022-01-08 17:08:30','2022-07-27 16:28:11',2,12,'81bbec7d63377535'),(687,'ZMT0024','SERIE DE JOINTS',1,0,'ZMT0024','2022-01-08 17:08:30','2022-07-27 16:28:52',2,12,'81bbec7d63377535'),(688,'ZRC0003','levier',1,0,'ZRC0003','2022-01-08 17:08:30','2022-01-09 11:12:53',0,12,'81bbec7d63377535'),(689,'zrc0004','zrc0004',1,0,'zrc0004','2022-01-08 17:08:30','2022-01-09 11:12:53',0,12,'81bbec7d63377535'),(690,'ZRC0024','abaques tableau lineare',1,0,'ZRC0024','2022-01-08 17:08:30','2022-01-09 11:12:53',0,12,'81bbec7d63377535'),(691,'ZRC0036','bouton de secour',1,0,'ZRC0036','2022-01-08 17:08:30','2022-01-09 11:12:53',0,12,'81bbec7d63377535'),(692,'zrc0128','zrc0128',1,0,'zrc0128','2022-01-08 17:08:30','2022-01-09 11:12:53',0,12,'81bbec7d63377535'),(693,'ZRC0142','BOUTON STOP',1,0,'ZRC0142','2022-01-08 17:08:30','2022-01-09 11:12:53',0,12,'81bbec7d63377535'),(694,'ZRC0143','bouton stop',1,0,'ZRC0143','2022-01-08 17:08:30','2022-01-09 11:12:53',0,12,'81bbec7d63377535'),(695,'ZRC0181','rotary switeh complet',1,0,'ZRC0181','2022-01-08 17:08:30','2022-01-09 11:12:53',0,12,'81bbec7d63377535'),(696,'ZRC0197','LEVIER (TYPE)49089 49091 49092',1,0,'ZRC0197','2022-01-08 17:08:30','2022-01-09 11:12:53',0,12,'81bbec7d63377535'),(697,'zsc0021','radiateur pour refroidiss',1,0,'zsc0021','2022-01-08 17:08:30','2022-01-09 11:12:54',0,12,'81bbec7d63377535'),(698,'ZSC0029','ELECTRO_VENTILATEUR (BRUSHLESS)',1,0,'ZSC0029','2022-01-08 17:08:30','2022-01-09 11:12:54',0,12,'81bbec7d63377535'),(699,'zsc0035','convoyeur poul refroidiss d hule',1,0,'zsc0035','2022-01-08 17:08:30','2022-01-09 11:12:54',0,12,'81bbec7d63377535'),(700,'ZSC0038','senseur de temperature',1,0,'ZSC0038','2022-01-08 17:08:30','2022-01-09 11:12:54',0,12,'81bbec7d63377535'),(701,'200434','tuyau',1,0,'200434','2022-01-09 11:05:37','2022-01-09 11:12:54',0,12,'81bbec7d63377535'),(702,'DA697','DA697',1,0,'DA697','2022-01-09 11:05:37','2022-01-09 11:12:54',0,12,'81bbec7d63377535'),(703,'IE145','protecteur 3 poles',1,0,'IE145','2022-01-09 11:05:37','2022-01-09 11:12:54',0,12,'81bbec7d63377535'),(704,'IE170','contact',1,0,'IE170','2022-01-09 11:05:37','2022-01-09 11:12:54',0,12,'81bbec7d63377535'),(705,'IE2157','kit cavo distrib danfoss (ex IE2030)',1,0,'IE2157','2022-01-09 11:05:37','2022-01-09 11:12:54',0,12,'81bbec7d63377535'),(706,'RE276','RE276',1,0,'RE276','2022-01-09 11:05:37','2022-01-09 11:12:54',0,12,'81bbec7d63377535'),(707,'RP207','RP207',1,0,'RP207','2022-01-09 11:05:37','2022-01-09 11:12:54',0,12,'81bbec7d63377535'),(708,'RP226','RP226',1,0,'RP226','2022-01-09 11:05:37','2022-01-09 11:12:54',0,12,'81bbec7d63377535'),(709,'TI002','transducteur d inclinaison',1,0,'TI002','2022-01-09 11:05:37','2022-01-09 11:12:54',0,12,'81bbec7d63377535'),(710,'TR003','transducteur de pression',1,0,'TR003','2022-01-09 11:05:37','2022-01-09 11:12:54',0,12,'81bbec7d63377535'),(711,'VI506','VI506',1,0,'VI506','2022-01-09 11:05:37','2022-01-09 11:12:54',0,12,'81bbec7d63377535'),(712,'NB STOP M RE16','Bouchon 1 WD',1,0,'1000000162349','2022-01-09 11:15:16','2022-01-09 11:15:16',0,12,'64be72a2129fecec'),(713,'NB STOP M RE08','Bouchon 1/2 WD',1,0,'1000000162318','2022-01-09 11:15:16','2022-01-09 11:15:16',0,12,'64be72a2129fecec'),(714,'NB STOP M RE04','Bouchon 1/4 WD',1,0,'1000000162325','2022-01-09 11:15:16','2022-01-09 11:15:16',0,12,'64be72a2129fecec'),(715,'WB GES S25-R16','Bouchon 25S R1',1,0,'1000000164664','2022-01-09 11:15:16','2022-01-09 11:15:16',0,12,'64be72a2129fecec'),(716,'WB GES S25-R12','Bouchon 25S R3/4',1,0,'1000000164671','2022-01-09 11:15:16','2022-01-09 11:15:16',0,12,'64be72a2129fecec'),(717,'NB STOP M RE12','Bouchon 3/4 WD',1,0,'1000000162356','2022-01-09 11:15:16','2022-01-09 11:15:16',0,12,'64be72a2129fecec'),(718,'NB STOP M RE06','Bouchon 3/8 WD',1,0,'1000000162363','2022-01-09 11:15:16','2022-01-09 11:15:16',0,12,'64be72a2129fecec'),(719,'NB STOP W R16','Bouchon  vis BSP 1',1,0,'1000000171402','2022-01-09 11:15:16','2022-01-09 11:15:16',0,12,'64be72a2129fecec'),(720,'NB STOP W R08','Bouchon  vis BSP 1/2',1,0,'1000000156201','2022-01-09 11:15:16','2022-01-09 11:15:16',0,12,'64be72a2129fecec'),(721,'NB STOP W R04','Bouchon  vis BSP 1/4',1,0,'1000000165326','2022-01-09 11:15:16','2022-01-09 11:15:16',0,12,'64be72a2129fecec'),(722,'NB STOP W R12','Bouchon  vis BSP 3/4',1,0,'1000000156218','2022-01-09 11:15:16','2022-01-09 11:15:16',0,12,'64be72a2129fecec'),(723,'NB STOP W R06','Bouchon  vis BSP 3/8',1,0,'1000000156195','2022-01-09 11:15:16','2022-01-09 11:15:16',0,12,'64be72a2129fecec'),(724,'NJ STOP M J17','Bouchon M Jic 1 1/16',1,0,'1000000140583','2022-01-09 11:15:16','2022-01-09 11:15:16',0,12,'64be72a2129fecec'),(725,'NJ STOP M J19','Bouchon M Jic 1 3/16',1,0,'1000000140590','2022-01-09 11:15:16','2022-01-09 11:15:16',0,12,'64be72a2129fecec'),(726,'NJ STOP W J21','Bouchon M Jic 1 5/16',1,0,'1000000140606','2022-01-09 11:15:16','2022-01-09 11:15:16',0,12,'64be72a2129fecec'),(727,'NJ STOP M J08','Bouchon M Jic 1/2',1,0,'1000000140545','2022-01-09 11:15:16','2022-01-09 11:15:16',0,12,'64be72a2129fecec'),(728,'NJ STOP M J12','Bouchon M Jic 3/4',1,0,'1000000140569','2022-01-09 11:15:16','2022-01-09 11:15:16',0,12,'64be72a2129fecec'),(729,'NJ STOP W J07','Bouchon M Jic 7/16',1,0,'1000000140538','2022-01-09 11:15:16','2022-01-09 11:15:16',0,12,'64be72a2129fecec'),(730,'NJ STOP W J14','Bouchon M Jic 7/8',1,0,'1000000140576','2022-01-09 11:15:16','2022-01-09 11:15:16',0,12,'64be72a2129fecec'),(731,'NJ STOP W J09','Bouchon M Jic 9/16',1,0,'1000000140552','2022-01-09 11:15:16','2022-01-09 11:15:16',0,12,'64be72a2129fecec'),(732,'NJ STOP W J17','Bouchon VR Jic 1 1/16',1,0,'1000000140675','2022-01-09 11:15:16','2022-01-09 11:15:16',0,12,'64be72a2129fecec'),(733,'NJ STOP W J19','Bouchon VR Jic 1 3/16',1,0,'1000000140682','2022-01-09 11:15:16','2022-01-09 11:15:16',0,12,'64be72a2129fecec'),(734,'NJ STOP M J21','Bouchon VR Jic 1 5/16',1,0,'1000000140699','2022-01-09 11:15:16','2022-01-09 11:15:16',0,12,'64be72a2129fecec'),(735,'NJ STOP W J08','Bouchon VR Jic 1/2',1,0,'1000000140637','2022-01-09 11:15:16','2022-01-09 11:15:16',0,12,'64be72a2129fecec'),(736,'NJ STOP W J12','Bouchon VR Jic 3/4',1,0,'1000000140651','2022-01-09 11:15:16','2022-01-09 11:15:16',0,12,'64be72a2129fecec'),(737,'NJ STOP M J07','Bouchon VR Jic 7/16',1,0,'1000000140620','2022-01-09 11:15:16','2022-01-09 11:15:16',0,12,'64be72a2129fecec'),(738,'NJ STOP M J14','Bouchon VR Jic 7/8',1,0,'1000000140668','2022-01-09 11:15:16','2022-01-09 11:15:16',0,12,'64be72a2129fecec'),(739,'NJ STOP M J09','Bouchon VR Jic 9/16',1,0,'1000000140644','2022-01-09 11:15:16','2022-01-09 11:15:16',0,12,'64be72a2129fecec'),(740,'WA EWSD S16','Coude OR 16 S',1,0,'1000000157512','2022-01-09 11:15:16','2022-01-09 11:15:16',0,12,'64be72a2129fecec'),(741,'WA EWSD S20','Coude OR 20 S',1,0,'1000000157529','2022-01-09 11:15:16','2022-01-09 11:15:16',0,12,'64be72a2129fecec'),(742,'WA EWSD S25','Coude OR 25 S',1,0,'1000000175660','2022-01-09 11:15:16','2022-01-09 11:15:16',0,12,'64be72a2129fecec'),(743,'WA EWSD S30','Coude OR 30 S',1,0,'1000000195477','2022-01-09 11:15:16','2022-01-09 11:15:16',0,12,'64be72a2129fecec'),(744,'WA EWS L22','Coude SV  22L',1,0,'1000000223880','2022-01-09 11:15:16','2022-01-09 11:15:16',0,12,'64be72a2129fecec'),(745,'WA EWS L28','Coude SV  24L',1,0,'1000000223903','2022-01-09 11:15:16','2022-01-09 11:15:16',0,12,'64be72a2129fecec'),(746,'WA EWS L10','Coude SV 10L',1,0,'1000000223873','2022-01-09 11:15:16','2022-01-09 11:15:16',0,12,'64be72a2129fecec'),(747,'WA EWS L12','Coude SV 12L',1,0,'1000000206708','2022-01-09 11:15:16','2022-01-09 11:15:16',0,12,'64be72a2129fecec'),(748,'WA EWS L15','Coude SV 15L',1,0,'1000000206715','2022-01-09 11:15:16','2022-01-09 11:15:16',0,12,'64be72a2129fecec'),(749,'WA EWS L18','Coude SV 18L',1,0,'1000000223897','2022-01-09 11:15:16','2022-01-09 11:15:16',0,12,'64be72a2129fecec'),(750,'WA EWS L06','Coude SV 6L',1,0,'1000000262421','2022-01-09 11:15:16','2022-01-09 11:15:16',0,12,'64be72a2129fecec'),(751,'WA EWS L08','Coude SV 8L',1,0,'1000000178647','2022-01-09 11:15:16','2022-01-09 11:15:16',0,12,'64be72a2129fecec'),(752,'PKH LK D10','Manchon HD1/HD2 DN 10',1,0,'1000000215083','2022-01-09 11:15:16','2022-01-09 11:15:16',0,12,'64be72a2129fecec'),(753,'PKH LK D13','Manchon HD1/HD2 DN 13',1,0,'1000000215090','2022-01-09 11:15:16','2022-01-09 11:15:16',0,12,'64be72a2129fecec'),(754,'PKH LK D16','Manchon HD1/HD2 DN 16',1,0,'1000000429503','2022-01-09 11:15:16','2022-01-09 11:15:16',0,12,'64be72a2129fecec'),(755,'PKH LK D19','Manchon HD1/HD2 DN 19',1,0,'1000000429510','2022-01-09 11:15:16','2022-01-09 11:15:16',0,12,'64be72a2129fecec'),(756,'PKH LK D25','Manchon HD1/HD2 DN 25',1,0,'1000000429527','2022-01-09 11:15:16','2022-01-09 11:15:16',0,12,'64be72a2129fecec'),(757,'PKH LK D06','Manchon HD1/HD2 DN 6',1,0,'1000000429480','2022-01-09 11:15:16','2022-01-09 11:15:16',0,12,'64be72a2129fecec'),(758,'PKH LK D08','Manchon HD1/HD2 DN 8',1,0,'1000000429497','2022-01-09 11:15:16','2022-01-09 11:15:16',0,12,'64be72a2129fecec'),(759,'NBJ M-M RG16-J21','Nipple 1 -Jic 1  5/16',1,0,'1000000141047','2022-01-09 11:15:16','2022-01-09 11:15:16',0,12,'64be72a2129fecec'),(760,'NBJ M-M RG08-J14','Nipple 1/2 - Jic 7/8',1,0,'1000000140989','2022-01-09 11:15:17','2022-01-09 11:15:17',0,12,'64be72a2129fecec'),(761,'NBJ M-M RG04-J07','Nipple 1/4 - Jic 7/16',1,0,'1000000140873','2022-01-09 11:15:17','2022-01-09 11:15:17',0,12,'64be72a2129fecec'),(762,'NBJ M-M RG04-J09','Nipple 1/4 - Jic 9/16',1,0,'1000000140910','2022-01-09 11:15:17','2022-01-09 11:15:17',0,12,'64be72a2129fecec'),(763,'NBJ M-M RG02-J08','Nipple 1/8 - Jic 1/2',1,0,'1000000185782','2022-01-09 11:15:17','2022-01-09 11:15:17',0,12,'64be72a2129fecec'),(764,'NBJ M-M RG02-J07','Nipple 1/8 - Jic 7/16',1,0,'1000000187427','2022-01-09 11:15:17','2022-01-09 11:15:17',0,12,'64be72a2129fecec'),(765,'NBJ M-M RG12-J17','Nipple 3/4 - Jic 1/16',1,0,'1000000141016','2022-01-09 11:15:17','2022-01-09 11:15:17',0,12,'64be72a2129fecec'),(766,'NBJ M-M RG12-J21','Nipple 3/4 - Jic 5/16',1,0,'1000000141030','2022-01-09 11:15:17','2022-01-09 11:15:17',0,12,'64be72a2129fecec'),(767,'NBJ M-M RG12-J14','Nipple 3/4 - Jic 7/8',1,0,'1000000140996','2022-01-09 11:15:17','2022-01-09 11:15:17',0,12,'64be72a2129fecec'),(768,'NBJ M-M RG06-J08','Nipple 3/8 - Jic 1/2',1,0,'1000000140903','2022-01-09 11:15:17','2022-01-09 11:15:17',0,12,'64be72a2129fecec'),(769,'NBJ M-M RG06-J12','Nipple 3/8 - Jic 3/4',1,0,'1000000140958','2022-01-09 11:15:17','2022-01-09 11:15:17',0,12,'64be72a2129fecec'),(770,'NBJ90 MI-M RH16-J21','Nipple 90  M O BSPH 1\'\' Jic 1\'\' 5/16',1,0,'1000000185553','2022-01-09 11:15:17','2022-01-09 11:15:17',0,12,'64be72a2129fecec'),(771,'NBJ90 MI-M RH08-J12','Nipple 90  M O BSPH 1/2 Jic 3/4',1,0,'1000000141856','2022-01-09 11:15:17','2022-01-09 11:15:17',0,12,'64be72a2129fecec'),(772,'NBJ90 MI-M RH08-J14','Nipple 90  M O BSPH 1/2 Jic 7/8',1,0,'1000000141870','2022-01-09 11:15:17','2022-01-09 11:15:17',0,12,'64be72a2129fecec'),(773,'NBJ90 MI-M RH08-J09','Nipple 90  M O BSPH 1/2 Jic 9/16',1,0,'1000000141832','2022-01-09 11:15:17','2022-01-09 11:15:17',0,12,'64be72a2129fecec'),(774,'NBJ90 MI-M RH04-J08','Nipple 90  M O BSPH 1/4 Jic 1/2',1,0,'1000000141801','2022-01-09 11:15:17','2022-01-09 11:15:17',0,12,'64be72a2129fecec'),(775,'NBJ90 MI-M RH12-J17','Nipple 90  M O BSPH 3/4 Jic 1 1/16',1,0,'1000000141900','2022-01-09 11:15:17','2022-01-09 11:15:17',0,12,'64be72a2129fecec'),(776,'NBJ90 MI-M RH12-J14','Nipple 90  M O BSPH 3/4 Jic 7/8',1,0,'1000000141887','2022-01-09 11:15:17','2022-01-09 11:15:17',0,12,'64be72a2129fecec'),(777,'NBJ90 MI-M RH06-J12','Nipple 90  M O BSPH 3/8 Jic 3/4',1,0,'1000000141849','2022-01-09 11:15:17','2022-01-09 11:15:17',0,12,'64be72a2129fecec'),(778,'NBJ90 MI-M RH06-J09','Nipple 90  M O BSPH 3/8 Jic 9/16',1,0,'1000000141825','2022-01-09 11:15:17','2022-01-09 11:15:17',0,12,'64be72a2129fecec'),(779,'NBJ90 MI-M RH04-J07','Nipple 90  M O M BSPH 1/4 Jic 7/16 ',1,0,'1000000141795','2022-01-09 11:15:17','2022-01-09 11:15:17',0,12,'64be72a2129fecec'),(780,'NBJ90 MI-M RH04-J09','Nipple 90  M O M BSPH 1/4 Jic 9/16 ',1,0,'1000000141818','2022-01-09 11:15:17','2022-01-09 11:15:17',0,12,'64be72a2129fecec'),(781,'NBJ90 MI-M RH12-J21','Nipple 90  M O M BSPH 3/4 Jic 1\'\' 5/16 ',1,0,'1000000170474','2022-01-09 11:15:17','2022-01-09 11:15:17',0,12,'64be72a2129fecec'),(782,'NJJ90 M-W J17-J17','Nipple 90  M W Jic 1 1/16 Jic 1 1/16',1,0,'1000000141689','2022-01-09 11:15:17','2022-01-09 11:15:17',0,12,'64be72a2129fecec'),(783,'NJJ90 M-W J19-J19','Nipple 90  M W Jic 1 3/16 Jic 1 3/16',1,0,'1000000168570','2022-01-09 11:15:17','2022-01-09 11:15:17',0,12,'64be72a2129fecec'),(784,'NJJ90 M-W J21-J21','Nipple 90  M W Jic 1 5/16 Jic 1 5/16',1,0,'1000000141696','2022-01-09 11:15:17','2022-01-09 11:15:17',0,12,'64be72a2129fecec'),(785,'NJJ90 M-W J08-J08','Nipple 90  M W Jic 1/2 Jic 1/2',1,0,'1000000141641','2022-01-09 11:15:17','2022-01-09 11:15:17',0,12,'64be72a2129fecec'),(786,'NJJ90 M-W J12-J12','Nipple 90  M W Jic 3/4 Jic 3/4',1,0,'1000000141665','2022-01-09 11:15:17','2022-01-09 11:15:17',0,12,'64be72a2129fecec'),(787,'NJJ90 M-W J07-J07','Nipple 90  M W Jic 7/16 Jic 7/16',1,0,'1000000141634','2022-01-09 11:15:17','2022-01-09 11:15:17',0,12,'64be72a2129fecec'),(788,'NJJ90 M-W J14-J14','Nipple 90  M W Jic 7/8 Jic 7/8',1,0,'1000000141672','2022-01-09 11:15:17','2022-01-09 11:15:17',0,12,'64be72a2129fecec'),(789,'NJJ90 M-W J09-J09','Nipple 90  M W Jic 9/16 Jic 9/16',1,0,'1000000141658','2022-01-09 11:15:17','2022-01-09 11:15:17',0,12,'64be72a2129fecec'),(790,'NBJ M-M RG08-J09','Nipple  vis M M BSPG 1/2 Jic 9/16',1,0,'1000000140934','2022-01-09 11:15:17','2022-01-09 11:15:17',0,12,'64be72a2129fecec'),(791,'NBJ M-M RG12-J12','Nipple  vis M M BSPG 3/4 Jic 3/4',1,0,'1000000140965','2022-01-09 11:15:17','2022-01-09 11:15:17',0,12,'64be72a2129fecec'),(792,'NBJ M-M RG06-J14','Nipple  vis M M BSPG 3/8 Jic 7/8',1,0,'1000000140972','2022-01-09 11:15:17','2022-01-09 11:15:17',0,12,'64be72a2129fecec'),(793,'NBJ M-M RG06-J09','Nipple  vis M M BSPG 3/8 Jic 9/16',1,0,'1000000140927','2022-01-09 11:15:17','2022-01-09 11:15:17',0,12,'64be72a2129fecec'),(794,'NBB M-M R16-R16','Nipple M BSP 1 BSP 1',1,0,'1000000131994','2022-01-09 11:15:17','2022-01-09 11:15:17',0,12,'64be72a2129fecec'),(795,'NBB M-M R16-R08','Nipple M BSP 1 BSP 1/2',1,0,'1000000129816','2022-01-09 11:15:17','2022-01-09 11:15:17',0,12,'64be72a2129fecec'),(796,'NBB M-M R16-R12','Nipple M BSP 1 BSP 3/4',1,0,'1000000130874','2022-01-09 11:15:17','2022-01-09 11:15:17',0,12,'64be72a2129fecec'),(797,'NBB M-M R08-R08','Nipple M BSP 1/2 BSP 1/2',1,0,'1000000129779','2022-01-09 11:15:17','2022-01-09 11:15:17',0,12,'64be72a2129fecec'),(798,'NBB M-M R08-R04','Nipple M BSP 1/2 BSP 1/4',1,0,'1000000129250','2022-01-09 11:15:17','2022-01-09 11:15:17',0,12,'64be72a2129fecec'),(799,'NBB M-M R08-R06','Nipple M BSP 1/2 BSP 3/8',1,0,'1000000129601','2022-01-09 11:15:17','2022-01-09 11:15:17',0,12,'64be72a2129fecec'),(800,'NBB M-M R04-R04','Nipple M BSP 1/4 BSP 1/4',1,0,'1000000129212','2022-01-09 11:15:17','2022-01-09 11:15:17',0,12,'64be72a2129fecec'),(801,'NBB M-M R04-R02','Nipple M BSP 1/4 BSP 1/8',1,0,'1000000129014','2022-01-09 11:15:17','2022-01-09 11:15:17',0,12,'64be72a2129fecec'),(802,'NBB M-M R02-R02','Nipple M BSP 1/8 BSP 1/8',1,0,'1000000129007','2022-01-09 11:15:17','2022-01-09 11:15:17',0,12,'64be72a2129fecec'),(803,'NBB M-M R12-R08','Nipple M BSP 3/4 BSP 1/2',1,0,'1000000129809','2022-01-09 11:15:17','2022-01-09 11:15:17',0,12,'64be72a2129fecec'),(804,'NBB M-M R12-R12','Nipple M BSP 3/4 BSP 3/4',1,0,'1000000130850','2022-01-09 11:15:17','2022-01-09 11:15:17',0,12,'64be72a2129fecec'),(805,'NBB M-M R06-R04','Nipple M BSP 3/8 BSP 1/4',1,0,'1000000129243','2022-01-09 11:15:17','2022-01-09 11:15:17',0,12,'64be72a2129fecec'),(806,'NBB M-M R06-R06','Nipple M BSP 3/8 BSP 3/8',1,0,'1000000129571','2022-01-09 11:15:17','2022-01-09 11:15:17',0,12,'64be72a2129fecec'),(807,'NBJ M-M RG08-J12','Nippole 1/2 - Jic 3/4',1,0,'1000000235357','2022-01-09 11:15:17','2022-01-09 11:15:17',0,12,'64be72a2129fecec'),(808,'WB GES L10-R06','Raccord 10L 3/8',1,0,'1000000157574','2022-01-09 11:15:17','2022-01-09 11:15:17',0,12,'64be72a2129fecec'),(809,'PKKM L10-D06','Raccord 10L DN 6',1,0,'1000000145748','2022-01-09 11:15:17','2022-01-09 11:15:17',0,12,'64be72a2129fecec'),(810,'PKKM L10-D08','Raccord 10L DN 8',1,0,'1000000145588','2022-01-09 11:15:17','2022-01-09 11:15:17',0,12,'64be72a2129fecec'),(811,'WB GES L10-R08','Raccord 10L R1/2',1,0,'1000000157567','2022-01-09 11:15:17','2022-01-09 11:15:17',0,12,'64be72a2129fecec'),(812,'WB GES L10-R04','Raccord 10L R1/4',1,0,'1000000157550','2022-01-09 11:15:17','2022-01-09 11:15:17',0,12,'64be72a2129fecec'),(813,'PKKM L12-D10','Raccord 12L DN 10',1,0,'1000000145595','2022-01-09 11:15:17','2022-01-09 11:15:17',0,12,'64be72a2129fecec'),(814,'PKKM L12-D06','Raccord 12L DN 6',1,0,'1000000183771','2022-01-09 11:15:17','2022-01-09 11:15:17',0,12,'64be72a2129fecec'),(815,'PKKM L12-D08','Raccord 12L DN 8',1,0,'1000000145755','2022-01-09 11:15:17','2022-01-09 11:15:17',0,12,'64be72a2129fecec'),(816,'WB GES L12-R08','Raccord 12L R1/2',1,0,'1000000157628','2022-01-09 11:15:17','2022-01-09 11:15:17',0,12,'64be72a2129fecec'),(817,'WB GES L12-R04','Raccord 12L R1/4',1,0,'1000000157635','2022-01-09 11:15:17','2022-01-09 11:15:17',0,12,'64be72a2129fecec'),(818,'WB GES L12-R06','Raccord 12L R3/8',1,0,'1000000157611','2022-01-09 11:15:17','2022-01-09 11:15:17',0,12,'64be72a2129fecec'),(819,'PKKM L15-D10','Raccord 15L DN 10',1,0,'1000000178852','2022-01-09 11:15:17','2022-01-09 11:15:17',0,12,'64be72a2129fecec'),(820,'PKKM L15-D13','Raccord 15L DN 13',1,0,'1000000145601','2022-01-09 11:15:17','2022-01-09 11:15:17',0,12,'64be72a2129fecec'),(821,'WB GES L15-R06','Raccord 15L R 3/8',1,0,'1000000157703','2022-01-09 11:15:17','2022-01-09 11:15:17',0,12,'64be72a2129fecec'),(822,'WB GES L15-R08','Raccord 15L R1/2',1,0,'1000000157680','2022-01-09 11:15:17','2022-01-09 11:15:17',0,12,'64be72a2129fecec'),(823,'PKKM S16-D13','Raccord 16S  DN',1,0,'1000000145496','2022-01-09 11:15:17','2022-01-09 11:15:17',0,12,'64be72a2129fecec'),(824,'WB GES S16-R08','Raccord 16S R1/2',1,0,'1000000164619','2022-01-09 11:15:17','2022-01-09 11:15:17',0,12,'64be72a2129fecec'),(825,'WB GES S16-R06','Raccord 16S R3/8',1,0,'1000000164626','2022-01-09 11:15:17','2022-01-09 11:15:17',0,12,'64be72a2129fecec'),(826,'PKKM L18-D16','Raccord 18L  DN',1,0,'1000000145618','2022-01-09 11:15:17','2022-01-09 11:15:17',0,12,'64be72a2129fecec'),(827,'WB GES L18-R08','Raccord 18L R1/2',1,0,'1000000157727','2022-01-09 11:15:17','2022-01-09 11:15:17',0,12,'64be72a2129fecec'),(828,'WB GES L18-R12','Raccord 18L R3/4',1,0,'1000000157734','2022-01-09 11:15:17','2022-01-09 11:15:17',0,12,'64be72a2129fecec'),(829,'WB GES S20-R08','Raccord 20S R1/2',1,0,'1000000164657','2022-01-09 11:15:17','2022-01-09 11:15:17',0,12,'64be72a2129fecec'),(830,'WB GES S20-R12','Raccord 20S R3/4',1,0,'1000000164640','2022-01-09 11:15:17','2022-01-09 11:15:17',0,12,'64be72a2129fecec'),(831,'PKKM L22-D19','Raccord 22L  DN',1,0,'1000000145625','2022-01-09 11:15:17','2022-01-09 11:15:17',0,12,'64be72a2129fecec'),(832,'WB GES L22-R08','Raccord 22L R1/2',1,0,'1000000157772','2022-01-09 11:15:18','2022-01-09 11:15:18',0,12,'64be72a2129fecec'),(833,'WB GES L22-R16','Raccord 22L R1/2',1,0,'1000000192476','2022-01-09 11:15:18','2022-01-09 11:15:18',0,12,'64be72a2129fecec'),(834,'WB GES L22-R12','Raccord 22L R3/4',1,0,'1000000157765','2022-01-09 11:15:18','2022-01-09 11:15:18',0,12,'64be72a2129fecec'),(835,'PKKM S25-D19','Raccord 25S  DN',1,0,'1000000145526','2022-01-09 11:15:18','2022-01-09 11:15:18',0,12,'64be72a2129fecec'),(836,'PKKM L28-D25','Raccord 28L  DN',1,0,'1000000145632','2022-01-09 11:15:18','2022-01-09 11:15:18',0,12,'64be72a2129fecec'),(837,'WB GES L28-R16','Raccord 28L R1',1,0,'1000000175707','2022-01-09 11:15:18','2022-01-09 11:15:18',0,12,'64be72a2129fecec'),(838,'PKKM S30-D25','Raccord 30S  DN',1,0,'1000000145540','2022-01-09 11:15:18','2022-01-09 11:15:18',0,12,'64be72a2129fecec'),(839,'WB GES S30-R16','Raccord 30S R1',1,0,'1000000217957','2022-01-09 11:15:18','2022-01-09 11:15:18',0,12,'64be72a2129fecec'),(840,'PKKW45 R08-D10','Raccord 45 1/2 DN10',1,0,'1000000154498','2022-01-09 11:15:18','2022-01-09 11:15:18',0,12,'64be72a2129fecec'),(841,'PKKW45 R08-D13','Raccord 45 1/2 DN13',1,0,'1000000154528','2022-01-09 11:15:18','2022-01-09 11:15:18',0,12,'64be72a2129fecec'),(842,'PKKW45 L10-D06','Raccord 45 10L DN 6',1,0,'1000000146813','2022-01-09 11:15:18','2022-01-09 11:15:18',0,12,'64be72a2129fecec'),(843,'PKKW45 L10-D08','Raccord 45 10L DN 8',1,0,'1000000146530','2022-01-09 11:15:18','2022-01-09 11:15:18',0,12,'64be72a2129fecec'),(844,'PKKW45 L12-D10','Raccord 45 12L DN 10',1,0,'1000000146554','2022-01-09 11:15:18','2022-01-09 11:15:18',0,12,'64be72a2129fecec'),(845,'PKKW45 L12-D06','Raccord 45 12L DN 6',1,0,'1000000371642','2022-01-09 11:15:18','2022-01-09 11:15:18',0,12,'64be72a2129fecec'),(846,'PKKW45 L12-D08','Raccord 45 12L DN 8',1,0,'1000000175011','2022-01-09 11:15:18','2022-01-09 11:15:18',0,12,'64be72a2129fecec'),(847,'PKKW45 L15-D10','Raccord 45 15L DN 10',1,0,'1000000194432','2022-01-09 11:15:18','2022-01-09 11:15:18',0,12,'64be72a2129fecec'),(848,'PKKW45 L15-D13','Raccord 45 15L DN 13',1,0,'1000000146585','2022-01-09 11:15:18','2022-01-09 11:15:18',0,12,'64be72a2129fecec'),(849,'PKKW45 S16-D13','Raccord 45 16S  DN',1,0,'1000000146394','2022-01-09 11:15:18','2022-01-09 11:15:18',0,12,'64be72a2129fecec'),(850,'PKKW45 L18-D16','Raccord 45 18L  DN',1,0,'1000000193718','2022-01-09 11:15:18','2022-01-09 11:15:18',0,12,'64be72a2129fecec'),(851,'PKKW45 L18-D13','Raccord 45 18L  DN',1,0,'1000000244908','2022-01-09 11:15:18','2022-01-09 11:15:18',0,12,'64be72a2129fecec'),(852,'PKKW45 S20-D16','Raccord 45 20S  DN',1,0,'1000000146417','2022-01-09 11:15:18','2022-01-09 11:15:18',0,12,'64be72a2129fecec'),(853,'PKKW45 L22-D19','Raccord 45 22L  DN',1,0,'1000000197525','2022-01-09 11:15:18','2022-01-09 11:15:18',0,12,'64be72a2129fecec'),(854,'PKKW45 S25-D19','Raccord 45 25S  DN',1,0,'1000000146448','2022-01-09 11:15:18','2022-01-09 11:15:18',0,12,'64be72a2129fecec'),(855,'PKKW45 L28-D25','Raccord 45 28L  DN',1,0,'1000000146646','2022-01-09 11:15:18','2022-01-09 11:15:18',0,12,'64be72a2129fecec'),(856,'PKKW45 S30-D25','Raccord 45 30S  DN',1,0,'1000000171013','2022-01-09 11:15:18','2022-01-09 11:15:18',0,12,'64be72a2129fecec'),(857,'PKKW45 L06-D06','Raccord 45 6L  DN',1,0,'1000000177787','2022-01-09 11:15:18','2022-01-09 11:15:18',0,12,'64be72a2129fecec'),(858,'PKKW45 L08-D06','Raccord 45 8L',1,0,'1000000146691','2022-01-09 11:15:18','2022-01-09 11:15:18',0,12,'64be72a2129fecec'),(859,'PKKW45 R04-D06','Raccord 45 BSP 1/4',1,0,'1000000154559','2022-01-09 11:15:18','2022-01-09 11:15:18',0,12,'64be72a2129fecec'),(860,'PKKW45 R06-D10','Raccord 45 BSP 3/8 DN10',1,0,'1000000154757','2022-01-09 11:15:18','2022-01-09 11:15:18',0,12,'64be72a2129fecec'),(861,'PKKW45 R06-D06','Raccord 45 BSP 3/8 DN6',1,0,'1000000177831','2022-01-09 11:15:18','2022-01-09 11:15:18',0,12,'64be72a2129fecec'),(862,'PKKW45 R06-D08','Raccord 45 BSP 3/8 DN8',1,0,'1000000154818','2022-01-09 11:15:18','2022-01-09 11:15:18',0,12,'64be72a2129fecec'),(863,'PKKW45 R16-D19','Raccord 45 BSP1 DN 19',1,0,'1000000289633','2022-01-09 11:15:18','2022-01-09 11:15:18',0,12,'64be72a2129fecec'),(864,'PKKW45 R16-D25','Raccord 45 BSP1 DN 25',1,0,'1000000154603','2022-01-09 11:15:18','2022-01-09 11:15:18',0,12,'64be72a2129fecec'),(865,'PKKW45 R12-D16','Raccord 45 BSP3/4 DB 16',1,0,'1000000154665','2022-01-09 11:15:18','2022-01-09 11:15:18',0,12,'64be72a2129fecec'),(866,'PKKW45 J17-D16','Raccord 45 Jic 1/16 DN 16',1,0,'1000000155075','2022-01-09 11:15:18','2022-01-09 11:15:18',0,12,'64be72a2129fecec'),(867,'PKKW45 J17-D19','Raccord 45 Jic 1/16 DN 19',1,0,'1000000155105','2022-01-09 11:15:18','2022-01-09 11:15:18',0,12,'64be72a2129fecec'),(868,'PKKW45 J08-D06','Raccord 45 Jic 1/2 DN 6',1,0,'1000000155150','2022-01-09 11:15:18','2022-01-09 11:15:18',0,12,'64be72a2129fecec'),(869,'PKKW45 J19-D19','Raccord 45 Jic 3/16 DN 19',1,0,'1000000188059','2022-01-09 11:15:18','2022-01-09 11:15:18',0,12,'64be72a2129fecec'),(870,'PKKW45 J21-D25','Raccord 45 Jic 3/16 DN 25',1,0,'1000000155235','2022-01-09 11:15:18','2022-01-09 11:15:18',0,12,'64be72a2129fecec'),(871,'PKKW45 J12-D10','Raccord 45 Jic 3/4 DN 10',1,0,'1000000155303','2022-01-09 11:15:18','2022-01-09 11:15:18',0,12,'64be72a2129fecec'),(872,'PKKW45 J12-D13','Raccord 45 Jic 3/4 DN 13',1,0,'1000000155334','2022-01-09 11:15:18','2022-01-09 11:15:18',0,12,'64be72a2129fecec'),(873,'PKKW45 J07-D06','Raccord 45 Jic 7/16 DN 6',1,0,'1000000171037','2022-01-09 11:15:18','2022-01-09 11:15:18',0,12,'64be72a2129fecec'),(874,'PKKW45 J14-D13','Raccord 45 Jic 7/8 DN 13',1,0,'1000000155402','2022-01-09 11:15:18','2022-01-09 11:15:18',0,12,'64be72a2129fecec'),(875,'PKKW45 J14-D16','Raccord 45 Jic 7/8 DN 16',1,0,'1000000155433','2022-01-09 11:15:18','2022-01-09 11:15:18',0,12,'64be72a2129fecec'),(876,'PKKW45 J09-D10','Raccord 45 Jic 9/16 DN 10',1,0,'1000000155464','2022-01-09 11:15:18','2022-01-09 11:15:18',0,12,'64be72a2129fecec'),(877,'PKKW45 J09-D06','Raccord 45 Jic 9/16 DN 6',1,0,'1000000155495','2022-01-09 11:15:18','2022-01-09 11:15:18',0,12,'64be72a2129fecec'),(878,'PKKW45 J09-D08','Raccord 45 Jic 9/16 DN 8',1,0,'1000000155525','2022-01-09 11:15:18','2022-01-09 11:15:18',0,12,'64be72a2129fecec'),(879,'PKJW45 J17-D16','Raccord 45 W Jic 1\'\'1/16 DN 16',1,0,'1000000658217','2022-01-09 11:15:18','2022-01-09 11:15:18',0,12,'64be72a2129fecec'),(880,'PKKM L06-D06','Raccord 6L DN 6',1,0,'1000000166460','2022-01-09 11:15:18','2022-01-09 11:15:18',0,12,'64be72a2129fecec'),(881,'WB GES L06-R06','Raccord 6L R 3/8',1,0,'1000000262254','2022-01-09 11:15:18','2022-01-09 11:15:18',0,12,'64be72a2129fecec'),(882,'WB GES L06-R04','Raccord 6L R1/4',1,0,'1000000177107','2022-01-09 11:15:18','2022-01-09 11:15:18',0,12,'64be72a2129fecec'),(883,'PKKM L08-D06','Raccord 8L DN 6',1,0,'1000000145663','2022-01-09 11:15:18','2022-01-09 11:15:18',0,12,'64be72a2129fecec'),(884,'WB GES L08-R08','Raccord 8L R1/2',1,0,'1000000164718','2022-01-09 11:15:18','2022-01-09 11:15:18',0,12,'64be72a2129fecec'),(885,'WB GES L08-R04','Raccord 8L R1/4',1,0,'1000000164701','2022-01-09 11:15:18','2022-01-09 11:15:18',0,12,'64be72a2129fecec'),(886,'WB GES L08-R06','Raccord 8L R3/8',1,0,'1000000157796','2022-01-09 11:15:18','2022-01-09 11:15:18',0,12,'64be72a2129fecec'),(887,'PKKW90 L10-D06','Raccord 90 10L DN 6',1,0,'1000000146820','2022-01-09 11:15:18','2022-01-09 11:15:18',0,12,'64be72a2129fecec'),(888,'PKKW90 L10-D08','Raccord 90 10L DN 8',1,0,'1000000168631','2022-01-09 11:15:18','2022-01-09 11:15:18',0,12,'64be72a2129fecec'),(889,'PKKW90 L12-D10','Raccord 90 12L DN 10',1,0,'1000000146561','2022-01-09 11:15:18','2022-01-09 11:15:18',0,12,'64be72a2129fecec'),(890,'PKKW90 L12-D06','Raccord 90 12L DN 6',1,0,'1000000371659','2022-01-09 11:15:18','2022-01-09 11:15:18',0,12,'64be72a2129fecec'),(891,'PKKW90 L12-D08','Raccord 90 12L DN 8',1,0,'1000000146844','2022-01-09 11:15:18','2022-01-09 11:15:18',0,12,'64be72a2129fecec'),(892,'PKKW90 L15-D10','Raccord 90 15L DN 10',1,0,'1000000192193','2022-01-09 11:15:18','2022-01-09 11:15:18',0,12,'64be72a2129fecec'),(893,'PKKW90 L15-D13','Raccord 90 15L DN 13',1,0,'1000000146592','2022-01-09 11:15:18','2022-01-09 11:15:18',0,12,'64be72a2129fecec'),(894,'PKKW90 S16-D13','Raccord 90 16S  DN',1,0,'1000000146400','2022-01-09 11:15:18','2022-01-09 11:15:18',0,12,'64be72a2129fecec'),(895,'PKKW90 L18-D16','Raccord 90 18L  DN',1,0,'1000000146615','2022-01-09 11:15:18','2022-01-09 11:15:18',0,12,'64be72a2129fecec'),(896,'PKKW90 L18-D13','Raccord 90 18L  DN',1,0,'1000000244915','2022-01-09 11:15:18','2022-01-09 11:15:18',0,12,'64be72a2129fecec'),(897,'PKKW90 S20-D16','Raccord 90 20S  DN',1,0,'1000000146424','2022-01-09 11:15:18','2022-01-09 11:15:18',0,12,'64be72a2129fecec'),(898,'PKKW90 L22-D19','Raccord 90 22L  DN',1,0,'1000000146639','2022-01-09 11:15:18','2022-01-09 11:15:18',0,12,'64be72a2129fecec'),(899,'PKKW90 L28-D25','Raccord 90 28L  DN',1,0,'1000000146516','2022-01-09 11:15:18','2022-01-09 11:15:18',0,12,'64be72a2129fecec'),(900,'PKKW90 S30-D25','Raccord 90 30S  DN',1,0,'1000000146486','2022-01-09 11:15:18','2022-01-09 11:15:18',0,12,'64be72a2129fecec'),(901,'PKKW90 L06-D06','Raccord 90 6L  DN',1,0,'1000000177794','2022-01-09 11:15:18','2022-01-09 11:15:18',0,12,'64be72a2129fecec'),(902,'PKKW90 L08-D06','Raccord 90 8L  DN',1,0,'1000000146707','2022-01-09 11:15:18','2022-01-09 11:15:18',0,12,'64be72a2129fecec'),(903,'PKKW90 R08-D10','Raccord 90 BSP 1/2 DN 10',1,0,'1000000154504','2022-01-09 11:15:18','2022-01-09 11:15:18',0,12,'64be72a2129fecec'),(904,'PKKW90 R08-D13','Raccord 90 BSP 1/2 DN 13',1,0,'1000000154535','2022-01-09 11:15:18','2022-01-09 11:15:18',0,12,'64be72a2129fecec'),(905,'PKKW90 R04-D06','Raccord 90 BSP 1/4',1,0,'1000000154566','2022-01-09 11:15:18','2022-01-09 11:15:18',0,12,'64be72a2129fecec'),(906,'PKKW90 R06-D10','Raccord 90 BSP 3/8 DN10',1,0,'1000000154764','2022-01-09 11:15:18','2022-01-09 11:15:18',0,12,'64be72a2129fecec'),(907,'PKKW90 R06-D06','Raccord 90 BSP 3/8 DN6',1,0,'1000000154795','2022-01-09 11:15:18','2022-01-09 11:15:18',0,12,'64be72a2129fecec'),(908,'PKKW90 R06-D08','Raccord 90 BSP 3/8 DN8',1,0,'1000000154825','2022-01-09 11:15:18','2022-01-09 11:15:18',0,12,'64be72a2129fecec'),(909,'PKKW90 R16-D25','Raccord 90 BSP1 DN 25',1,0,'1000000154627','2022-01-09 11:15:18','2022-01-09 11:15:18',0,12,'64be72a2129fecec'),(910,'PKKW90 R12-D16','Raccord 90 BSP3/4 DB 16',1,0,'1000000154672','2022-01-09 11:15:18','2022-01-09 11:15:18',0,12,'64be72a2129fecec'),(911,'PKKW90 J17-D16','Raccord 90 Jic 1/16 DN 16',1,0,'1000000155082','2022-01-09 11:15:18','2022-01-09 11:15:18',0,12,'64be72a2129fecec'),(912,'PKKW90 J17-D19','Raccord 90 Jic 1/16 DN 19',1,0,'1000000155112','2022-01-09 11:15:18','2022-01-09 11:15:18',0,12,'64be72a2129fecec'),(913,'PKKW90 J08-D06','Raccord 90 Jic 1/2 DN 6',1,0,'1000000155167','2022-01-09 11:15:18','2022-01-09 11:15:18',0,12,'64be72a2129fecec'),(914,'PKKW90 J19-D19','Raccord 90 Jic 3/16 DN 19',1,0,'1000000155204','2022-01-09 11:15:18','2022-01-09 11:15:18',0,12,'64be72a2129fecec'),(915,'PKKW90 J21-D25','Raccord 90 Jic 3/16 DN 25',1,0,'1000000155242','2022-01-09 11:15:18','2022-01-09 11:15:18',0,12,'64be72a2129fecec'),(916,'PKKW90 J12-D10','Raccord 90 Jic 3/4 DN 10',1,0,'1000000155310','2022-01-09 11:15:18','2022-01-09 11:15:18',0,12,'64be72a2129fecec'),(917,'PKKW90 J12-D13','Raccord 90 Jic 3/4 DN 13',1,0,'1000000155341','2022-01-09 11:15:18','2022-01-09 11:15:18',0,12,'64be72a2129fecec'),(918,'PKKW90 J21-D19','Raccord 90 Jic 5/16 DN 19',1,0,'1000000175066','2022-01-09 11:15:18','2022-01-09 11:15:18',0,12,'64be72a2129fecec'),(919,'PKKW90 J07-D06','Raccord 90 Jic 7/16 DN 6',1,0,'1000000155365','2022-01-09 11:15:18','2022-01-09 11:15:18',0,12,'64be72a2129fecec'),(920,'PKKW90 J14-D13','Raccord 90 Jic 7/8 DN 13',1,0,'1000000155419','2022-01-09 11:15:18','2022-01-09 11:15:18',0,12,'64be72a2129fecec'),(921,'PKKW90 J14-D16','Raccord 90 Jic 7/8 DN 16',1,0,'1000000155440','2022-01-09 11:15:18','2022-01-09 11:15:18',0,12,'64be72a2129fecec'),(922,'PKKW90 J09-D10','Raccord 90 Jic 9/16 DN 10',1,0,'1000000155471','2022-01-09 11:15:18','2022-01-09 11:15:18',0,12,'64be72a2129fecec'),(923,'PKKW90 J09-D06','Raccord 90 Jic 9/16 DN 6',1,0,'1000000155501','2022-01-09 11:15:18','2022-01-09 11:15:18',0,12,'64be72a2129fecec'),(924,'PKKW90 J09-D08','Raccord 90 Jic 9/16 DN 8',1,0,'1000000155532','2022-01-09 11:15:18','2022-01-09 11:15:18',0,12,'64be72a2129fecec'),(925,'PKJW00 J17-D16','Raccord 90 W Jic 1\'\'1/16 DN 16',1,0,'1000000658255','2022-01-09 11:15:18','2022-01-09 11:15:18',0,12,'64be72a2129fecec'),(926,'PKKW00 R16-D25','Raccord BSP 1 DN 25',1,0,'1000000154597','2022-01-09 11:15:18','2022-01-09 11:15:18',0,12,'64be72a2129fecec'),(927,'PKKW00 R08-D10','Raccord BSP 1/2 DN 10',1,0,'1000000154481','2022-01-09 11:15:18','2022-01-09 11:15:18',0,12,'64be72a2129fecec'),(928,'PKKM R08-D10','Raccord BSP 1/2 DN 10',1,0,'1000000149296','2022-01-09 11:15:18','2022-01-09 11:15:18',0,12,'64be72a2129fecec'),(929,'PKKW00 R08-D13','Raccord BSP 1/2 DN 13',1,0,'1000000154511','2022-01-09 11:15:19','2022-01-09 11:15:19',0,12,'64be72a2129fecec'),(930,'PKKM R08-D13','Raccord BSP 1/2 DN 13',1,0,'1000000149302','2022-01-09 11:15:19','2022-01-09 11:15:19',0,12,'64be72a2129fecec'),(931,'PKKW00 R04-D06','Raccord BSP 1/4 BN 6',1,0,'1000000154542','2022-01-09 11:15:19','2022-01-09 11:15:19',0,12,'64be72a2129fecec'),(932,'PKKM R04-D06','Raccord BSP 1/4 DN 6',1,0,'1000000149326','2022-01-09 11:15:19','2022-01-09 11:15:19',0,12,'64be72a2129fecec'),(933,'PKKW00 R12-D16','Raccord BSP 3/4 DN 16',1,0,'1000000154658','2022-01-09 11:15:19','2022-01-09 11:15:19',0,12,'64be72a2129fecec'),(934,'PKKW00 R06-D10','Raccord BSP 3/8 DN 10',1,0,'1000000154740','2022-01-09 11:15:19','2022-01-09 11:15:19',0,12,'64be72a2129fecec'),(935,'PKKM R06-D10','Raccord BSP 3/8 DN 10',1,0,'1000000149395','2022-01-09 11:15:19','2022-01-09 11:15:19',0,12,'64be72a2129fecec'),(936,'PKKW00 R06-D06','Raccord BSP 3/8 DN 6',1,0,'1000000154788','2022-01-09 11:15:19','2022-01-09 11:15:19',0,12,'64be72a2129fecec'),(937,'PKKM R06-D06','Raccord BSP 3/8 DN 6',1,0,'1000000149401','2022-01-09 11:15:19','2022-01-09 11:15:19',0,12,'64be72a2129fecec'),(938,'PKKW00 R06-D08','Raccord BSP 3/8 DN 8',1,0,'1000000154801','2022-01-09 11:15:19','2022-01-09 11:15:19',0,12,'64be72a2129fecec'),(939,'PKKM R06-D08','Raccord BSP 3/8 DN 8',1,0,'1000000149418','2022-01-09 11:15:19','2022-01-09 11:15:19',0,12,'64be72a2129fecec'),(940,'PKKW90 R16-D19','Raccord BSP 90 DN 19',1,0,'1000000245202','2022-01-09 11:15:19','2022-01-09 11:15:19',0,12,'64be72a2129fecec'),(941,'PKKM R12-D16','Raccord BSP M 3/4 DN 16',1,0,'1000000149364','2022-01-09 11:15:19','2022-01-09 11:15:19',0,12,'64be72a2129fecec'),(942,'PKKM R12-D19','Raccord BSP M 3/4 DN 19',1,0,'1000000149371','2022-01-09 11:15:19','2022-01-09 11:15:19',0,12,'64be72a2129fecec'),(943,'PKKW00 R16-D19','Raccord BSP1 DN 19',1,0,'1000000371666','2022-01-09 11:15:19','2022-01-09 11:15:19',0,12,'64be72a2129fecec'),(944,'PKKM R16-D25','Raccord BSP1 DN 25',1,0,'1000000149340','2022-01-09 11:15:19','2022-01-09 11:15:19',0,12,'64be72a2129fecec'),(945,'PKKM R16-D19','Raccord M BSP 1 DN 19',1,0,'1000000179187','2022-01-09 11:15:19','2022-01-09 11:15:19',0,12,'64be72a2129fecec'),(946,'PKKM R08-D08','Raccord M BSP 1/2 DN 8',1,0,'1000000218787','2022-01-09 11:15:19','2022-01-09 11:15:19',0,12,'64be72a2129fecec'),(947,'PKKM J17-D16','Raccord M Recht Jic 1/16 DN 16',1,0,'1000000149821','2022-01-09 11:15:19','2022-01-09 11:15:19',0,12,'64be72a2129fecec'),(948,'PKKM J17-D19','Raccord M Recht Jic 1/16 DN 19',1,0,'1000000149838','2022-01-09 11:15:19','2022-01-09 11:15:19',0,12,'64be72a2129fecec'),(949,'PKKM J12-D10','Raccord M Recht Jic 1/2 DN 6',1,0,'1000000149845','2022-01-09 11:15:19','2022-01-09 11:15:19',0,12,'64be72a2129fecec'),(950,'PKKM J19-D19','Raccord M Recht Jic 3/16 DN 19',1,0,'1000000149869','2022-01-09 11:15:19','2022-01-09 11:15:19',0,12,'64be72a2129fecec'),(951,'PKKM J21-D25','Raccord M Recht Jic 3/16 DN 25',1,0,'1000000149883','2022-01-09 11:15:19','2022-01-09 11:15:19',0,12,'64be72a2129fecec'),(952,'PKKM J12-D13','Raccord M Recht Jic 3/4 DN 13',1,0,'1000000149906','2022-01-09 11:15:19','2022-01-09 11:15:19',0,12,'64be72a2129fecec'),(953,'PKKM J21-D19','Raccord M Recht Jic 5/16 DN 19',1,0,'1000000149876','2022-01-09 11:15:19','2022-01-09 11:15:19',0,12,'64be72a2129fecec'),(954,'PKKM J09-D10','Raccord M Recht Jic 7/16 DN 6',1,0,'1000000149913','2022-01-09 11:15:19','2022-01-09 11:15:19',0,12,'64be72a2129fecec'),(955,'PKKM J14-D13','Raccord M Recht Jic 7/8 DN 13',1,0,'1000000149937','2022-01-09 11:15:19','2022-01-09 11:15:19',0,12,'64be72a2129fecec'),(956,'PKKM J14-D16','Raccord M Recht Jic 7/8 DN 16',1,0,'1000000149944','2022-01-09 11:15:19','2022-01-09 11:15:19',0,12,'64be72a2129fecec'),(957,'PKKM J07-D06','Raccord M Recht Jic 9/16 DN 10',1,0,'1000000149951','2022-01-09 11:15:19','2022-01-09 11:15:19',0,12,'64be72a2129fecec'),(958,'PKKM J09-D06','Raccord M Recht Jic 9/16 DN 6',1,0,'1000000149968','2022-01-09 11:15:19','2022-01-09 11:15:19',0,12,'64be72a2129fecec'),(959,'PKKM J09-D08','Raccord M Recht Jic 9/16 DN 8',1,0,'1000000149975','2022-01-09 11:15:19','2022-01-09 11:15:19',0,12,'64be72a2129fecec'),(960,'QRC FFF10 R06 fh10 1 igf06','Raccord rapide F 3/8',1,0,'1000000172645','2022-01-09 11:15:19','2022-01-09 11:15:19',0,12,'64be72a2129fecec'),(961,'QRC FFM10 R06 fh10 2 igf06','Raccord rapide M 3/8',1,0,'1000000170764','2022-01-09 11:15:19','2022-01-09 11:15:19',0,12,'64be72a2129fecec'),(962,'PKKW00 L10-D06','Raccord Recht 10L DN 6',1,0,'1000000146806','2022-01-09 11:15:19','2022-01-09 11:15:19',0,12,'64be72a2129fecec'),(963,'PKKW00 L10-D08','Raccord Recht 10L DN 8',1,0,'1000000168624','2022-01-09 11:15:19','2022-01-09 11:15:19',0,12,'64be72a2129fecec'),(964,'PKKW00 L12-D10','Raccord Recht 12L DN 10',1,0,'1000000146547','2022-01-09 11:15:19','2022-01-09 11:15:19',0,12,'64be72a2129fecec'),(965,'PKKW00 L12-D06','Raccord Recht 12L DN 6',1,0,'1000000208238','2022-01-09 11:15:19','2022-01-09 11:15:19',0,12,'64be72a2129fecec'),(966,'PKKW00 L12-D08','Raccord Recht 12L DN 8',1,0,'1000000202977','2022-01-09 11:15:19','2022-01-09 11:15:19',0,12,'64be72a2129fecec'),(967,'PKKW00 L15-D10','Raccord Recht 15L DN 10',1,0,'1000000177893','2022-01-09 11:15:19','2022-01-09 11:15:19',0,12,'64be72a2129fecec'),(968,'PKKW00 L15-D13','Raccord Recht 15L DN 13',1,0,'1000000146578','2022-01-09 11:15:19','2022-01-09 11:15:19',0,12,'64be72a2129fecec'),(969,'PKKW00 S16-D13','Raccord RECHT 16S  DN',1,0,'1000000146387','2022-01-09 11:15:19','2022-01-09 11:15:19',0,12,'64be72a2129fecec'),(970,'PKKW00 L18-D16','Raccord RECHT 18L  DN',1,0,'1000000146608','2022-01-09 11:15:19','2022-01-09 11:15:19',0,12,'64be72a2129fecec'),(971,'PKKW00 L18-D13','Raccord RECHT 18L  DN',1,0,'1000000244861','2022-01-09 11:15:19','2022-01-09 11:15:19',0,12,'64be72a2129fecec'),(972,'PKKW00 S20-D16','Raccord RECHT 20S  DN',1,0,'1000000182019','2022-01-09 11:15:19','2022-01-09 11:15:19',0,12,'64be72a2129fecec'),(973,'PKKW00 L22-D19','Raccord RECHT 22L  DN',1,0,'1000000146622','2022-01-09 11:15:19','2022-01-09 11:15:19',0,12,'64be72a2129fecec'),(974,'PKKW00 S25-D19','Raccord RECHT 25S  DN',1,0,'1000000146431','2022-01-09 11:15:19','2022-01-09 11:15:19',0,12,'64be72a2129fecec'),(975,'PKKW00 L28-D25','Raccord RECHT 28L  DN',1,0,'1000000146509','2022-01-09 11:15:19','2022-01-09 11:15:19',0,12,'64be72a2129fecec'),(976,'PKKW00 S30-D25','Raccord RECHT 30S  DN',1,0,'1000000146479','2022-01-09 11:15:19','2022-01-09 11:15:19',0,12,'64be72a2129fecec'),(977,'PKKW00 L06-D06','Raccord Recht 6L BN 6',1,0,'1000000164275','2022-01-09 11:15:19','2022-01-09 11:15:19',0,12,'64be72a2129fecec'),(978,'PKKW00 L08-D06','Raccord Recht 8L DN 6',1,0,'1000000146684','2022-01-09 11:15:19','2022-01-09 11:15:19',0,12,'64be72a2129fecec'),(979,'PKJM J17-D16','Raccord Recht M Jic 1\'\'1/16 DN 16',1,0,'1000000658286','2022-01-09 11:15:19','2022-01-09 11:15:19',0,12,'64be72a2129fecec'),(980,'PKJW00 J14-D16','Raccord Recht W Jic 7/8 DN 16',1,0,'1000000658187','2022-01-09 11:15:19','2022-01-09 11:15:19',0,12,'64be72a2129fecec'),(981,'PKKW00 J17-D16','Raccord W Recht Jic 1/16 DN 16',1,0,'1000000155068','2022-01-09 11:15:19','2022-01-09 11:15:19',0,12,'64be72a2129fecec'),(982,'PKKW00 J17-D19','Raccord W Recht Jic 1/16 DN 19',1,0,'1000000155099','2022-01-09 11:15:19','2022-01-09 11:15:19',0,12,'64be72a2129fecec'),(983,'PKKW00 J08-D06','Raccord W Recht Jic 1/2 DN 6',1,0,'1000000155143','2022-01-09 11:15:19','2022-01-09 11:15:19',0,12,'64be72a2129fecec'),(984,'PKKW00 J19-D19','Raccord W Recht Jic 3/16 DN 19',1,0,'1000000155198','2022-01-09 11:15:19','2022-01-09 11:15:19',0,12,'64be72a2129fecec'),(985,'PKKW00 J21-D25','Raccord W Recht Jic 3/16 DN 25',1,0,'1000000155228','2022-01-09 11:15:19','2022-01-09 11:15:19',0,12,'64be72a2129fecec'),(986,'PKKW00 J12-D10','Raccord W Recht Jic 3/4 DN 10',1,0,'1000000155297','2022-01-09 11:15:19','2022-01-09 11:15:19',0,12,'64be72a2129fecec'),(987,'PKKW00 J12-D13','Raccord W Recht Jic 3/4 DN 13',1,0,'1000000155327','2022-01-09 11:15:19','2022-01-09 11:15:19',0,12,'64be72a2129fecec'),(988,'PKKW00 J21-D19','Raccord W Recht Jic 5/16 DN 19',1,0,'1000000155211','2022-01-09 11:15:19','2022-01-09 11:15:19',0,12,'64be72a2129fecec'),(989,'PKKW00 J07-D06','Raccord W Recht Jic 7/16 DN 6',1,0,'1000000155358','2022-01-09 11:15:19','2022-01-09 11:15:19',0,12,'64be72a2129fecec'),(990,'PKKW00 J14-D13','Raccord W Recht Jic 7/8 DN 13',1,0,'1000000155396','2022-01-09 11:15:19','2022-01-09 11:15:19',0,12,'64be72a2129fecec'),(991,'PKKW00 J14-D16','Raccord W Recht Jic 7/8 DN 16',1,0,'1000000155426','2022-01-09 11:15:19','2022-01-09 11:15:19',0,12,'64be72a2129fecec'),(992,'PKKW00 J09-D10','Raccord W Recht Jic 9/16 DN 10',1,0,'1000000155457','2022-01-09 11:15:19','2022-01-09 11:15:19',0,12,'64be72a2129fecec'),(993,'PKKW00 J09-D06','Raccord W Recht Jic 9/16 DN 6',1,0,'1000000155488','2022-01-09 11:15:19','2022-01-09 11:15:19',0,12,'64be72a2129fecec'),(994,'PKKW00 J09-D08','Raccord W Recht Jic 9/16 DN 8',1,0,'1000000155518','2022-01-09 11:15:19','2022-01-09 11:15:19',0,12,'64be72a2129fecec'),(995,'QRC FFM19 R16 fh19 2 igf16','Raccord rapide  FFM19 R16',1,0,'1000000270280','2022-01-13 15:34:10','2022-01-13 15:34:10',NULL,10,NULL),(996,'QRC FFM12R12 fh12 2 igf12','Raccord rapide FFM12 R12',1,0,'1000000176469','2022-01-13 15:34:56','2022-01-13 15:34:56',NULL,10,NULL),(997,'QRC FFM12 R08 fh12 2 igf08','Raccord rapide FFM12 R 08',1,0,'1000000233926','2022-01-13 15:35:46','2022-01-13 15:35:46',NULL,10,NULL),(998,'QRC FFM10 R08 fh10 2 IGF08','Raccord rapide FFM10 R08',1,0,'1000000171167','2022-01-13 15:38:07','2022-01-13 15:38:07',NULL,10,NULL),(999,'QRC FFF12R12 fh12 1 igf12','Raccord rapide FFF12 R12',1,0,'1000000176452','2022-01-13 15:40:40','2022-01-13 15:40:40',NULL,10,NULL),(1000,'QRC FFF12 R08 fh12 1 igf08','Raccord rapide FFF12 R08',1,0,'1000000233919','2022-01-13 15:41:32','2022-01-13 15:41:32',NULL,10,NULL),(1001,'QRC FFF10 R08 fh10 2 IGF08','Raccord rapide FFF10 R08',1,0,'1000000171426','2022-01-13 15:42:18','2022-01-13 15:42:18',NULL,10,NULL),(1002,'QRC FFF19R16 fh19 1 igf16','Raccord rapide FFF19 R16',1,0,'1000000270297','2022-01-13 15:46:45','2022-01-13 15:46:45',NULL,10,NULL),(1003,'ZDI251','ZDI251',1,0,'ZDI251','2022-01-12 19:42:49','2022-01-16 17:51:59',0,1,'72ef8522b246beff'),(1004,'ZDI265','ZDI265',1,0,'ZDI265','2022-01-12 19:42:49','2022-01-16 17:51:59',0,1,'72ef8522b246beff'),(1005,'IE165','PULLER FOR MOLEX FEMALE CONNECTOR',1,0,'IE165','2022-01-12 19:42:49','2022-01-16 17:51:59',0,1,'72ef8522b246beff'),(1006,'IE2030','CABLE ELECTRIQUE POUR DISTRIBUTEUR 6 ELEMENTS',1,0,'IE2030','2022-01-12 19:42:49','2022-01-16 17:51:59',0,1,'72ef8522b246beff'),(1007,'IE435U','DISPOSITIVO IOC UMTS',1,0,'IE435U','2022-01-12 19:42:49','2022-01-16 17:51:59',0,1,'72ef8522b246beff'),(1008,'5DS14-1/2R','Raccord Socaflex',1,0,'5DS14-1/2R','2022-01-21 11:31:38','2022-01-21 11:31:38',1,10,NULL),(1009,'DE2328','PLAQUETTE AUTO-REFRACTIVE',1,0,'DE2328','2022-01-28 16:49:34','2022-01-28 16:49:34',2,10,NULL),(1010,'IE2053','Cable LME',1,1,'IE2053','2022-03-02 14:50:07','2022-03-02 14:50:07',1,10,NULL),(1011,'IE2063','Cable pour drouleur  micro',1,0,'IE2063','2022-03-02 14:52:31','2022-03-02 14:52:31',1,10,NULL),(1012,'ZRC0106','Antenne Scanreco',1,1,'ZRC0106','2022-04-21 16:45:45','2022-04-21 16:45:45',1,10,NULL),(1013,'GSC385','SERIE DE JOINTS',1,0,'GSC385','2022-04-21 16:55:12','2022-07-29 16:45:30',1,10,NULL),(1014,'114849X','Boitier voyants cabine Marrel',1,1,'114849X','2022-05-09 14:10:43','2022-05-09 14:10:43',1,10,NULL),(1015,'IE652','relais 24 V',1,1,'IE652','2022-07-12 14:14:45','2022-07-12 14:14:45',3,10,NULL),(1016,'FX8800027','Kit cable',1,1,'FX8800027','2022-07-12 14:34:23','2022-07-12 14:34:23',1,10,NULL),(1017,'CA118','Poulie',1,0,'CA118','2022-07-12 14:35:18','2022-07-12 14:35:18',2,10,NULL),(1018,'VA185','Valve',1,0,'VA185','2022-07-27 11:33:59','2022-07-27 11:33:59',2,10,NULL),(1019,'ZDV0003','CDE DE SECOURS',1,0,'ZDV0003','2022-07-27 11:36:21','2022-07-27 11:36:21',1,10,NULL),(1020,'EV126','Bobine 26 V',1,1,'EV126','2022-07-27 11:45:54','2022-07-27 11:45:54',2,10,NULL),(1021,'RS954','RACCORD',1,0,'RS954','2022-07-27 12:50:46','2022-07-27 12:50:46',2,10,NULL),(1022,'RS946','RACCORD',1,0,'RS946','2022-07-27 12:53:23','2022-07-27 12:53:23',2,10,NULL),(1023,'NI947','NIPPLE',1,0,'NI947','2022-07-27 13:10:31','2022-07-27 13:10:31',2,10,NULL),(1024,'NI925','NIPPLE',1,0,'NI925','2022-07-27 13:12:45','2022-07-27 13:12:45',2,10,NULL),(1025,'NI921','NIPPLE',1,0,'NI921','2022-07-27 13:15:04','2022-07-27 13:15:04',2,10,NULL),(1026,'RV1029','RACCORD',1,0,'RV1029','2022-07-27 13:17:26','2022-07-27 13:17:26',2,10,NULL),(1027,'RV763','RACCORD',1,0,'RV763','2022-07-27 13:18:34','2022-07-27 13:18:34',2,10,NULL),(1028,'RV992','RACCORD',1,0,'RV992','2022-07-27 13:19:51','2022-07-27 13:19:51',2,10,NULL),(1029,'RG987','RACCORD PIVOTANT',1,0,'RG987','2022-07-27 13:22:32','2022-07-27 13:22:32',2,10,NULL),(1030,'VI721','VIS',1,0,'VI721','2022-07-27 13:57:14','2022-07-27 13:57:14',1,10,NULL),(1031,'990781','PRESSE TUYAU',1,0,'990781','2022-07-27 14:01:51','2022-07-27 14:01:51',2,10,NULL),(1032,'700376','PIVOT',1,0,'700376','2022-07-27 14:02:52','2022-07-27 14:02:52',2,10,NULL),(1033,'2200167','PIVOT',1,0,'2200167','2022-07-27 14:03:51','2022-07-27 14:03:51',2,10,NULL),(1034,'220167','PIVOT',1,0,'220167','2022-07-27 14:04:37','2022-07-27 14:04:37',2,10,NULL),(1035,'115628','PIVOT',1,0,'115628','2022-07-27 14:05:34','2022-07-27 14:05:34',2,10,NULL),(1036,'DA994','BAGUE AUTOBLOQUANTE',1,0,'DA994','2022-07-27 14:23:05','2022-07-27 14:23:05',2,10,NULL),(1037,'401009','ENTRETOISE',1,0,'401009','2022-07-27 14:27:22','2022-07-27 14:27:22',2,10,NULL),(1038,'148663','RONDELLE',1,0,'148663','2022-07-27 14:28:08','2022-07-27 14:28:08',2,10,NULL),(1039,'148662','DOUILLE',1,0,'148662','2022-07-27 15:17:37','2022-07-27 15:17:37',2,10,NULL),(1040,'551077S040','PATIN',1,0,'551077S040','2022-07-27 15:20:02','2022-07-27 15:20:02',2,10,NULL),(1041,'700332','PIVOT',1,0,'700332','2022-07-27 15:21:41','2022-07-27 15:21:41',2,10,NULL),(1042,'36114','BAGUE',1,0,'36114','2022-07-27 15:22:49','2022-07-27 15:22:49',2,10,NULL),(1043,'IN844','GRAISSEUR',1,0,'IN844','2022-07-27 15:33:54','2022-07-27 15:33:54',2,10,NULL),(1044,'PC102','HEURTOIR',1,0,'PC102','2022-07-27 15:36:54','2022-07-27 15:36:54',2,10,NULL),(1045,'PC100','HEURTOIR',1,0,'PC100','2022-07-27 15:37:39','2022-07-27 15:37:39',2,10,NULL),(1046,'2010540','KIT JOINTS DEMAC',1,0,'2010540','2022-07-27 16:23:08','2022-07-27 16:23:08',2,10,NULL),(1047,'135784','TIGE',1,0,'135784','2022-07-27 16:24:58','2022-07-27 16:24:58',2,10,NULL),(1048,'ZMT0018','SERIE DE JOINTS',1,0,'ZMT0018','2022-07-27 16:31:45','2022-07-27 16:31:45',2,10,NULL),(1049,'ZMT0009','SERIE DE JOINTS',1,0,'ZMT0009','2022-07-27 16:32:55','2022-07-27 16:32:55',2,10,NULL),(1050,'GSC202','SERIE DE JOINTS',1,0,'GSC202','2022-07-27 17:14:40','2022-07-27 17:14:40',2,10,NULL),(1051,'GSC373','SERIE DE JOINTS',1,0,'GSC373','2022-07-29 14:26:52','2022-07-29 14:26:52',2,10,NULL),(1052,'GSC318','SERIE DE JOINTS',1,0,'GSC318','2022-07-29 14:50:22','2022-07-29 14:50:22',2,10,NULL),(1053,'GSC320','SERIE DE JOINTS',1,0,'GSC320','2022-07-29 14:59:40','2022-07-29 14:59:40',2,10,NULL),(1054,'GSC325','SERIE DE JOINTS',1,0,'GSC325','2022-07-29 16:48:27','2022-07-29 16:48:27',2,10,NULL),(1055,'GSC399','SERIE DE JOINTS',1,0,'GSC399','2022-07-29 16:49:29','2022-07-29 16:49:29',2,10,NULL),(1056,'GSC355','SERIE DE JOINTS',1,0,'GSC355','2022-07-29 16:54:45','2022-07-29 16:54:45',2,10,NULL),(1057,'GSC348','SERIE DE JOINTS',1,0,'GSC348','2022-07-29 16:55:38','2022-07-29 16:55:38',2,10,NULL),(1058,'GSC360','SERIE DE JOINTS',1,0,'GSC360','2022-07-29 16:56:29','2022-07-29 16:56:29',2,10,NULL),(1059,'GSC749','SERIE DE JOINTS',1,0,'GSC749','2022-07-29 17:10:07','2022-07-29 17:10:07',2,10,NULL),(1060,'GSC748','SERIE DE JOINTS',1,0,'GSC748','2022-07-29 17:11:04','2022-07-29 17:11:04',2,10,NULL),(1061,'GSC276','SERIE DE JOINTS',1,0,'GSC276','2022-07-29 17:44:30','2022-07-29 17:44:30',2,10,NULL),(1062,'BZ140','COUSSINET',1,0,'BZ140','2022-08-02 15:28:09','2022-08-02 15:28:09',2,10,NULL),(1063,'230750050453','230750050453',1,0,'230750050453','2022-08-08 12:45:10','2022-08-08 12:45:10',1,10,NULL),(1064,'OR0110','Onderlooprol cpl Kennis dia100 Tekening: 101106RN-421',1,0,'OR0110','2022-08-21 12:18:29','2022-08-21 12:18:29',0,12,'bc3264129f8e5d89'),(1065,'OR0200','Onderlooprol afsluitplaat Tekening: 101106RN-412',1,0,'OR0200','2022-08-21 12:18:29','2022-08-21 12:18:29',0,12,'bc3264129f8e5d89'),(1066,'OR0231','Excenter Type T87',1,0,'OR0231','2022-08-21 12:18:29','2022-08-21 12:18:29',0,12,'bc3264129f8e5d89'),(1067,'KE80160129','Astap Kennis dia60-L82 Tekening: 18010133',1,0,'KE80160129','2022-08-21 12:18:29','2022-08-21 12:18:29',0,12,'bc3264129f8e5d89'),(1068,'OR2213','OLR bout T-87 Kennis L=80 Tekening: 101106RN-417',1,0,'OR2213','2022-08-21 12:18:29','2022-08-21 12:18:29',0,12,'bc3264129f8e5d89'),(1069,'OR2214','O.L.rol opsluitplaat Kennis Tekening: 20030236 rev: -',1,0,'OR2214','2022-08-21 12:18:29','2022-08-21 12:18:29',0,12,'bc3264129f8e5d89'),(1070,'BR0002','Bovenlooprol met lagers R11 t/m R24',1,0,'BR0002','2022-08-21 12:18:29','2022-08-21 12:18:29',0,12,'bc3264129f8e5d89'),(1071,'32602012','Moer KM 12',1,0,'32602012','2022-08-21 12:18:29','2022-08-21 12:18:29',0,12,'bc3264129f8e5d89'),(1072,'32602010','Moer KM 10',1,0,'32602010','2022-08-21 12:18:29','2022-08-21 12:18:29',0,12,'bc3264129f8e5d89'),(1073,'60299907','Lagerrol 8x16 bovenlooprolas',1,0,'60299907','2022-08-21 12:18:29','2022-08-21 12:18:29',0,12,'bc3264129f8e5d89'),(1074,'33601016','Moer M16x1,5 kl.8',1,0,'33601016','2022-08-21 12:18:29','2022-08-21 12:18:29',0,12,'bc3264129f8e5d89'),(1075,'BR0010','Bovenlooprol as kaal (Kennis)',1,0,'BR0010','2022-08-21 12:18:29','2022-08-21 12:18:29',0,12,'bc3264129f8e5d89'),(1076,'BR0011','Draadbus bovenloop as',1,0,'BR0011','2022-08-21 12:18:29','2022-08-21 12:18:29',0,12,'bc3264129f8e5d89'),(1077,'69704040','Giekrol hol D43/79 L79',1,0,'69704040','2022-08-21 12:18:29','2022-08-21 12:18:29',0,12,'bc3264129f8e5d89'),(1078,'69704450','Giekrol hol D46/88 L100',1,0,'69704450','2022-08-21 12:18:29','2022-08-21 12:18:29',0,12,'bc3264129f8e5d89'),(1079,'69704853','Giekrol hol D58/97 L106',1,0,'69704853','2022-08-21 12:18:29','2022-08-21 12:18:29',0,12,'bc3264129f8e5d89'),(1080,'69705762','Giekrol hol D114 L125 20.000',1,0,'69705762','2022-08-21 12:18:29','2022-08-21 12:18:29',0,12,'bc3264129f8e5d89'),(1081,'69724325','Giekrol hol 8.000R',1,0,'69724325','2022-08-21 12:18:29','2022-08-21 12:18:29',0,12,'bc3264129f8e5d89'),(1082,'69402621','Giekrolpen D26 L107',1,0,'69402621','2022-08-21 12:18:29','2022-08-21 12:18:29',0,12,'bc3264129f8e5d89'),(1083,'69402625','Giekrolpen D26 L127',1,0,'69402625','2022-08-21 12:18:29','2022-08-21 12:18:29',0,12,'bc3264129f8e5d89'),(1084,'69413029','Giekrolpen D30 L145',1,0,'69413029','2022-08-21 12:18:29','2022-08-21 12:18:29',0,12,'bc3264129f8e5d89'),(1085,'69413521','Giekrolpen D35 L171',1,0,'69413521','2022-08-21 12:18:29','2022-08-21 12:18:29',0,12,'bc3264129f8e5d89'),(1086,'69725950','Giekrol bol D118 L101',1,0,'69725950','2022-08-21 12:18:29','2022-08-21 12:18:29',0,12,'bc3264129f8e5d89'),(1087,'69413522','Giekrolpen bolle rol 20000',1,0,'69413522','2022-08-21 12:18:29','2022-08-21 12:18:29',0,12,'bc3264129f8e5d89'),(1088,'69725640','Giekrol bol D112 L79',1,0,'69725640','2022-08-21 12:18:29','2022-08-21 12:18:29',0,12,'bc3264129f8e5d89'),(1089,'69413021','Giekrolpen D30 L105',1,0,'69413021','2022-08-21 12:18:29','2022-08-21 12:18:29',0,12,'bc3264129f8e5d89'),(1090,'69724832','Giekrol bol D96 L64',1,0,'69724832','2022-08-21 12:18:29','2022-08-21 12:18:29',0,12,'bc3264129f8e5d89'),(1091,'69402617','Giekrolpen D26 L86',1,0,'69402617','2022-08-21 12:18:29','2022-08-21 12:18:29',0,12,'bc3264129f8e5d89'),(1092,'69725012','Giekrol bol D112 L44',1,0,'69725012','2022-08-21 12:18:29','2022-08-21 12:18:29',0,12,'bc3264129f8e5d89'),(1093,'69402619','Giekrolpen D26 L68',1,0,'69402619','2022-08-21 12:18:29','2022-08-21 12:18:29',0,12,'bc3264129f8e5d89'),(1094,'46910001','Afd. KS1 hfd.cil. 14/16 R',1,0,'46910001','2022-08-21 12:18:29','2022-08-21 12:18:29',0,12,'bc3264129f8e5d89'),(1095,'46910002','Afd. KS2 Knikcilinder 14',1,0,'46910002','2022-08-21 12:18:29','2022-08-21 12:18:29',0,12,'bc3264129f8e5d89'),(1096,'46910003','Afd.KS3 zwenkcilinder 11/14',1,0,'46910003','2022-08-21 12:18:29','2022-08-21 12:18:29',0,12,'bc3264129f8e5d89'),(1097,'46910035','Afd.KS35 uitschuifcilinder R14/R16',1,0,'46910035','2022-08-21 12:18:29','2022-08-21 12:18:29',0,12,'bc3264129f8e5d89'),(1098,'46910036','Afd.KS36 steunpootcil. 8 F',1,0,'46910036','2022-08-21 12:18:29','2022-08-21 12:18:29',0,12,'bc3264129f8e5d89'),(1099,'46910037','Afd.KS37 steunpootcil. 14-F',1,0,'46910037','2022-08-21 12:18:29','2022-08-21 12:18:29',0,12,'bc3264129f8e5d89'),(1100,'46910050','Afd. KS50 knikcilinder 20 -R/F',1,0,'46910050','2022-08-21 12:18:29','2022-08-21 12:18:29',0,12,'bc3264129f8e5d89'),(1101,'46910051','Afd.KS51 zwenkcilinder 20-R/F',1,0,'46910051','2022-08-21 12:18:29','2022-08-21 12:18:29',0,12,'bc3264129f8e5d89'),(1102,'46910052','Afd.KS52 uitsch.cil. 70x40 20R',1,0,'46910052','2022-08-21 12:18:29','2022-08-21 12:18:29',0,12,'bc3264129f8e5d89'),(1103,'46910059','Afd.KS59 uitsch.cil. 60x40 14R',1,0,'46910059','2022-08-21 12:18:29','2022-08-21 12:18:29',0,12,'bc3264129f8e5d89'),(1104,'46910062','Afd.KS62 uitsch.cil. 70x45 20R',1,0,'46910062','2022-08-21 12:18:29','2022-08-21 12:18:29',0,12,'bc3264129f8e5d89'),(1105,'46910063','Afd.KS63 Rotator Indexator GV6',1,0,'46910063','2022-08-21 12:18:29','2022-08-21 12:18:29',0,12,'bc3264129f8e5d89'),(1106,'46910070','Afd.KS70 zwenkcil.16 nieuw',1,0,'46910070','2022-08-21 12:18:29','2022-08-21 12:18:29',0,12,'bc3264129f8e5d89'),(1107,'46910077','Afd.set KS 77 D55 Schuifcil.20',1,0,'46910077','2022-08-21 12:18:29','2022-08-21 12:18:29',0,12,'bc3264129f8e5d89'),(1108,'46910078','Afd.set KS78 D50 Schuifcil.20',1,0,'46910078','2022-08-21 12:18:29','2022-08-21 12:18:29',0,12,'bc3264129f8e5d89'),(1109,'46910079','Afd. KS79 uitschuifcilinder R24/R30/R40',1,0,'46910079','2022-08-21 12:18:29','2022-08-21 12:18:29',0,12,'bc3264129f8e5d89'),(1110,'46910082','Afd.set KS82',1,0,'46910082','2022-08-21 12:18:29','2022-08-21 12:18:29',0,12,'bc3264129f8e5d89'),(1111,'46910083','Afd. set KS 83',1,0,'46910083','2022-08-21 12:18:29','2022-08-21 12:18:29',0,12,'bc3264129f8e5d89'),(1112,'46910089','Afd.set KS89 Hfdcil. R23-24-28',1,0,'46910089','2022-08-21 12:18:29','2022-08-21 12:18:29',0,12,'bc3264129f8e5d89'),(1113,'46910091','Afd.set KS91 KC R23 opvouwbaar',1,0,'46910091','2022-08-21 12:18:29','2022-08-21 12:18:29',0,12,'bc3264129f8e5d89'),(1114,'46910096','Afd.KS96 uitschuifcilinder dia50 R24/R30/R40',1,0,'46910096','2022-08-21 12:18:29','2022-08-21 12:18:29',0,12,'bc3264129f8e5d89'),(1115,'46910097','Afd.KS97 uitschuifcilinder R24/R30/R40',1,0,'46910097','2022-08-21 12:18:29','2022-08-21 12:18:29',0,12,'bc3264129f8e5d89'),(1116,'46910112','Afd.set KS 112',1,0,'46910112','2022-08-21 12:18:29','2022-08-21 12:18:29',0,12,'bc3264129f8e5d89'),(1117,'46910124','Dichtset KS124 joystick',1,0,'46910124','2022-08-21 12:18:29','2022-08-21 12:18:29',0,12,'bc3264129f8e5d89'),(1118,'46910142','Afd.set KS142 Comf. 3-voudig.',1,0,'46910142','2022-08-21 12:18:29','2022-08-21 12:18:29',0,12,'bc3264129f8e5d89'),(1119,'46910143','Afd.set KS143 Comf. 2-voudig.',1,0,'46910143','2022-08-21 12:18:29','2022-08-21 12:18:29',0,12,'bc3264129f8e5d89'),(1120,'46910145/1','Afd.KS145 uitschuifcilinder R24/R30',1,0,'46910145/1','2022-08-21 12:18:29','2022-08-21 12:18:29',0,12,'bc3264129f8e5d89'),(1121,'46910154','Afd.set KS 154',1,0,'46910154','2022-08-21 12:18:29','2022-08-21 12:18:29',0,12,'bc3264129f8e5d89'),(1122,'HA40065301','Motorolie filter Hatz',1,0,'HA40065301','2022-08-21 12:18:29','2022-08-21 12:18:29',0,12,'bc3264129f8e5d89'),(1123,'HA00952900','Hatz luchtfilter element',1,0,'HA00952900','2022-08-21 12:18:29','2022-08-21 12:18:29',0,12,'bc3264129f8e5d89'),(1124,'HA50251500','Brandstoffilter nieuw',1,0,'HA50251500','2022-08-21 12:18:29','2022-08-21 12:18:29',0,12,'bc3264129f8e5d89'),(1125,'HA50317000','Brandstof leiding filter Hatz',1,0,'HA50317000','2022-08-21 12:18:29','2022-08-21 12:18:29',0,12,'bc3264129f8e5d89'),(1126,'HA50203101','Poly V-riem 9PJ920',1,0,'HA50203101','2022-08-21 12:18:29','2022-08-21 12:18:29',0,12,'bc3264129f8e5d89'),(1127,'HA50141501','Poly-V-riem 9PJ910',1,0,'HA50141501','2022-08-21 12:18:29','2022-08-21 12:18:29',0,12,'bc3264129f8e5d89'),(1128,'HA50224900','Kleppendeksel pakking Hatz',1,0,'HA50224900','2022-08-21 12:18:29','2022-08-21 12:18:29',0,12,'bc3264129f8e5d89'),(1129,'HA50132300','Moer klepdeksel Hatz',1,0,'HA50132300','2022-08-21 12:18:29','2022-08-21 12:18:29',0,12,'bc3264129f8e5d89'),(1130,'HA00802400','Brandstof lekleiding',1,0,'HA00802400','2022-08-21 12:18:29','2022-08-21 12:18:29',0,12,'bc3264129f8e5d89'),(1131,'HA03836600','Brandstofleiding 3-cil.',1,0,'HA03836600','2022-08-21 12:18:29','2022-08-21 12:18:29',0,12,'bc3264129f8e5d89'),(1132,'HA00802200','Lekleiding',1,0,'HA00802200','2022-08-21 12:18:29','2022-08-21 12:18:29',0,12,'bc3264129f8e5d89'),(1133,'HA01991400','Retourleiding nieuw model 2cil',1,0,'HA01991400','2022-08-21 12:18:29','2022-08-21 12:18:29',0,12,'bc3264129f8e5d89'),(1134,'HA50421100','Kontaktslot Hatz',1,0,'HA50421100','2022-08-21 12:18:29','2022-08-21 12:18:29',0,12,'bc3264129f8e5d89'),(1135,'HA00749301','Klepdeksel Hatz',1,0,'HA00749301','2022-08-21 12:18:29','2022-08-21 12:18:29',0,12,'bc3264129f8e5d89'),(1136,'MR755512','Motor rubber 7555',1,0,'MR755512','2022-08-21 12:18:29','2022-08-21 12:18:29',0,12,'bc3264129f8e5d89'),(1137,'HA50504200','Dynamo ISKRA 14V 16amp.',1,0,'HA50504200','2022-08-21 12:18:29','2022-08-21 12:18:29',0,12,'bc3264129f8e5d89'),(1138,'HA52001009','Startmotor tbv Hatz 12V (JKB)',1,0,'HA52001009','2022-08-21 12:18:29','2022-08-21 12:18:29',0,12,'bc3264129f8e5d89'),(1139,'HA50132401','O-ring snaarspanner',1,0,'HA50132401','2022-08-21 12:18:29','2022-08-21 12:18:29',0,12,'bc3264129f8e5d89'),(1140,'HA50219700','Dichtring 31.35x3.53 snaarspan',1,0,'HA50219700','2022-08-21 12:18:30','2022-08-21 12:18:30',0,12,'bc3264129f8e5d89'),(1141,'HA03643001','O-ring snaarspanner',1,0,'HA03643001','2022-08-21 12:18:30','2022-08-21 12:18:30',0,12,'bc3264129f8e5d89'),(1142,'HA50221100','Dichtring snaarspanner',1,0,'HA50221100','2022-08-21 12:18:30','2022-08-21 12:18:30',0,12,'bc3264129f8e5d89'),(1143,'HA50129101','Oliekeerring 55x70x8',1,0,'HA50129101','2022-08-21 12:18:30','2022-08-21 12:18:30',0,12,'bc3264129f8e5d89'),(1144,'60032115','Klemnaaf Bowex M42',1,0,'60032115','2022-08-21 12:18:30','2022-08-21 12:18:30',0,12,'bc3264129f8e5d89'),(1145,'60032114','Klemnaaf BoWex M42 T13 LVP30',1,0,'60032114','2022-08-21 12:18:30','2022-08-21 12:18:30',0,12,'bc3264129f8e5d89'),(1146,'60032100','Koppelingsplaat Bowex Dia 165',1,0,'60032100','2022-08-21 12:18:30','2022-08-21 12:18:30',0,12,'bc3264129f8e5d89'),(1147,'50004179','Accu 12V',1,0,'50004179','2022-08-21 12:18:30','2022-08-21 12:18:30',0,12,'bc3264129f8e5d89'),(1148,'FIHP065','Pers filter element Kennis',1,0,'FIHP065','2022-08-21 12:18:30','2022-08-21 12:18:30',0,12,'bc3264129f8e5d89'),(1149,'46055352','O-ring 55x3,5 persfilter FIHP',1,0,'46055352','2022-08-21 12:18:30','2022-08-21 12:18:30',0,12,'bc3264129f8e5d89'),(1150,'FI012503','Retourfilter element CR 125/3',1,0,'FI012503','2022-08-21 12:18:30','2022-08-21 12:18:30',0,12,'bc3264129f8e5d89'),(1151,'46114351','O-ring 114x3.5 retourfilter',1,0,'46114351','2022-08-21 12:18:30','2022-08-21 12:18:30',0,12,'bc3264129f8e5d89'),(1152,'FI012506','Aanzuigfilter element CR 125/6',1,0,'FI012506','2022-08-21 12:18:30','2022-08-21 12:18:30',0,12,'bc3264129f8e5d89'),(1153,'46136351','O-ring 136.12x3.53 Aanzuigfilter Kennis',1,0,'46136351','2022-08-21 12:18:30','2022-08-21 12:18:30',0,12,'bc3264129f8e5d89'),(1154,'FI018003','Retourfilterelement CR180/3 R24/R28',1,0,'FI018003','2022-08-21 12:18:30','2022-08-21 12:18:30',0,12,'bc3264129f8e5d89'),(1155,'67002110','Kraanbezem Kennis kranen',1,0,'67002110','2022-08-21 12:18:30','2022-08-21 12:18:30',0,12,'bc3264129f8e5d89'),(1156,'67000335','Wielnaaf D35 Kenniskraan',1,0,'67000335','2022-08-21 12:18:30','2022-08-21 12:18:30',0,12,'bc3264129f8e5d89'),(1157,'67000435','Klembus 35mm',1,0,'67000435','2022-08-21 12:18:30','2022-08-21 12:18:30',0,12,'bc3264129f8e5d89'),(1158,'60020426','Binnenband Airfix 260x96 4.00-',1,0,'60020426','2022-08-21 12:18:30','2022-08-21 12:18:30',0,12,'bc3264129f8e5d89'),(1159,'60010440','Buitenband 400x4 Cont.',1,0,'60010440','2022-08-21 12:18:30','2022-08-21 12:18:30',0,12,'bc3264129f8e5d89'),(1160,'60010401','Velghelft met vent.gat',1,0,'60010401','2022-08-21 12:18:30','2022-08-21 12:18:30',0,12,'bc3264129f8e5d89'),(1161,'60010402','Velghelft z. ventielgat',1,0,'60010402','2022-08-21 12:18:30','2022-08-21 12:18:30',0,12,'bc3264129f8e5d89'),(1162,'60010403','Steunring Wielvelg D4',1,0,'60010403','2022-08-21 12:18:30','2022-08-21 12:18:30',0,12,'bc3264129f8e5d89'),(1163,'KETA001994','Geschuimde band Kennis',1,0,'KETA001994','2022-08-21 12:18:30','2022-08-21 12:18:30',0,12,'bc3264129f8e5d89'),(1164,'60000200','Zittingkuip stand. model',1,0,'60000200','2022-08-21 12:18:30','2022-08-21 12:18:30',0,12,'bc3264129f8e5d89'),(1165,'67002102','Stoelplaat klapbaar Kennis Mechanische aanslag',1,0,'67002102','2022-08-21 12:18:30','2022-08-21 12:18:30',0,12,'bc3264129f8e5d89'),(1166,'KE8525227','Veer tbv stoelschakelaar Kennis',1,0,'KE8525227','2022-08-21 12:18:30','2022-08-21 12:18:30',0,12,'bc3264129f8e5d89'),(1167,'50102103','Eindschakelaar microsw. pen',1,0,'50102103','2022-08-21 12:18:30','2022-08-21 12:18:30',0,12,'bc3264129f8e5d89'),(1168,'33470807','Slotbout M8x35',1,0,'33470807','2022-08-21 12:18:30','2022-08-21 12:18:30',0,12,'bc3264129f8e5d89'),(1169,'60000115','Drukveer DV 247 (blokkeerpen)',1,0,'60000115','2022-08-21 12:18:30','2022-08-21 12:18:30',0,12,'bc3264129f8e5d89'),(1170,'69012018','Kraan blokkeerpen kort',1,0,'69012018','2022-08-21 12:18:30','2022-08-21 12:18:30',0,12,'bc3264129f8e5d89'),(1171,'69012019','Hendel kraan blokkeerpen',1,0,'69012019','2022-08-21 12:18:30','2022-08-21 12:18:30',0,12,'bc3264129f8e5d89'),(1172,'32642016','Circlip A 16',1,0,'32642016','2022-08-21 12:18:30','2022-08-21 12:18:30',0,12,'bc3264129f8e5d89'),(1173,'32644029','Circlip J 29',1,0,'32644029','2022-08-21 12:18:30','2022-08-21 12:18:30',0,12,'bc3264129f8e5d89'),(1174,'67101105','Glijplaat 300x70x8 Kennis R23/R24/R28/R30/R40',1,0,'67101105','2022-08-21 12:18:30','2022-08-21 12:18:30',0,12,'bc3264129f8e5d89'),(1175,'67101106','Glijplaat 303x71x10 Kennis R23/R24/R28/R30/R40',1,0,'67101106','2022-08-21 12:18:30','2022-08-21 12:18:30',0,12,'bc3264129f8e5d89'),(1176,'67101107','Glijplaat 303x71x12 Kennis R23/R24/R28/R30/R40',1,0,'67101107','2022-08-21 12:18:30','2022-08-21 12:18:30',0,12,'bc3264129f8e5d89'),(1177,'67101108','Glijplaat 303x56x10 Kennis R23/R24/R28/R30/R40',1,0,'67101108','2022-08-21 12:18:30','2022-08-21 12:18:30',0,12,'bc3264129f8e5d89'),(1178,'KE80993551','Glijplaat 300x55x8 kennis R24/R28/R30',1,0,'KE80993551','2022-08-21 12:18:30','2022-08-21 12:18:30',0,12,'bc3264129f8e5d89'),(1179,'KE79976042','Glijplaat Brons 80x40x8 Kennis',1,0,'KE79976042','2022-08-21 12:18:30','2022-08-21 12:18:30',0,12,'bc3264129f8e5d89'),(1180,'KE79976043','Bronzen glijplaat 80x60x8 Kennis',1,0,'KE79976043','2022-08-21 12:18:30','2022-08-21 12:18:30',0,12,'bc3264129f8e5d89'),(1181,'DA155L3451','Hendelopname Danfoss',1,0,'DA155L3451','2022-08-21 12:18:30','2022-08-21 12:18:30',0,12,'bc3264129f8e5d89'),(1182,'DA157B3171','Hendelsteun Danfoss cpl',1,0,'DA157B3171','2022-08-21 12:18:30','2022-08-21 12:18:30',0,12,'bc3264129f8e5d89'),(1183,'60031231','As wormkast Siti CL L=270',1,0,'60031231','2022-08-21 12:18:30','2022-08-21 12:18:30',0,12,'bc3264129f8e5d89'),(1184,'KE80140873','As wormkast incl. flens',1,0,'KE80140873','2022-08-21 12:18:30','2022-08-21 12:18:30',0,12,'bc3264129f8e5d89'),(1185,'60031230','As wormkast Siti STD L=310 Tekening: 101106RN-111 rev: A',1,0,'60031230','2022-08-21 12:18:30','2022-08-21 12:18:30',0,12,'bc3264129f8e5d89'),(1186,'KE31010184','Controlelamp Olie',1,0,'KE31010184','2022-08-21 12:18:30','2022-08-21 12:18:30',0,12,'bc3264129f8e5d89'),(1187,'KE31010185','Controlelamp Temperatuur',1,0,'KE31010185','2022-08-21 12:18:30','2022-08-21 12:18:30',0,12,'bc3264129f8e5d89'),(1188,'KE31010186','Controlelamp gloeispiraal',1,0,'KE31010186','2022-08-21 12:18:30','2022-08-21 12:18:30',0,12,'bc3264129f8e5d89'),(1189,'KE31010187','Controlelamp 90% melding',1,0,'KE31010187','2022-08-21 12:18:30','2022-08-21 12:18:30',0,12,'bc3264129f8e5d89'),(1190,'KE31010188','Lamp 14V 80mA tbv controlelamp Orbi',1,0,'KE31010188','2022-08-21 12:18:30','2022-08-21 12:18:30',0,12,'bc3264129f8e5d89'),(1191,'KE31010189','Controlelamp 100% melding',1,0,'KE31010189','2022-08-21 12:18:30','2022-08-21 12:18:30',0,12,'bc3264129f8e5d89'),(1192,'52009634','Controlelamp accu met weerstand Kennis',1,0,'52009634','2022-08-21 12:18:30','2022-08-21 12:18:30',0,12,'bc3264129f8e5d89'),(1193,'50107026','Diodeklem tbv steunpoten draaikranskraan',1,0,'50107026','2022-08-21 12:18:30','2022-08-21 12:18:30',0,12,'bc3264129f8e5d89'),(1194,'42510034','Terugslagklep hoofdcilinder Kennis',1,0,'42510034','2022-08-21 12:18:30','2022-08-21 12:18:30',0,12,'bc3264129f8e5d89'),(1195,'42510005','Dubb.gest. T-klep niet instel MCDN-060-TLNC-03-G12-N008',1,0,'42510005','2022-08-21 12:18:30','2022-08-21 12:18:30',0,12,'bc3264129f8e5d89'),(1196,'60000160','Klemrubber zwart 70 shore',1,0,'60000160','2022-08-21 12:18:30','2022-08-21 12:18:30',0,12,'bc3264129f8e5d89'),(1197,'60000168','Klemrubber PU L1320mm (lengte)',1,0,'60000168','2022-08-21 12:18:30','2022-08-21 12:18:30',0,12,'bc3264129f8e5d89'),(1198,'42510001/1','Terugslagklep standaard 1/2\'\'',1,0,'42510001/1','2022-08-21 12:18:30','2022-08-21 12:18:30',0,12,'bc3264129f8e5d89'),(1199,'46900003','Afdichtingset JS3 superklemcil',1,0,'46900003','2022-08-21 12:18:30','2022-08-21 12:18:30',0,12,'bc3264129f8e5d89'),(1200,'46900006','Afdichtingset JS6',1,0,'46900006','2022-08-21 12:18:30','2022-08-21 12:18:30',0,12,'bc3264129f8e5d89'),(1201,'GE000018','Hijsplaat 14-16R motor rechts Tekening: 140325JK-002',1,0,'GE000018','2022-08-21 12:18:30','2022-08-21 12:18:30',0,12,'bc3264129f8e5d89'),(1202,'GE000019','Hijsplaat 14-16R motor links Tekening: 140325JK-003',1,0,'GE000019','2022-08-21 12:18:30','2022-08-21 12:18:30',0,12,'bc3264129f8e5d89'),(1203,'67100008','Schommelstuk onder 69x30 Tekening: 110519RN-708',1,0,'67100008','2022-08-21 12:18:30','2022-08-21 12:18:30',0,12,'bc3264129f8e5d89'),(1204,'69333030','Scharnierbout rotator 30x150 Tekening: 120612RN-245',1,0,'69333030','2022-08-21 12:18:30','2022-08-21 12:18:30',0,12,'bc3264129f8e5d89'),(1205,'67100012','Schommelstuk boven GV5/6 Tekening: 110519RN-712 rev: B',1,0,'67100012','2022-08-21 12:18:30','2022-08-21 12:18:30',0,12,'bc3264129f8e5d89'),(1206,'69333535','Scharnierbout rotator 35x1175 Tekening: 120612RN-365',1,0,'69333535','2022-08-21 12:18:30','2022-08-21 12:18:30',0,12,'bc3264129f8e5d89'),(1207,'69333540','Scharnierbout rotator 35x200',1,0,'69333540','2022-08-21 12:18:30','2022-08-21 12:18:30',0,12,'bc3264129f8e5d89'),(1208,'33601230','Borgmoer M30x2 nylock',1,0,'33601230','2022-08-21 12:18:30','2022-08-21 12:18:30',0,12,'bc3264129f8e5d89'),(1209,'33601224','Borgmoer M24x2 nylock',1,0,'33601224','2022-08-21 12:18:30','2022-08-21 12:18:30',0,12,'bc3264129f8e5d89'),(1210,'37910058','Holbout 1/2',1,0,'37910058','2022-08-21 12:18:30','2022-08-21 12:18:30',0,12,'bc3264129f8e5d89'),(1211,'37915958','Schr.banjo 1/2-1/2 met borst',1,0,'37915958','2022-08-21 12:18:30','2022-08-21 12:18:30',0,12,'bc3264129f8e5d89'),(1212,'46320058','Multiseal 1/2 21.5x28.6x2.34',1,0,'46320058','2022-08-21 12:18:30','2022-08-21 12:18:30',0,12,'bc3264129f8e5d89'),(1213,'46320056','Multiseal 3/8 17.28x23.8x2.03',1,0,'46320056','2022-08-21 12:18:30','2022-08-21 12:18:30',0,12,'bc3264129f8e5d89'),(1214,'37865658','Verloopnippel Rotator G3/8bu G1/2bi',1,0,'37865658','2022-08-21 12:18:30','2022-08-21 12:18:30',0,12,'bc3264129f8e5d89'),(1215,'32781008','Vlakke inlegspie 10x8x40',1,0,'32781008','2022-08-21 12:18:30','2022-08-21 12:18:30',0,12,'bc3264129f8e5d89'),(1216,'32781010','Vlakke inlegspie 10x8x50',1,0,'32781010','2022-08-21 12:18:30','2022-08-21 12:18:30',0,12,'bc3264129f8e5d89'),(1217,'GE001010','Schuifmaat spoorbreedte 1280/1300 buitenmaat (oplegger)',1,0,'GE001010','2022-08-21 12:18:30','2022-08-21 12:18:30',0,12,'bc3264129f8e5d89'),(1218,'GE001011','Schuifmaat spoorbreedte 1280/1300 binnenmaat (kraan)',1,0,'GE001011','2022-08-21 12:18:30','2022-08-21 12:18:30',0,12,'bc3264129f8e5d89');
/*!40000 ALTER TABLE `partmetadatas` ENABLE KEYS */;
UNLOCK TABLES;

--
-- Table structure for table `parts`
--

DROP TABLE IF EXISTS `parts`;
/*!40101 SET @saved_cs_client     = @@character_set_client */;
/*!40101 SET character_set_client = utf8 */;
CREATE TABLE `parts` (
  `id` bigint(20) unsigned NOT NULL AUTO_INCREMENT,
  `part_number` varchar(100) COLLATE utf8mb4_unicode_ci NOT NULL,
  `description` varchar(255) COLLATE utf8mb4_unicode_ci NOT NULL,
  `qty` smallint(6) NOT NULL,
  `price` decimal(7,2) NOT NULL,
  `year` smallint(5) unsigned NOT NULL,
  `user_id` bigint(20) unsigned NOT NULL,
  `created_at` timestamp NULL DEFAULT NULL,
  `updated_at` timestamp NULL DEFAULT NULL,
  `worksheet_id` bigint(20) unsigned DEFAULT NULL,
  `location_id` bigint(20) unsigned NOT NULL,
  `bar_code` varchar(255) COLLATE utf8mb4_unicode_ci NOT NULL,
  `type` varchar(1) COLLATE utf8mb4_unicode_ci NOT NULL DEFAULT 'O',
  PRIMARY KEY (`id`),
  KEY `parts_user_id_foreign` (`user_id`),
  KEY `parts_worksheet_id_foreign` (`worksheet_id`),
  KEY `parts_location_id_foreign_idx` (`location_id`),
  CONSTRAINT `parts_location_id_foreign` FOREIGN KEY (`location_id`) REFERENCES `locations` (`id`) ON DELETE NO ACTION ON UPDATE NO ACTION,
  CONSTRAINT `parts_user_id_foreign` FOREIGN KEY (`user_id`) REFERENCES `users` (`id`),
  CONSTRAINT `parts_worksheet_id_foreign` FOREIGN KEY (`worksheet_id`) REFERENCES `worksheets` (`id`)
) ENGINE=InnoDB AUTO_INCREMENT=56 DEFAULT CHARSET=utf8mb4 COLLATE=utf8mb4_unicode_ci;
/*!40101 SET character_set_client = @saved_cs_client */;

--
-- Dumping data for table `parts`
--

LOCK TABLES `parts` WRITE;
/*!40000 ALTER TABLE `parts` DISABLE KEYS */;
INSERT INTO `parts` VALUES (38,'GSC402','serie de joints',1,34.35,2022,11,'2022-01-28 14:55:54','2022-01-28 14:55:54',39,2,'GSC402','O'),(39,'DA695','DA695',1,0.05,2022,11,'2022-01-28 14:55:54','2022-01-28 14:55:54',39,2,'da695','O'),(40,'GSC402','serie de joints',1,34.35,2022,11,'2022-01-28 14:57:02','2022-01-28 14:57:02',39,2,'GSC402','R'),(41,'DA695','DA695',1,0.05,2022,11,'2022-01-28 14:57:02','2022-01-28 14:57:02',39,2,'da695','R'),(42,'DE2328','PLAQUETTE AUTO-REFRACTIVE',2,7.51,2022,10,'2022-01-28 16:52:54','2022-01-28 16:52:54',39,2,'de2328','O'),(43,'147542','DOUILLE',1,1.61,2022,11,'2022-02-22 18:01:31','2022-02-22 18:01:31',40,2,'147542','O'),(44,'IR803','raccord a connexion multiple mobile',1,327.85,2022,11,'2022-02-22 18:01:31','2022-02-22 18:01:31',40,2,'IR803','O'),(45,'147542','DOUILLE',1,1.61,2022,11,'2022-02-22 18:02:32','2022-02-22 18:02:32',40,2,'147542','R'),(46,'AS722','bague d arret',1,0.39,2022,11,'2022-03-28 13:27:15','2022-03-28 13:27:15',49,2,'AS722','O'),(47,'IE698','senseur de proximite',1,16.01,2022,11,'2022-03-30 15:45:43','2022-03-30 15:45:43',44,2,'ie698','O'),(48,'FI878','cartouche sofima',1,16.70,2022,10,'2022-04-14 15:46:33','2022-04-14 15:46:33',53,2,'fi878','O'),(49,'IE755','bouton de secours',1,27.00,2022,10,'2022-04-14 15:46:33','2022-04-14 15:46:33',53,2,'ie755','O'),(50,'NBJ90 MI-M RH12-J17','Nipple 90  M O BSPH 3/4 Jic 1 1/16',1,15.04,2022,10,'2022-06-15 14:55:32','2022-06-15 14:55:32',64,2,'1000000141900','O'),(51,'QRC FFM10 R08 fh10 2 IGF08','Raccord rapide FFM10 R08',1,16.25,2022,10,'2022-06-15 14:59:30','2022-06-15 14:59:30',64,2,'1000000171167','O'),(52,'QRC FFM10 R08 fh10 2 IGF08','Raccord rapide FFM10 R08',1,16.25,2022,10,'2022-06-15 14:59:41','2022-06-15 14:59:41',64,2,'1000000171167','O'),(53,'QRC FFF10 R08 fh10 2 IGF08','Raccord rapide FFF10 R08',2,16.25,2022,10,'2022-06-15 15:10:14','2022-06-15 15:10:14',64,2,'1000000171426','O'),(54,'fx504','unite input/output',1,133.81,2022,10,'2022-08-10 13:41:22','2022-08-10 13:41:22',65,2,'fx504','O'),(55,'ZDI0265','GROUPE CDE ELECTRIQUE',1,613.97,2022,10,'2022-08-10 13:41:22','2022-08-10 13:41:22',65,2,'zdi0265','O');
/*!40000 ALTER TABLE `parts` ENABLE KEYS */;
UNLOCK TABLES;

--
-- Table structure for table `password_resets`
--

DROP TABLE IF EXISTS `password_resets`;
/*!40101 SET @saved_cs_client     = @@character_set_client */;
/*!40101 SET character_set_client = utf8 */;
CREATE TABLE `password_resets` (
  `email` varchar(255) COLLATE utf8mb4_unicode_ci NOT NULL,
  `token` varchar(255) COLLATE utf8mb4_unicode_ci NOT NULL,
  `created_at` timestamp NULL DEFAULT NULL,
  KEY `password_resets_email_index` (`email`)
) ENGINE=InnoDB DEFAULT CHARSET=utf8mb4 COLLATE=utf8mb4_unicode_ci;
/*!40101 SET character_set_client = @saved_cs_client */;

--
-- Dumping data for table `password_resets`
--

LOCK TABLES `password_resets` WRITE;
/*!40000 ALTER TABLE `password_resets` DISABLE KEYS */;
/*!40000 ALTER TABLE `password_resets` ENABLE KEYS */;
UNLOCK TABLES;

--
-- Table structure for table `permissions`
--

DROP TABLE IF EXISTS `permissions`;
/*!40101 SET @saved_cs_client     = @@character_set_client */;
/*!40101 SET character_set_client = utf8 */;
CREATE TABLE `permissions` (
  `id` bigint(20) unsigned NOT NULL AUTO_INCREMENT,
  `name` varchar(255) COLLATE utf8mb4_unicode_ci NOT NULL,
  `guard_name` varchar(255) COLLATE utf8mb4_unicode_ci NOT NULL,
  `created_at` timestamp NULL DEFAULT NULL,
  `updated_at` timestamp NULL DEFAULT NULL,
  PRIMARY KEY (`id`)
) ENGINE=InnoDB AUTO_INCREMENT=46 DEFAULT CHARSET=utf8mb4 COLLATE=utf8mb4_unicode_ci;
/*!40101 SET character_set_client = @saved_cs_client */;

--
-- Dumping data for table `permissions`
--

LOCK TABLES `permissions` WRITE;
/*!40000 ALTER TABLE `permissions` DISABLE KEYS */;
INSERT INTO `permissions` VALUES (1,'list customer','web','2021-05-23 10:49:00','2021-05-23 10:49:00'),(2,'create customer','web','2021-05-23 10:49:00','2021-05-23 10:49:00'),(3,'edit customer','web','2021-05-23 10:49:00','2021-05-23 10:49:00'),(4,'consult customer','web','2021-05-23 10:49:00','2021-05-23 10:49:00'),(5,'list crane','web','2021-05-23 10:49:00','2021-05-23 10:49:00'),(6,'create crane','web','2021-05-23 10:49:00','2021-05-23 10:49:00'),(7,'edit crane','web','2021-05-23 10:49:00','2021-05-23 10:49:00'),(8,'consult crane','web','2021-05-23 10:49:00','2021-05-23 10:49:00'),(9,'expert crane','web','2021-05-23 10:49:00','2021-05-23 10:49:00'),(10,'list technician','web','2021-05-23 10:49:00','2021-05-23 10:49:00'),(11,'create technician','web','2021-05-23 10:49:00','2021-05-23 10:49:00'),(12,'edit technician','web','2021-05-23 10:49:00','2021-05-23 10:49:00'),(13,'consult technician','web','2021-05-23 10:49:00','2021-05-23 10:49:00'),(14,'clocking technician','web','2021-05-23 10:49:00','2021-05-23 10:49:00'),(15,'list worksheet','web','2021-05-23 10:49:00','2021-05-23 10:49:00'),(16,'create worksheet','web','2021-05-23 10:49:00','2021-05-23 10:49:00'),(17,'edit worksheet','web','2021-05-23 10:49:00','2021-05-23 10:49:00'),(18,'consult worksheet','web','2021-05-23 10:49:00','2021-05-23 10:49:00'),(19,'clocking worksheet','web','2021-05-23 10:49:00','2021-05-23 10:49:00'),(20,'part worksheet','web','2021-05-23 10:49:00','2021-05-23 10:49:00'),(21,'list catalog','web','2021-05-23 10:49:00','2021-05-23 10:49:00'),(22,'create catalog','web','2021-05-23 10:49:00','2021-05-23 10:49:00'),(23,'edit catalog','web','2021-05-23 10:49:00','2021-05-23 10:49:00'),(24,'consult catalog','web','2021-05-23 10:49:00','2021-05-23 10:49:00'),(25,'price catalog','web','2021-05-23 10:49:00','2021-05-23 10:49:00'),(26,'print catalog','web','2021-05-23 10:49:00','2021-05-23 10:49:00'),(27,'list stock','web','2021-05-23 10:49:00','2021-05-23 10:49:00'),(28,'print stock','web','2021-05-23 10:49:00','2021-05-23 10:49:00'),(29,'reassort stock','web','2021-05-23 10:49:00','2021-05-23 10:49:00'),(30,'out stock','web','2021-05-23 10:49:00','2021-05-23 10:49:00'),(31,'reassort worksheet stock','web','2021-05-23 10:49:00','2021-05-23 10:49:00'),(32,'out worksheet stock','web','2021-05-23 10:49:00','2021-05-23 10:49:00'),(33,'admin','web','2021-05-23 10:49:00','2021-05-23 10:49:00'),(34,'password change','web','2021-05-23 10:49:00','2021-05-23 10:49:00'),(35,'print worksheet','web','2021-05-23 10:49:00','2021-05-23 10:49:00'),(36,'consult customer extended','web','2021-06-02 19:50:00','2021-06-02 19:50:00'),(37,'consult crane extended','web','2021-06-02 19:50:00','2021-06-02 19:50:00'),(38,'consult technician extended','web','2021-06-02 19:50:00','2021-06-02 19:50:00'),(39,'consult worksheet extended','web','2021-06-02 19:50:00','2021-06-02 19:50:00'),(40,'consult catalog extended','web','2021-06-02 19:50:00','2021-06-02 19:50:00'),(41,'show reassort list','web','2021-06-05 15:28:00','2021-06-05 15:28:00'),(42,'list provider','web','2021-06-15 19:13:00','2021-06-15 19:13:00'),(43,'create provider','web','2021-06-15 19:13:00','2021-06-15 19:13:00'),(44,'edit provider','web','2021-06-15 19:13:00','2021-06-15 19:13:00'),(45,'clocking correction','web','2021-09-24 19:15:00','2021-09-24 19:15:00');
/*!40000 ALTER TABLE `permissions` ENABLE KEYS */;
UNLOCK TABLES;

--
-- Table structure for table `providers`
--

DROP TABLE IF EXISTS `providers`;
/*!40101 SET @saved_cs_client     = @@character_set_client */;
/*!40101 SET character_set_client = utf8 */;
CREATE TABLE `providers` (
  `id` bigint(20) unsigned NOT NULL AUTO_INCREMENT,
  `name` varchar(100) COLLATE utf8mb4_unicode_ci NOT NULL,
  `user_id` bigint(20) unsigned DEFAULT NULL,
  `created_at` timestamp NULL DEFAULT NULL,
  `updated_at` timestamp NULL DEFAULT NULL,
  `enabled` tinyint(1) NOT NULL DEFAULT 1,
  PRIMARY KEY (`id`),
  KEY `providers_name_index` (`name`),
  KEY `providers_user_id_foreign` (`user_id`),
  CONSTRAINT `providers_user_id_foreign` FOREIGN KEY (`user_id`) REFERENCES `users` (`id`) ON DELETE NO ACTION ON UPDATE NO ACTION
) ENGINE=InnoDB AUTO_INCREMENT=16 DEFAULT CHARSET=utf8mb4 COLLATE=utf8mb4_unicode_ci;
/*!40101 SET character_set_client = @saved_cs_client */;

--
-- Dumping data for table `providers`
--

LOCK TABLES `providers` WRITE;
/*!40000 ALTER TABLE `providers` DISABLE KEYS */;
INSERT INTO `providers` VALUES (1,'Opration Interne de chargement en masse',1,'2021-06-07 15:31:00','2021-06-07 15:31:00',1),(2,'JKB',1,'2022-08-21 12:10:00','2022-08-21 12:10:00',1),(14,'EMV',12,'2022-01-09 12:58:19','2022-01-09 12:58:19',1),(15,'Fassi Interne',NULL,'2021-07-14 11:06:09','2021-07-14 11:06:09',1);
/*!40000 ALTER TABLE `providers` ENABLE KEYS */;
UNLOCK TABLES;

--
-- Table structure for table `reasons`
--

DROP TABLE IF EXISTS `reasons`;
/*!40101 SET @saved_cs_client     = @@character_set_client */;
/*!40101 SET character_set_client = utf8 */;
CREATE TABLE `reasons` (
  `id` bigint(20) unsigned NOT NULL AUTO_INCREMENT,
  `reason` varchar(100) COLLATE utf8mb4_unicode_ci NOT NULL,
  `created_at` timestamp NULL DEFAULT NULL,
  `updated_at` timestamp NULL DEFAULT NULL,
  `option` varchar(1) COLLATE utf8mb4_unicode_ci NOT NULL,
  PRIMARY KEY (`id`)
) ENGINE=InnoDB AUTO_INCREMENT=11 DEFAULT CHARSET=utf8mb4 COLLATE=utf8mb4_unicode_ci;
/*!40101 SET character_set_client = @saved_cs_client */;

--
-- Dumping data for table `reasons`
--

LOCK TABLES `reasons` WRITE;
/*!40000 ALTER TABLE `reasons` DISABLE KEYS */;
INSERT INTO `reasons` VALUES (1,'Warranty',NULL,NULL,'O'),(2,'Stock correction',NULL,NULL,'O'),(3,'Manual',NULL,NULL,'O'),(4,'Reassortment',NULL,NULL,'R'),(5,'Back in stock',NULL,NULL,'R'),(6,'Worksheet',NULL,NULL,'A'),(8,'New part',NULL,NULL,'E'),(9,'Move to',NULL,NULL,'O'),(10,'Move From',NULL,NULL,'R');
/*!40000 ALTER TABLE `reasons` ENABLE KEYS */;
UNLOCK TABLES;

--
-- Table structure for table `reassortements`
--

DROP TABLE IF EXISTS `reassortements`;
/*!40101 SET @saved_cs_client     = @@character_set_client */;
/*!40101 SET character_set_client = utf8 */;
CREATE TABLE `reassortements` (
  `id` bigint(20) unsigned NOT NULL AUTO_INCREMENT,
  `qty_add` smallint(5) unsigned NOT NULL,
  `qty_before` smallint(5) unsigned NOT NULL,
  `store_id` bigint(20) unsigned NOT NULL,
  `created_at` timestamp NULL DEFAULT NULL,
  `updated_at` timestamp NULL DEFAULT NULL,
  `user_id` bigint(20) unsigned NOT NULL,
  `note` varchar(255) COLLATE utf8mb4_unicode_ci DEFAULT NULL,
  `reason_id` bigint(20) unsigned NOT NULL,
  PRIMARY KEY (`id`),
  KEY `reassortements_store_id_foreign` (`store_id`),
  KEY `reassortements_user_id_foreign` (`user_id`),
  KEY `reassortements_reason_id_foreign` (`reason_id`),
  CONSTRAINT `reassortements_reason_id_foreign` FOREIGN KEY (`reason_id`) REFERENCES `reasons` (`id`) ON DELETE NO ACTION ON UPDATE NO ACTION,
  CONSTRAINT `reassortements_store_id_foreign` FOREIGN KEY (`store_id`) REFERENCES `stores` (`id`) ON DELETE NO ACTION ON UPDATE NO ACTION,
  CONSTRAINT `reassortements_user_id_foreign` FOREIGN KEY (`user_id`) REFERENCES `users` (`id`)
) ENGINE=InnoDB AUTO_INCREMENT=146 DEFAULT CHARSET=utf8mb4 COLLATE=utf8mb4_unicode_ci;
/*!40101 SET character_set_client = @saved_cs_client */;

--
-- Dumping data for table `reassortements`
--

LOCK TABLES `reassortements` WRITE;
/*!40000 ALTER TABLE `reassortements` DISABLE KEYS */;
INSERT INTO `reassortements` VALUES (51,1,0,914,'2022-01-13 15:34:10','2022-01-13 15:34:10',10,NULL,8),(52,1,0,915,'2022-01-13 15:34:56','2022-01-13 15:34:56',10,NULL,8),(53,1,0,916,'2022-01-13 15:35:46','2022-01-13 15:35:46',10,NULL,8),(54,1,0,917,'2022-01-13 15:38:07','2022-01-13 15:38:07',10,NULL,8),(55,1,0,918,'2022-01-13 15:40:40','2022-01-13 15:40:40',10,NULL,8),(56,1,0,919,'2022-01-13 15:41:32','2022-01-13 15:41:32',10,NULL,8),(57,1,0,920,'2022-01-13 15:42:18','2022-01-13 15:42:18',10,NULL,8),(58,1,0,921,'2022-01-13 15:46:45','2022-01-13 15:46:45',10,NULL,8),(59,5,0,1075,'2022-01-21 11:31:38','2022-01-21 11:31:38',10,NULL,8),(60,1,2,221,'2022-01-28 14:57:02','2022-01-28 14:57:02',11,'20220119153823',6),(61,1,7,471,'2022-01-28 14:57:02','2022-01-28 14:57:02',11,'20220119153823',6),(62,10,0,1076,'2022-01-28 16:49:34','2022-01-28 16:49:34',10,NULL,8),(63,1,3,414,'2022-02-22 18:02:32','2022-02-22 18:02:32',11,'20220222111033',6),(64,1,1,535,'2022-03-02 14:48:01','2022-03-02 14:48:01',10,NULL,4),(65,3,0,1077,'2022-03-02 14:50:07','2022-03-02 14:50:07',10,NULL,8),(66,2,0,1078,'2022-03-02 14:52:31','2022-03-02 14:52:31',10,NULL,8),(67,1,1,39,'2022-03-02 14:59:07','2022-03-02 14:59:07',10,NULL,4),(68,1,2,99,'2022-03-02 14:59:54','2022-03-02 14:59:54',10,NULL,4),(69,3,1,203,'2022-03-02 15:02:27','2022-03-02 15:02:27',10,NULL,4),(70,2,0,1079,'2022-04-21 16:45:45','2022-04-21 16:45:45',10,NULL,8),(71,3,0,1080,'2022-04-21 16:55:12','2022-04-21 16:55:12',10,NULL,8),(72,5,1,177,'2022-04-21 16:56:17','2022-04-21 16:56:17',10,NULL,4),(73,5,1,486,'2022-04-21 16:56:37','2022-04-21 16:56:37',10,NULL,4),(74,1,13,287,'2022-04-21 16:56:53','2022-04-21 16:56:53',10,NULL,4),(75,5,1,487,'2022-04-21 16:57:10','2022-04-21 16:57:10',10,NULL,4),(76,2,0,1081,'2022-05-09 14:10:43','2022-05-09 14:10:43',10,NULL,8),(77,20,0,694,'2022-06-15 14:55:13','2022-06-15 14:55:13',10,NULL,4),(78,10,1,917,'2022-06-15 14:58:30','2022-06-15 14:58:30',10,NULL,4),(79,10,1,920,'2022-06-15 14:58:53','2022-06-15 14:58:53',10,NULL,4),(80,1,2,535,'2022-07-12 14:09:53','2022-07-12 14:09:53',10,NULL,4),(81,6,0,1082,'2022-07-12 14:14:45','2022-07-12 14:14:45',10,NULL,8),(82,2,0,1083,'2022-07-12 14:34:23','2022-07-12 14:34:23',10,NULL,8),(83,4,0,1084,'2022-07-12 14:35:18','2022-07-12 14:35:18',10,NULL,8),(84,2,0,1085,'2022-07-27 11:33:59','2022-07-27 11:33:59',10,NULL,8),(85,1,0,1086,'2022-07-27 11:36:21','2022-07-27 11:36:21',10,NULL,8),(86,2,0,1087,'2022-07-27 11:45:54','2022-07-27 11:45:54',10,NULL,8),(87,11,13,303,'2022-07-27 12:02:41','2022-07-27 12:02:41',10,NULL,4),(88,4,0,1088,'2022-07-27 12:50:46','2022-07-27 12:50:46',10,NULL,8),(89,1,0,1089,'2022-07-27 12:53:23','2022-07-27 12:53:23',10,NULL,8),(90,2,0,1090,'2022-07-27 13:10:31','2022-07-27 13:10:31',10,NULL,8),(91,2,0,1091,'2022-07-27 13:12:45','2022-07-27 13:12:45',10,NULL,8),(92,2,4,302,'2022-07-27 13:14:25','2022-07-27 13:14:25',10,NULL,4),(93,1,0,1092,'2022-07-27 13:15:04','2022-07-27 13:15:04',10,NULL,8),(94,1,0,1093,'2022-07-27 13:17:26','2022-07-27 13:17:26',10,NULL,8),(95,2,0,1094,'2022-07-27 13:18:34','2022-07-27 13:18:34',10,NULL,8),(96,1,0,1095,'2022-07-27 13:19:51','2022-07-27 13:19:51',10,NULL,8),(97,5,4,581,'2022-07-27 13:21:09','2022-07-27 13:21:09',10,NULL,4),(98,5,0,1096,'2022-07-27 13:22:32','2022-07-27 13:22:32',10,NULL,8),(99,1,4,320,'2022-07-27 13:26:24','2022-07-27 13:26:24',10,NULL,4),(100,7,5,1096,'2022-07-27 13:31:35','2022-07-27 13:31:35',10,NULL,4),(101,1,9,318,'2022-07-27 13:31:59','2022-07-27 13:31:59',10,NULL,4),(102,4,0,353,'2022-07-27 13:52:30','2022-07-27 13:52:30',10,NULL,4),(103,1,0,456,'2022-07-27 13:53:06','2022-07-27 13:53:06',10,NULL,4),(104,9,0,1097,'2022-07-27 13:57:14','2022-07-27 13:57:14',10,NULL,8),(105,5,0,1098,'2022-07-27 14:01:51','2022-07-27 14:01:51',10,NULL,8),(106,2,0,1099,'2022-07-27 14:02:52','2022-07-27 14:02:52',10,NULL,8),(107,1,0,1100,'2022-07-27 14:03:51','2022-07-27 14:03:51',10,NULL,8),(108,1,0,1101,'2022-07-27 14:04:37','2022-07-27 14:04:37',10,NULL,8),(109,1,0,1102,'2022-07-27 14:05:34','2022-07-27 14:05:34',10,NULL,8),(110,34,10,54,'2022-07-27 14:17:17','2022-07-27 14:17:17',10,NULL,4),(111,1,8,50,'2022-07-27 14:20:50','2022-07-27 14:20:50',10,NULL,4),(112,5,0,1103,'2022-07-27 14:23:05','2022-07-27 14:23:05',10,NULL,8),(113,6,0,1104,'2022-07-27 14:27:22','2022-07-27 14:27:22',10,NULL,8),(114,2,0,1105,'2022-07-27 14:28:08','2022-07-27 14:28:08',10,NULL,8),(115,1,4,111,'2022-07-27 14:58:53','2022-07-27 14:58:53',10,NULL,4),(116,2,0,1106,'2022-07-27 15:17:37','2022-07-27 15:17:37',10,NULL,8),(117,6,9,4,'2022-07-27 15:18:57','2022-07-27 15:18:57',10,NULL,4),(118,8,0,1107,'2022-07-27 15:20:02','2022-07-27 15:20:02',10,NULL,8),(119,3,0,1108,'2022-07-27 15:21:41','2022-07-27 15:21:41',10,NULL,8),(120,2,0,1109,'2022-07-27 15:22:49','2022-07-27 15:22:49',10,NULL,8),(121,8,0,555,'2022-07-27 15:32:03','2022-07-27 15:32:03',10,NULL,4),(122,36,14,287,'2022-07-27 15:32:32','2022-07-27 15:32:32',10,NULL,4),(123,1,12,551,'2022-07-27 15:32:55','2022-07-27 15:32:55',10,NULL,4),(124,1,0,1110,'2022-07-27 15:33:54','2022-07-27 15:33:54',10,NULL,8),(125,10,0,1111,'2022-07-27 15:36:54','2022-07-27 15:36:54',10,NULL,8),(126,3,0,1112,'2022-07-27 15:37:39','2022-07-27 15:37:39',10,NULL,8),(127,5,3,454,'2022-07-27 16:20:57','2022-07-27 16:20:57',10,NULL,4),(128,3,0,1113,'2022-07-27 16:23:08','2022-07-27 16:23:08',10,NULL,8),(129,2,0,1114,'2022-07-27 16:24:58','2022-07-27 16:24:58',10,NULL,8),(130,1,0,1115,'2022-07-27 16:31:45','2022-07-27 16:31:45',10,NULL,8),(131,1,0,1116,'2022-07-27 16:32:55','2022-07-27 16:32:55',10,NULL,8),(132,2,0,1117,'2022-07-27 17:14:40','2022-07-27 17:14:40',10,NULL,8),(133,2,0,1118,'2022-07-29 14:26:52','2022-07-29 14:26:52',10,NULL,8),(134,2,0,1119,'2022-07-29 14:50:22','2022-07-29 14:50:22',10,NULL,8),(135,2,0,1120,'2022-07-29 14:59:40','2022-07-29 14:59:40',10,NULL,8),(136,2,0,1121,'2022-07-29 16:48:27','2022-07-29 16:48:27',10,NULL,8),(137,2,0,1122,'2022-07-29 16:49:29','2022-07-29 16:49:29',10,NULL,8),(138,2,0,1123,'2022-07-29 16:54:45','2022-07-29 16:54:45',10,NULL,8),(139,2,0,1124,'2022-07-29 16:55:38','2022-07-29 16:55:38',10,NULL,8),(140,2,0,1125,'2022-07-29 16:56:29','2022-07-29 16:56:29',10,NULL,8),(141,2,0,1126,'2022-07-29 17:10:07','2022-07-29 17:10:07',10,NULL,8),(142,2,0,1127,'2022-07-29 17:11:04','2022-07-29 17:11:04',10,NULL,8),(143,2,0,1128,'2022-07-29 17:44:30','2022-07-29 17:44:30',10,NULL,8),(144,2,0,1129,'2022-08-02 15:28:09','2022-08-02 15:28:09',10,NULL,8),(145,1,0,1130,'2022-08-08 12:45:10','2022-08-08 12:45:10',10,NULL,8);
/*!40000 ALTER TABLE `reassortements` ENABLE KEYS */;
UNLOCK TABLES;

--
-- Table structure for table `role_has_permissions`
--

DROP TABLE IF EXISTS `role_has_permissions`;
/*!40101 SET @saved_cs_client     = @@character_set_client */;
/*!40101 SET character_set_client = utf8 */;
CREATE TABLE `role_has_permissions` (
  `permission_id` bigint(20) unsigned NOT NULL,
  `role_id` bigint(20) unsigned NOT NULL,
  PRIMARY KEY (`permission_id`,`role_id`),
  KEY `role_has_permissions_role_id_foreign` (`role_id`),
  CONSTRAINT `role_has_permissions_permission_id_foreign` FOREIGN KEY (`permission_id`) REFERENCES `permissions` (`id`) ON DELETE CASCADE,
  CONSTRAINT `role_has_permissions_role_id_foreign` FOREIGN KEY (`role_id`) REFERENCES `roles` (`id`) ON DELETE CASCADE
) ENGINE=InnoDB DEFAULT CHARSET=utf8mb4 COLLATE=utf8mb4_unicode_ci;
/*!40101 SET character_set_client = @saved_cs_client */;

--
-- Dumping data for table `role_has_permissions`
--

LOCK TABLES `role_has_permissions` WRITE;
/*!40000 ALTER TABLE `role_has_permissions` DISABLE KEYS */;
INSERT INTO `role_has_permissions` VALUES (1,1),(1,2),(1,3),(1,4),(2,1),(2,2),(2,3),(3,1),(3,2),(3,3),(4,1),(4,2),(4,3),(4,4),(5,1),(5,2),(5,3),(5,4),(5,5),(6,1),(6,2),(6,3),(7,1),(7,2),(7,3),(8,1),(8,2),(8,3),(8,4),(8,5),(9,1),(9,2),(9,3),(10,1),(10,2),(10,3),(11,1),(11,2),(11,3),(12,1),(12,2),(12,3),(13,1),(13,2),(13,3),(13,4),(14,1),(14,2),(14,3),(14,6),(15,1),(15,2),(15,3),(15,4),(15,5),(15,6),(16,1),(16,2),(16,3),(17,1),(17,2),(17,3),(17,6),(18,1),(18,2),(18,3),(18,4),(18,5),(18,6),(19,1),(19,2),(19,3),(20,1),(20,2),(20,3),(20,4),(21,1),(21,2),(21,3),(21,4),(21,5),(22,1),(22,2),(22,3),(23,1),(23,2),(23,3),(24,1),(24,2),(24,3),(24,4),(24,5),(25,1),(25,2),(25,3),(25,4),(26,1),(26,2),(26,3),(27,1),(27,2),(27,3),(27,4),(27,5),(27,6),(28,1),(28,2),(28,3),(28,6),(29,1),(29,2),(29,3),(29,6),(30,1),(30,2),(30,3),(30,6),(31,1),(31,2),(31,3),(31,6),(32,1),(32,2),(32,3),(32,6),(33,1),(33,2),(34,1),(34,2),(34,3),(35,1),(35,2),(35,3),(36,1),(36,2),(36,3),(36,4),(37,1),(37,2),(37,3),(37,4),(38,1),(38,2),(38,3),(38,4),(39,1),(39,2),(39,3),(39,4),(40,1),(40,2),(40,3),(40,4),(41,1),(41,2),(42,1),(42,2),(42,3),(42,4),(42,5),(42,6),(43,1),(43,2),(43,3),(44,1),(44,2),(44,3),(45,1),(45,2),(45,3);
/*!40000 ALTER TABLE `role_has_permissions` ENABLE KEYS */;
UNLOCK TABLES;

--
-- Table structure for table `roles`
--

DROP TABLE IF EXISTS `roles`;
/*!40101 SET @saved_cs_client     = @@character_set_client */;
/*!40101 SET character_set_client = utf8 */;
CREATE TABLE `roles` (
  `id` bigint(20) unsigned NOT NULL AUTO_INCREMENT,
  `name` varchar(255) COLLATE utf8mb4_unicode_ci NOT NULL,
  `guard_name` varchar(255) COLLATE utf8mb4_unicode_ci NOT NULL,
  `created_at` timestamp NULL DEFAULT NULL,
  `updated_at` timestamp NULL DEFAULT NULL,
  PRIMARY KEY (`id`)
) ENGINE=InnoDB AUTO_INCREMENT=7 DEFAULT CHARSET=utf8mb4 COLLATE=utf8mb4_unicode_ci;
/*!40101 SET character_set_client = @saved_cs_client */;

--
-- Dumping data for table `roles`
--

LOCK TABLES `roles` WRITE;
/*!40000 ALTER TABLE `roles` DISABLE KEYS */;
INSERT INTO `roles` VALUES (1,'admin','web','2020-11-07 18:28:06','2020-11-07 18:28:06'),(2,'manager','web','2021-02-22 18:42:37','2021-02-22 18:42:37'),(3,'standard','web','2021-05-23 10:49:00','2021-05-23 10:49:00'),(4,'reader','web','2021-05-23 10:49:00','2021-05-23 10:49:00'),(5,'limited','web','2021-05-23 10:49:00','2021-05-23 10:49:00'),(6,'storekeeper','web','2021-05-23 10:49:00','2021-05-23 10:49:00');
/*!40000 ALTER TABLE `roles` ENABLE KEYS */;
UNLOCK TABLES;

--
-- Table structure for table `stores`
--

DROP TABLE IF EXISTS `stores`;
/*!40101 SET @saved_cs_client     = @@character_set_client */;
/*!40101 SET character_set_client = utf8 */;
CREATE TABLE `stores` (
  `id` bigint(20) unsigned NOT NULL AUTO_INCREMENT,
  `qty` smallint(5) unsigned NOT NULL,
  `created_at` timestamp NULL DEFAULT NULL,
  `updated_at` timestamp NULL DEFAULT NULL,
  `location_id` bigint(20) unsigned NOT NULL,
  `partmetadata_id` bigint(20) unsigned NOT NULL,
  `user_id` bigint(20) unsigned NOT NULL,
  `import_key` varchar(16) COLLATE utf8mb4_unicode_ci DEFAULT NULL,
  PRIMARY KEY (`id`),
  KEY `stores_location_id_foreign_idx` (`location_id`),
  KEY `stores_user_id_foreign_idx` (`user_id`),
  KEY `stores_part_meta_id_foreign` (`partmetadata_id`),
  CONSTRAINT `stores_location_id_foreign` FOREIGN KEY (`location_id`) REFERENCES `locations` (`id`),
  CONSTRAINT `stores_part_meta_id_foreign` FOREIGN KEY (`partmetadata_id`) REFERENCES `partmetadatas` (`id`),
  CONSTRAINT `stores_user_id_foreign` FOREIGN KEY (`user_id`) REFERENCES `users` (`id`) ON DELETE NO ACTION ON UPDATE NO ACTION
) ENGINE=InnoDB AUTO_INCREMENT=1286 DEFAULT CHARSET=utf8mb4 COLLATE=utf8mb4_unicode_ci;
/*!40101 SET character_set_client = @saved_cs_client */;

--
-- Dumping data for table `stores`
--

LOCK TABLES `stores` WRITE;
/*!40000 ALTER TABLE `stores` DISABLE KEYS */;
INSERT INTO `stores` VALUES (1,1,'2021-06-06 15:25:00','2022-01-09 11:12:50',2,1,12,'81bbec7d63377535'),(2,20,'2021-06-06 15:25:00','2022-01-09 11:12:50',2,2,12,'81bbec7d63377535'),(3,12,'2021-06-06 15:25:00','2022-01-09 11:12:50',2,3,12,'81bbec7d63377535'),(4,15,'2021-06-06 15:25:00','2022-07-27 15:18:57',2,4,12,'81bbec7d63377535'),(5,2,'2021-06-06 15:25:00','2022-01-09 11:12:50',2,5,12,'81bbec7d63377535'),(6,6,'2021-06-06 15:25:00','2022-01-09 11:12:50',2,6,12,'81bbec7d63377535'),(7,1,'2021-06-06 15:25:00','2022-01-09 11:12:50',2,7,12,'81bbec7d63377535'),(8,6,'2021-06-06 15:25:00','2022-01-09 11:12:50',2,8,12,'81bbec7d63377535'),(9,6,'2021-06-06 15:25:00','2022-01-09 11:12:50',2,9,12,'81bbec7d63377535'),(10,6,'2021-06-06 15:25:00','2022-01-09 11:12:50',2,10,12,'81bbec7d63377535'),(11,6,'2021-06-06 15:25:00','2022-01-09 11:12:50',2,11,12,'81bbec7d63377535'),(12,1,'2021-06-06 15:25:00','2022-01-09 11:12:50',2,12,12,'81bbec7d63377535'),(13,10,'2021-06-06 15:25:00','2022-01-09 11:12:50',2,13,12,'81bbec7d63377535'),(14,1,'2021-06-06 15:25:00','2022-01-09 11:12:50',2,14,12,'81bbec7d63377535'),(15,2,'2021-06-06 15:25:00','2022-01-09 11:12:50',2,15,12,'81bbec7d63377535'),(16,1,'2021-06-06 15:25:00','2022-01-09 11:12:50',2,16,12,'81bbec7d63377535'),(17,1,'2021-06-06 15:25:00','2022-01-09 11:12:50',2,17,12,'81bbec7d63377535'),(18,2,'2021-06-06 15:25:00','2022-01-09 11:12:50',2,18,12,'81bbec7d63377535'),(19,1,'2021-06-06 15:25:00','2022-01-09 11:12:50',2,19,12,'81bbec7d63377535'),(20,1,'2021-06-06 15:25:00','2022-01-09 11:12:50',2,20,12,'81bbec7d63377535'),(21,1,'2021-06-06 15:25:00','2022-01-09 11:12:50',2,21,12,'81bbec7d63377535'),(22,1,'2021-06-06 15:25:00','2022-01-09 11:12:50',2,22,12,'81bbec7d63377535'),(23,1,'2021-06-06 15:25:00','2022-01-09 11:12:50',2,23,12,'81bbec7d63377535'),(24,1,'2021-06-06 15:25:00','2022-01-09 11:12:50',2,24,12,'81bbec7d63377535'),(25,1,'2021-06-06 15:25:00','2022-01-09 11:12:50',2,25,12,'81bbec7d63377535'),(26,1,'2021-06-06 15:25:00','2022-01-09 11:12:50',2,26,12,'81bbec7d63377535'),(27,1,'2021-06-06 15:25:00','2022-01-09 11:12:50',2,27,12,'81bbec7d63377535'),(28,1,'2021-06-06 15:25:00','2022-01-09 11:12:50',2,28,12,'81bbec7d63377535'),(29,2,'2021-06-06 15:25:00','2022-01-09 11:12:50',2,29,12,'81bbec7d63377535'),(30,1,'2021-06-06 15:25:00','2022-01-09 11:12:50',2,30,12,'81bbec7d63377535'),(31,10,'2021-06-06 15:25:00','2022-01-09 11:12:50',2,31,12,'81bbec7d63377535'),(32,6,'2021-06-06 15:25:00','2022-01-09 11:12:50',2,32,12,'81bbec7d63377535'),(33,1,'2021-06-06 15:25:00','2022-01-09 11:12:50',2,33,12,'81bbec7d63377535'),(34,5,'2021-06-06 15:25:00','2022-01-09 11:12:50',2,34,12,'81bbec7d63377535'),(35,6,'2021-06-06 15:25:00','2022-01-09 11:12:50',2,35,12,'81bbec7d63377535'),(36,8,'2021-06-06 15:25:00','2022-01-09 11:12:50',2,36,12,'81bbec7d63377535'),(37,1,'2021-06-06 15:25:00','2022-01-09 11:12:50',2,37,12,'81bbec7d63377535'),(38,1,'2021-06-06 15:25:00','2022-01-09 11:12:50',2,38,12,'81bbec7d63377535'),(39,2,'2021-06-06 15:25:00','2022-03-02 14:59:07',2,39,12,'81bbec7d63377535'),(40,2,'2021-06-06 15:25:00','2022-01-09 11:12:54',2,40,12,'81bbec7d63377535'),(41,1,'2021-06-06 15:25:00','2022-01-09 11:12:50',2,41,12,'81bbec7d63377535'),(42,1,'2021-06-06 15:25:00','2022-01-09 11:12:50',2,42,12,'81bbec7d63377535'),(43,1,'2021-06-06 15:25:00','2022-01-09 11:12:50',2,43,12,'81bbec7d63377535'),(44,1,'2021-06-06 15:25:00','2022-01-09 11:12:50',2,44,12,'81bbec7d63377535'),(45,1,'2021-06-06 15:25:00','2022-01-09 11:12:50',2,45,12,'81bbec7d63377535'),(46,1,'2021-06-06 15:25:00','2022-01-09 11:12:50',2,46,12,'81bbec7d63377535'),(47,0,'2021-06-06 15:25:00','2022-01-09 11:12:50',2,47,12,'81bbec7d63377535'),(48,0,'2021-06-06 15:25:00','2022-01-09 11:12:50',2,48,12,'81bbec7d63377535'),(49,0,'2021-06-06 15:25:00','2022-01-09 11:12:50',2,49,12,'81bbec7d63377535'),(50,9,'2021-06-06 15:25:00','2022-07-27 14:20:50',2,50,12,'81bbec7d63377535'),(51,4,'2021-06-06 15:25:00','2022-01-09 11:12:50',2,51,12,'81bbec7d63377535'),(52,2,'2021-06-06 15:25:00','2022-07-27 14:20:38',2,52,12,'81bbec7d63377535'),(53,19,'2021-06-06 15:25:00','2022-01-09 11:12:50',2,53,12,'81bbec7d63377535'),(54,44,'2021-06-06 15:25:00','2022-07-27 14:17:17',2,54,12,'81bbec7d63377535'),(55,11,'2021-06-06 15:25:00','2022-01-09 11:12:50',2,55,12,'81bbec7d63377535'),(56,1,'2021-06-06 15:25:00','2022-01-09 11:12:50',2,56,12,'81bbec7d63377535'),(57,2,'2021-06-06 15:25:00','2022-01-09 11:12:54',2,57,12,'81bbec7d63377535'),(58,2,'2021-06-06 15:25:00','2022-01-09 11:12:50',2,58,12,'81bbec7d63377535'),(59,2,'2021-06-06 15:25:00','2022-01-09 11:12:54',2,59,12,'81bbec7d63377535'),(60,2,'2021-06-06 15:25:00','2022-01-09 11:12:54',2,60,12,'81bbec7d63377535'),(61,1,'2021-06-06 15:25:00','2022-01-09 11:12:50',2,61,12,'81bbec7d63377535'),(62,3,'2021-06-06 15:25:00','2022-01-09 11:12:54',2,62,12,'81bbec7d63377535'),(63,3,'2021-06-06 15:25:00','2022-01-09 11:12:50',2,63,12,'81bbec7d63377535'),(64,2,'2021-06-06 15:25:00','2022-01-09 11:12:50',2,64,12,'81bbec7d63377535'),(65,1,'2021-06-06 15:25:00','2022-01-09 11:12:50',2,65,12,'81bbec7d63377535'),(66,1,'2021-06-06 15:25:00','2022-01-09 11:12:50',2,66,12,'81bbec7d63377535'),(67,1,'2021-06-06 15:25:00','2022-01-09 11:12:50',2,67,12,'81bbec7d63377535'),(68,1,'2021-06-06 15:25:00','2022-01-09 11:12:50',2,68,12,'81bbec7d63377535'),(69,1,'2021-06-06 15:25:00','2022-01-09 11:12:50',2,69,12,'81bbec7d63377535'),(70,1,'2021-06-06 15:25:00','2022-01-09 11:12:50',2,70,12,'81bbec7d63377535'),(71,1,'2021-06-06 15:25:00','2022-01-09 11:12:50',2,71,12,'81bbec7d63377535'),(72,1,'2021-06-06 15:25:00','2022-01-09 11:12:50',2,72,12,'81bbec7d63377535'),(73,1,'2021-06-06 15:25:00','2022-01-09 11:12:50',2,73,12,'81bbec7d63377535'),(74,1,'2021-06-06 15:25:00','2022-01-09 11:12:50',2,74,12,'81bbec7d63377535'),(75,1,'2021-06-06 15:25:00','2022-01-09 11:12:50',2,75,12,'81bbec7d63377535'),(76,1,'2021-06-06 15:25:00','2022-01-09 11:12:50',2,76,12,'81bbec7d63377535'),(77,1,'2021-06-06 15:25:00','2022-01-09 11:12:50',2,77,12,'81bbec7d63377535'),(78,1,'2021-06-06 15:25:00','2022-01-09 11:12:50',2,78,12,'81bbec7d63377535'),(79,4,'2021-06-06 15:25:00','2022-01-09 11:12:50',2,79,12,'81bbec7d63377535'),(80,2,'2021-06-06 15:25:00','2022-01-09 11:12:50',2,80,12,'81bbec7d63377535'),(81,1,'2021-06-06 15:25:00','2022-01-09 11:12:50',2,81,12,'81bbec7d63377535'),(82,1,'2021-06-06 15:25:00','2022-01-09 11:12:50',2,82,12,'81bbec7d63377535'),(83,1,'2021-06-06 15:25:00','2022-01-09 11:12:50',2,83,12,'81bbec7d63377535'),(84,4,'2021-06-06 15:25:00','2022-01-09 11:12:50',2,84,12,'81bbec7d63377535'),(85,1,'2021-06-06 15:25:00','2022-01-09 11:12:50',2,85,12,'81bbec7d63377535'),(86,3,'2021-06-06 15:25:00','2022-01-09 11:12:50',2,86,12,'81bbec7d63377535'),(87,1,'2021-06-06 15:25:00','2022-01-09 11:12:50',2,87,12,'81bbec7d63377535'),(88,1,'2021-06-06 15:25:00','2022-01-09 11:12:50',2,88,12,'81bbec7d63377535'),(89,1,'2021-06-06 15:25:00','2022-01-09 11:12:50',2,89,12,'81bbec7d63377535'),(90,1,'2021-06-06 15:25:00','2022-01-09 11:12:50',2,90,12,'81bbec7d63377535'),(91,2,'2021-06-06 15:25:00','2022-01-09 11:12:50',2,91,12,'81bbec7d63377535'),(92,15,'2021-06-06 15:25:00','2022-01-09 11:12:50',2,92,12,'81bbec7d63377535'),(93,1,'2021-06-06 15:25:00','2022-01-09 11:12:50',2,93,12,'81bbec7d63377535'),(94,1,'2021-06-06 15:25:00','2022-01-09 11:12:50',2,94,12,'81bbec7d63377535'),(95,1,'2021-06-06 15:25:00','2022-01-09 11:12:50',2,95,12,'81bbec7d63377535'),(96,1,'2021-06-06 15:25:00','2022-01-09 11:12:50',2,96,12,'81bbec7d63377535'),(97,1,'2021-06-06 15:25:00','2022-01-09 11:12:50',2,97,12,'81bbec7d63377535'),(98,1,'2021-06-06 15:25:00','2022-01-09 11:12:50',2,98,12,'81bbec7d63377535'),(99,3,'2021-06-06 15:25:00','2022-03-02 14:59:54',2,99,12,'81bbec7d63377535'),(100,1,'2021-06-06 15:25:00','2022-01-09 11:12:50',2,100,12,'81bbec7d63377535'),(101,1,'2021-06-06 15:25:00','2022-01-09 11:12:50',2,101,12,'81bbec7d63377535'),(102,1,'2021-06-06 15:25:00','2022-01-09 11:12:50',2,102,12,'81bbec7d63377535'),(103,1,'2021-06-06 15:25:00','2022-01-09 11:12:50',2,103,12,'81bbec7d63377535'),(104,1,'2021-06-06 15:25:00','2022-01-09 11:12:50',2,104,12,'81bbec7d63377535'),(105,1,'2021-06-06 15:25:00','2022-01-09 11:12:50',2,105,12,'81bbec7d63377535'),(106,1,'2021-06-06 15:25:00','2022-01-09 11:12:50',2,106,12,'81bbec7d63377535'),(107,1,'2021-06-06 15:25:00','2022-01-09 11:12:50',2,107,12,'81bbec7d63377535'),(108,1,'2021-06-06 15:25:00','2022-01-09 11:12:50',2,108,12,'81bbec7d63377535'),(109,1,'2021-06-06 15:25:00','2022-01-09 11:12:51',2,109,12,'81bbec7d63377535'),(110,7,'2021-06-06 15:25:00','2022-01-09 11:12:51',2,110,12,'81bbec7d63377535'),(111,5,'2021-06-06 15:25:00','2022-07-27 14:58:53',2,111,12,'81bbec7d63377535'),(112,1,'2021-06-06 15:25:00','2022-01-09 11:12:51',2,112,12,'81bbec7d63377535'),(113,1,'2021-06-06 15:25:00','2022-01-09 11:12:51',2,113,12,'81bbec7d63377535'),(114,1,'2021-06-06 15:25:00','2022-01-09 11:12:51',2,114,12,'81bbec7d63377535'),(115,1,'2021-06-06 15:25:00','2022-01-09 11:12:51',2,115,12,'81bbec7d63377535'),(116,1,'2021-06-06 15:25:00','2022-01-09 11:12:51',2,116,12,'81bbec7d63377535'),(117,3,'2021-06-06 15:25:00','2022-01-09 11:12:51',2,117,12,'81bbec7d63377535'),(118,2,'2021-06-06 15:25:00','2022-01-09 11:12:51',2,118,12,'81bbec7d63377535'),(119,2,'2021-06-06 15:25:00','2022-01-09 11:12:51',2,119,12,'81bbec7d63377535'),(120,1,'2021-06-06 15:25:00','2022-01-09 11:12:51',2,120,12,'81bbec7d63377535'),(121,1,'2021-06-06 15:25:00','2022-01-09 11:12:51',2,121,12,'81bbec7d63377535'),(122,1,'2021-06-06 15:25:00','2022-01-09 11:12:51',2,122,12,'81bbec7d63377535'),(123,1,'2021-06-06 15:25:00','2022-01-09 11:12:51',2,123,12,'81bbec7d63377535'),(124,1,'2021-06-06 15:25:00','2022-01-09 11:12:51',2,124,12,'81bbec7d63377535'),(125,1,'2021-06-06 15:25:00','2022-01-09 11:12:51',2,125,12,'81bbec7d63377535'),(126,9,'2021-06-06 15:25:00','2022-01-09 11:12:51',2,126,12,'81bbec7d63377535'),(127,8,'2021-06-06 15:25:00','2022-01-09 11:12:51',2,127,12,'81bbec7d63377535'),(128,8,'2021-06-06 15:25:00','2022-01-09 11:12:51',2,128,12,'81bbec7d63377535'),(129,12,'2021-06-06 15:25:00','2022-01-09 11:12:51',2,129,12,'81bbec7d63377535'),(130,9,'2021-06-06 15:25:00','2022-01-09 11:12:51',2,130,12,'81bbec7d63377535'),(131,6,'2021-06-06 15:25:00','2022-01-09 11:12:51',2,131,12,'81bbec7d63377535'),(132,1,'2021-06-06 15:25:00','2022-01-09 11:12:51',2,132,12,'81bbec7d63377535'),(133,0,'2021-06-06 15:25:00','2022-01-09 11:12:51',2,133,12,'81bbec7d63377535'),(134,0,'2021-06-06 15:25:00','2022-01-09 11:12:51',2,134,12,'81bbec7d63377535'),(135,5,'2021-06-06 15:25:00','2022-01-09 11:12:51',2,135,12,'81bbec7d63377535'),(136,10,'2021-06-06 15:25:00','2022-01-09 11:12:51',2,136,12,'81bbec7d63377535'),(137,10,'2021-06-06 15:25:00','2022-01-09 11:12:54',2,137,12,'81bbec7d63377535'),(138,1,'2021-06-06 15:25:00','2022-01-09 11:12:51',2,138,12,'81bbec7d63377535'),(139,1,'2021-06-06 15:25:00','2022-01-09 11:12:51',2,139,12,'81bbec7d63377535'),(140,2,'2021-06-06 15:25:00','2022-01-09 11:12:51',2,140,12,'81bbec7d63377535'),(141,2,'2021-06-06 15:25:00','2022-01-09 11:12:51',2,141,12,'81bbec7d63377535'),(142,1,'2021-06-06 15:25:00','2022-01-09 11:12:51',2,142,12,'81bbec7d63377535'),(143,1,'2021-06-06 15:25:00','2022-01-09 11:12:51',2,143,12,'81bbec7d63377535'),(144,0,'2021-06-06 15:25:00','2022-01-09 11:12:51',2,144,12,'81bbec7d63377535'),(145,14,'2021-06-06 15:25:00','2022-01-09 11:12:51',2,145,12,'81bbec7d63377535'),(146,0,'2021-06-06 15:25:00','2022-01-09 11:12:51',2,146,12,'81bbec7d63377535'),(147,26,'2021-06-06 15:25:00','2022-01-09 11:12:51',2,147,12,'81bbec7d63377535'),(148,12,'2021-06-06 15:25:00','2022-01-09 11:12:51',2,148,12,'81bbec7d63377535'),(149,15,'2021-06-06 15:25:00','2022-01-09 11:12:51',2,149,12,'81bbec7d63377535'),(150,6,'2021-06-06 15:25:00','2022-01-09 11:12:51',2,150,12,'81bbec7d63377535'),(151,8,'2021-06-06 15:25:00','2022-01-09 11:12:51',2,151,12,'81bbec7d63377535'),(152,5,'2021-06-06 15:25:00','2022-01-09 11:12:51',2,152,12,'81bbec7d63377535'),(153,5,'2021-06-06 15:25:00','2022-01-09 11:12:51',2,153,12,'81bbec7d63377535'),(154,1,'2021-06-06 15:25:00','2022-01-09 11:12:51',2,154,12,'81bbec7d63377535'),(155,1,'2021-06-06 15:25:00','2022-01-09 11:12:51',2,155,12,'81bbec7d63377535'),(156,100,'2021-06-06 15:25:00','2022-01-09 11:12:51',2,156,12,'81bbec7d63377535'),(157,1,'2021-06-06 15:25:00','2022-01-09 11:12:51',2,157,12,'81bbec7d63377535'),(158,4,'2021-06-06 15:25:00','2022-01-09 11:12:51',2,158,12,'81bbec7d63377535'),(159,4,'2021-06-06 15:25:00','2022-01-09 11:12:51',2,159,12,'81bbec7d63377535'),(160,8,'2021-06-06 15:25:00','2022-01-09 11:12:51',2,160,12,'81bbec7d63377535'),(161,6,'2021-06-06 15:25:00','2022-01-09 11:12:51',2,161,12,'81bbec7d63377535'),(162,4,'2021-06-06 15:25:00','2022-01-09 11:12:51',2,162,12,'81bbec7d63377535'),(163,6,'2021-06-06 15:25:00','2022-01-09 11:12:51',2,163,12,'81bbec7d63377535'),(164,4,'2021-06-06 15:25:00','2022-01-09 11:12:51',2,164,12,'81bbec7d63377535'),(165,8,'2021-06-06 15:25:00','2022-01-09 11:12:51',2,165,12,'81bbec7d63377535'),(166,8,'2021-06-06 15:25:00','2022-01-09 11:12:51',2,166,12,'81bbec7d63377535'),(167,8,'2021-06-06 15:25:00','2022-01-09 11:12:51',2,167,12,'81bbec7d63377535'),(168,3,'2021-06-06 15:25:00','2022-01-09 11:12:51',2,168,12,'81bbec7d63377535'),(169,9,'2021-06-06 15:25:00','2022-01-09 11:12:51',2,169,12,'81bbec7d63377535'),(170,1,'2021-06-06 15:25:00','2022-01-09 11:12:51',2,170,12,'81bbec7d63377535'),(171,1,'2021-06-06 15:25:00','2022-01-09 11:12:51',2,171,12,'81bbec7d63377535'),(172,1,'2021-06-06 15:25:00','2022-01-09 11:12:51',2,172,12,'81bbec7d63377535'),(173,1,'2021-06-06 15:25:00','2022-01-09 11:12:51',2,173,12,'81bbec7d63377535'),(174,1,'2021-06-06 15:25:00','2022-01-09 11:12:51',2,174,12,'81bbec7d63377535'),(175,4,'2021-06-06 15:25:00','2022-01-09 11:12:51',2,175,12,'81bbec7d63377535'),(176,1,'2021-06-06 15:25:00','2022-01-09 11:12:51',2,176,12,'81bbec7d63377535'),(177,6,'2021-06-06 15:25:00','2022-04-21 16:56:17',2,177,12,'81bbec7d63377535'),(178,1,'2021-06-06 15:25:00','2022-01-09 11:12:51',2,178,12,'81bbec7d63377535'),(179,1,'2021-06-06 15:25:00','2022-01-09 11:12:51',2,179,12,'81bbec7d63377535'),(180,7,'2021-06-06 15:25:00','2022-01-09 11:12:51',2,180,12,'81bbec7d63377535'),(181,27,'2021-06-06 15:25:00','2022-01-09 11:12:51',2,181,12,'81bbec7d63377535'),(182,29,'2021-06-06 15:25:00','2022-01-09 11:12:51',2,182,12,'81bbec7d63377535'),(183,1,'2021-06-06 15:25:00','2022-01-09 11:12:51',2,183,12,'81bbec7d63377535'),(184,4,'2021-06-06 15:25:00','2022-01-09 11:12:51',2,184,12,'81bbec7d63377535'),(185,6,'2021-06-06 15:25:00','2022-01-09 11:12:51',2,185,12,'81bbec7d63377535'),(186,1,'2021-06-06 15:25:00','2022-01-09 11:12:51',2,186,12,'81bbec7d63377535'),(187,1,'2021-06-06 15:25:00','2022-01-09 11:12:51',2,187,12,'81bbec7d63377535'),(188,4,'2021-06-06 15:25:00','2022-04-14 15:46:33',2,188,12,'81bbec7d63377535'),(189,6,'2021-06-06 15:25:00','2022-01-09 11:12:51',2,189,12,'81bbec7d63377535'),(190,1,'2021-06-06 15:25:00','2022-01-09 11:12:51',2,190,12,'81bbec7d63377535'),(191,2,'2021-06-06 15:25:00','2022-01-09 11:12:51',2,191,12,'81bbec7d63377535'),(192,2,'2021-06-06 15:25:00','2022-01-09 11:12:51',2,192,12,'81bbec7d63377535'),(193,0,'2021-06-06 15:25:00','2022-01-09 11:12:51',2,193,12,'81bbec7d63377535'),(194,1,'2021-06-06 15:25:00','2022-01-09 11:12:51',2,194,12,'81bbec7d63377535'),(195,2,'2021-06-06 15:25:00','2022-01-09 11:12:51',2,195,12,'81bbec7d63377535'),(196,3,'2021-06-06 15:25:00','2022-01-09 11:12:51',2,196,12,'81bbec7d63377535'),(197,5,'2021-06-06 15:25:00','2022-08-10 13:41:22',2,197,12,'81bbec7d63377535'),(198,1,'2021-06-06 15:25:00','2022-01-09 11:12:51',2,198,12,'81bbec7d63377535'),(199,2,'2021-06-06 15:25:00','2022-01-09 11:12:51',2,199,12,'81bbec7d63377535'),(200,1,'2021-06-06 15:25:00','2022-01-09 11:12:51',2,200,12,'81bbec7d63377535'),(201,2,'2021-06-06 15:25:00','2022-01-09 11:12:51',2,201,12,'81bbec7d63377535'),(202,1,'2021-06-06 15:25:00','2022-01-09 11:12:51',2,202,12,'81bbec7d63377535'),(203,4,'2021-06-06 15:25:00','2022-03-02 15:02:27',2,203,12,'81bbec7d63377535'),(204,4,'2021-06-06 15:25:00','2022-01-09 11:12:51',2,204,12,'81bbec7d63377535'),(205,1,'2021-06-06 15:25:00','2022-01-09 11:12:51',2,205,12,'81bbec7d63377535'),(206,1,'2021-06-06 15:25:00','2022-01-09 11:12:51',2,206,12,'81bbec7d63377535'),(207,1,'2021-06-06 15:25:00','2022-01-09 11:12:51',2,207,12,'81bbec7d63377535'),(208,2,'2021-06-06 15:25:00','2022-01-09 11:12:54',2,208,12,'81bbec7d63377535'),(209,2,'2021-06-06 15:25:00','2022-01-09 11:12:51',2,209,12,'81bbec7d63377535'),(210,2,'2021-06-06 15:25:00','2022-01-09 11:12:51',2,210,12,'81bbec7d63377535'),(211,2,'2021-06-06 15:25:00','2022-01-09 11:12:51',2,211,12,'81bbec7d63377535'),(212,2,'2021-06-06 15:25:00','2022-01-09 11:12:51',2,212,12,'81bbec7d63377535'),(213,2,'2021-06-06 15:25:00','2022-01-09 11:12:52',2,213,12,'81bbec7d63377535'),(214,1,'2021-06-06 15:25:00','2022-01-09 11:12:54',2,214,12,'81bbec7d63377535'),(215,2,'2021-06-06 15:25:00','2022-01-09 11:12:52',2,215,12,'81bbec7d63377535'),(216,2,'2021-06-06 15:25:00','2022-01-09 11:12:52',2,216,12,'81bbec7d63377535'),(217,3,'2021-06-06 15:25:00','2022-01-09 11:12:52',2,217,12,'81bbec7d63377535'),(218,2,'2021-06-06 15:25:00','2022-01-09 11:12:52',2,218,12,'81bbec7d63377535'),(219,2,'2021-06-06 15:25:00','2022-01-09 11:12:52',2,219,12,'81bbec7d63377535'),(220,2,'2021-06-06 15:25:00','2022-01-09 11:12:52',2,220,12,'81bbec7d63377535'),(221,3,'2021-06-06 15:25:00','2022-01-28 14:57:02',2,221,12,'81bbec7d63377535'),(222,2,'2021-06-06 15:25:00','2022-01-09 11:12:52',2,222,12,'81bbec7d63377535'),(223,1,'2021-06-06 15:25:00','2022-01-09 11:12:52',2,223,12,'81bbec7d63377535'),(224,6,'2021-06-06 15:25:00','2022-01-09 11:12:54',2,224,12,'81bbec7d63377535'),(225,6,'2021-06-06 15:25:00','2022-01-09 11:12:52',2,225,12,'81bbec7d63377535'),(226,3,'2021-06-06 15:25:00','2022-01-09 11:12:52',2,226,12,'81bbec7d63377535'),(227,7,'2021-06-06 15:25:00','2022-01-09 11:12:52',2,227,12,'81bbec7d63377535'),(228,3,'2021-06-06 15:25:00','2022-01-09 11:12:52',2,228,12,'81bbec7d63377535'),(229,2,'2021-06-06 15:25:00','2022-01-09 11:12:52',2,229,12,'81bbec7d63377535'),(230,3,'2021-06-06 15:25:00','2022-01-09 11:12:52',2,230,12,'81bbec7d63377535'),(231,3,'2021-06-06 15:25:00','2022-01-09 11:12:52',2,231,12,'81bbec7d63377535'),(232,3,'2021-06-06 15:25:00','2022-01-09 11:12:52',2,232,12,'81bbec7d63377535'),(233,11,'2021-06-06 15:25:00','2022-01-09 11:12:52',2,233,12,'81bbec7d63377535'),(234,1,'2021-06-06 15:25:00','2022-01-09 11:12:52',2,234,12,'81bbec7d63377535'),(235,1,'2021-06-06 15:25:00','2022-01-09 11:12:52',2,235,12,'81bbec7d63377535'),(236,20,'2021-06-06 15:25:00','2022-01-09 11:12:52',2,236,12,'81bbec7d63377535'),(237,9,'2021-06-06 15:25:00','2022-01-09 11:12:52',2,237,12,'81bbec7d63377535'),(238,90,'2021-06-06 15:25:00','2022-01-09 11:12:52',2,238,12,'81bbec7d63377535'),(239,37,'2021-06-06 15:25:00','2022-01-09 11:12:52',2,239,12,'81bbec7d63377535'),(240,2,'2021-06-06 15:25:00','2022-01-09 11:12:52',2,240,12,'81bbec7d63377535'),(241,0,'2021-06-06 15:25:00','2022-01-09 11:12:52',2,241,12,'81bbec7d63377535'),(242,1,'2021-06-06 15:25:00','2022-01-09 11:12:52',2,242,12,'81bbec7d63377535'),(243,5,'2021-06-06 15:25:00','2022-01-09 11:12:54',2,243,12,'81bbec7d63377535'),(244,3,'2021-06-06 15:25:00','2022-01-09 11:12:52',2,244,12,'81bbec7d63377535'),(245,1,'2021-06-06 15:25:00','2022-01-09 11:12:52',2,245,12,'81bbec7d63377535'),(246,1,'2021-06-06 15:25:00','2022-01-09 11:12:52',2,246,12,'81bbec7d63377535'),(247,3,'2021-06-06 15:25:00','2022-01-09 11:12:52',2,247,12,'81bbec7d63377535'),(248,6,'2021-06-06 15:25:00','2022-01-09 11:12:52',2,248,12,'81bbec7d63377535'),(249,2,'2021-06-06 15:25:00','2022-01-09 11:12:52',2,249,12,'81bbec7d63377535'),(250,3,'2021-06-06 15:25:00','2022-01-09 11:12:52',2,250,12,'81bbec7d63377535'),(251,4,'2021-06-06 15:25:00','2022-01-09 11:12:52',2,251,12,'81bbec7d63377535'),(252,17,'2021-06-06 15:25:00','2022-01-09 11:12:52',2,252,12,'81bbec7d63377535'),(253,2,'2021-06-06 15:25:00','2022-01-09 11:12:52',2,253,12,'81bbec7d63377535'),(254,3,'2021-06-06 15:25:00','2022-01-09 11:12:52',2,254,12,'81bbec7d63377535'),(255,2,'2021-06-06 15:25:00','2022-01-09 11:12:52',2,255,12,'81bbec7d63377535'),(256,3,'2021-06-06 15:25:00','2022-01-09 11:12:52',2,256,12,'81bbec7d63377535'),(257,4,'2021-06-06 15:25:00','2022-01-09 11:12:52',2,257,12,'81bbec7d63377535'),(258,13,'2021-06-06 15:25:00','2022-01-09 11:12:52',2,258,12,'81bbec7d63377535'),(259,1,'2021-06-06 15:25:00','2022-01-09 11:12:52',2,259,12,'81bbec7d63377535'),(260,1,'2021-06-06 15:25:00','2022-01-09 11:12:52',2,260,12,'81bbec7d63377535'),(261,2,'2021-06-06 15:25:00','2022-01-09 11:12:52',2,261,12,'81bbec7d63377535'),(262,6,'2021-06-06 15:25:00','2022-01-09 11:12:52',2,262,12,'81bbec7d63377535'),(263,9,'2021-06-06 15:25:00','2022-01-09 11:12:52',2,263,12,'81bbec7d63377535'),(264,2,'2021-06-06 15:25:00','2022-01-09 11:12:52',2,264,12,'81bbec7d63377535'),(265,2,'2021-06-06 15:25:00','2022-01-09 11:12:52',2,265,12,'81bbec7d63377535'),(266,8,'2021-06-06 15:25:00','2022-03-30 15:45:43',2,266,12,'81bbec7d63377535'),(267,5,'2021-06-06 15:25:00','2022-01-09 11:12:52',2,267,12,'81bbec7d63377535'),(268,1,'2021-06-06 15:25:00','2022-01-09 11:12:52',2,268,12,'81bbec7d63377535'),(269,2,'2021-06-06 15:25:00','2022-01-09 11:12:52',2,269,12,'81bbec7d63377535'),(270,98,'2021-06-06 15:25:00','2022-01-09 11:12:52',2,270,12,'81bbec7d63377535'),(271,3,'2021-06-06 15:25:00','2022-04-14 15:46:33',2,271,12,'81bbec7d63377535'),(272,5,'2021-06-06 15:25:00','2022-01-09 11:12:52',2,272,12,'81bbec7d63377535'),(273,6,'2021-06-06 15:25:00','2022-01-09 11:12:52',2,273,12,'81bbec7d63377535'),(274,3,'2021-06-06 15:25:00','2022-01-09 11:12:52',2,274,12,'81bbec7d63377535'),(275,0,'2021-06-06 15:25:00','2022-01-09 11:12:52',2,275,12,'81bbec7d63377535'),(276,2,'2021-06-06 15:25:00','2022-01-09 11:12:52',2,276,12,'81bbec7d63377535'),(277,3,'2021-06-06 15:25:00','2022-01-09 11:12:52',2,277,12,'81bbec7d63377535'),(278,4,'2021-06-06 15:25:00','2022-01-09 11:12:52',2,278,12,'81bbec7d63377535'),(279,10,'2021-06-06 15:25:00','2022-01-09 11:12:52',2,279,12,'81bbec7d63377535'),(280,1,'2021-06-06 15:25:00','2022-01-09 11:12:52',2,280,12,'81bbec7d63377535'),(281,1,'2021-06-06 15:25:00','2022-01-09 11:12:52',2,281,12,'81bbec7d63377535'),(282,0,'2021-06-06 15:25:00','2022-01-09 11:12:52',2,282,12,'81bbec7d63377535'),(283,2,'2021-06-06 15:25:00','2022-01-09 11:12:52',2,283,12,'81bbec7d63377535'),(284,4,'2021-06-06 15:25:00','2022-01-09 11:12:52',2,284,12,'81bbec7d63377535'),(285,2,'2021-06-06 15:25:00','2022-01-09 11:12:52',2,285,12,'81bbec7d63377535'),(286,1,'2021-06-06 15:25:00','2022-01-09 11:12:52',2,286,12,'81bbec7d63377535'),(287,50,'2021-06-06 15:25:00','2022-07-27 15:32:32',2,287,12,'81bbec7d63377535'),(288,3,'2021-06-06 15:25:00','2022-01-09 11:12:52',2,288,12,'81bbec7d63377535'),(289,9,'2021-06-06 15:25:00','2022-01-09 11:12:52',2,289,12,'81bbec7d63377535'),(290,12,'2021-06-06 15:25:00','2022-01-09 11:12:52',2,290,12,'81bbec7d63377535'),(291,4,'2021-06-06 15:25:00','2022-01-09 11:12:52',2,291,12,'81bbec7d63377535'),(292,3,'2021-06-06 15:25:00','2022-01-09 11:12:52',2,292,12,'81bbec7d63377535'),(293,1,'2021-06-06 15:25:00','2022-01-09 11:12:52',2,293,12,'81bbec7d63377535'),(294,3,'2021-06-06 15:25:00','2022-01-09 11:12:52',2,294,12,'81bbec7d63377535'),(295,4,'2021-06-06 15:25:00','2022-01-09 11:12:52',2,295,12,'81bbec7d63377535'),(296,4,'2021-06-06 15:25:00','2022-01-09 11:12:52',2,296,12,'81bbec7d63377535'),(297,4,'2021-06-06 15:25:00','2022-01-09 11:12:52',2,297,12,'81bbec7d63377535'),(298,1,'2021-06-06 15:25:00','2022-01-09 11:12:52',2,298,12,'81bbec7d63377535'),(299,0,'2021-06-06 15:25:00','2022-01-09 11:12:52',2,299,12,'81bbec7d63377535'),(300,1,'2021-06-06 15:25:00','2022-01-09 11:12:52',2,300,12,'81bbec7d63377535'),(301,4,'2021-06-06 15:25:00','2022-01-09 11:12:52',2,301,12,'81bbec7d63377535'),(302,6,'2021-06-06 15:25:00','2022-07-27 13:14:25',2,302,12,'81bbec7d63377535'),(303,24,'2021-06-06 15:25:00','2022-07-27 12:02:41',2,303,12,'81bbec7d63377535'),(304,1,'2021-06-06 15:25:00','2022-01-09 11:12:52',2,304,12,'81bbec7d63377535'),(305,10,'2021-06-06 15:25:00','2022-01-09 11:12:54',2,305,12,'81bbec7d63377535'),(306,10,'2021-06-06 15:25:00','2022-01-09 11:12:52',2,306,12,'81bbec7d63377535'),(307,5,'2021-06-06 15:25:00','2022-01-09 11:12:52',2,307,12,'81bbec7d63377535'),(308,5,'2021-06-06 15:25:00','2022-01-09 11:12:52',2,308,12,'81bbec7d63377535'),(309,13,'2021-06-06 15:25:00','2022-01-09 11:12:52',2,309,12,'81bbec7d63377535'),(310,10,'2021-06-06 15:25:00','2022-01-09 11:12:52',2,310,12,'81bbec7d63377535'),(311,10,'2021-06-06 15:25:00','2022-01-09 11:12:52',2,311,12,'81bbec7d63377535'),(312,2,'2021-06-06 15:25:00','2022-01-09 11:12:52',2,312,12,'81bbec7d63377535'),(313,4,'2021-06-06 15:25:00','2022-01-09 11:12:53',2,313,12,'81bbec7d63377535'),(314,6,'2021-06-06 15:25:00','2022-01-09 11:12:53',2,314,12,'81bbec7d63377535'),(315,2,'2021-06-06 15:25:00','2022-01-09 11:12:53',2,315,12,'81bbec7d63377535'),(316,4,'2021-06-06 15:25:00','2022-01-09 11:12:53',2,316,12,'81bbec7d63377535'),(317,3,'2021-06-06 15:25:00','2022-01-09 11:12:53',2,317,12,'81bbec7d63377535'),(318,10,'2021-06-06 15:25:00','2022-07-27 13:31:59',2,318,12,'81bbec7d63377535'),(319,3,'2021-06-06 15:25:00','2022-01-09 11:12:53',2,319,12,'81bbec7d63377535'),(320,5,'2021-06-06 15:25:00','2022-07-27 13:26:24',2,320,12,'81bbec7d63377535'),(321,5,'2021-06-06 15:25:00','2022-01-09 11:12:53',2,321,12,'81bbec7d63377535'),(322,8,'2021-06-06 15:25:00','2022-01-09 11:12:54',2,322,12,'81bbec7d63377535'),(323,8,'2021-06-06 15:25:00','2022-01-09 11:12:53',2,323,12,'81bbec7d63377535'),(324,1,'2021-06-06 15:25:00','2022-01-09 11:12:53',2,324,12,'81bbec7d63377535'),(325,2,'2021-06-06 15:25:00','2022-01-09 11:12:53',2,325,12,'81bbec7d63377535'),(326,12,'2021-06-06 15:25:00','2022-01-09 11:12:53',2,326,12,'81bbec7d63377535'),(327,4,'2021-06-06 15:25:00','2022-01-09 11:12:53',2,327,12,'81bbec7d63377535'),(328,11,'2021-06-06 15:25:00','2022-01-09 11:12:53',2,328,12,'81bbec7d63377535'),(329,1,'2021-06-06 15:25:00','2022-01-09 11:12:53',2,329,12,'81bbec7d63377535'),(330,1,'2021-06-06 15:25:00','2022-01-09 11:12:53',2,330,12,'81bbec7d63377535'),(331,4,'2021-06-06 15:25:00','2022-01-09 11:12:53',2,331,12,'81bbec7d63377535'),(332,5,'2021-06-06 15:25:00','2022-01-09 11:12:53',2,332,12,'81bbec7d63377535'),(333,3,'2021-06-06 15:25:00','2022-01-09 11:12:53',2,333,12,'81bbec7d63377535'),(334,1,'2021-06-06 15:25:00','2022-01-09 11:12:53',2,334,12,'81bbec7d63377535'),(335,1,'2021-06-06 15:25:00','2022-01-09 11:12:53',2,335,12,'81bbec7d63377535'),(336,1,'2021-06-06 15:25:00','2022-01-09 11:12:53',2,336,12,'81bbec7d63377535'),(337,4,'2021-06-06 15:25:00','2022-01-09 11:12:53',2,337,12,'81bbec7d63377535'),(338,1,'2021-06-06 15:25:00','2022-01-09 11:12:53',2,338,12,'81bbec7d63377535'),(339,1,'2021-06-06 15:25:00','2022-01-09 11:12:53',2,339,12,'81bbec7d63377535'),(340,1,'2021-06-06 15:25:00','2022-01-09 11:12:53',2,340,12,'81bbec7d63377535'),(341,1,'2021-06-06 15:25:00','2022-01-09 11:12:53',2,341,12,'81bbec7d63377535'),(342,1,'2021-06-06 15:25:00','2022-01-09 11:12:53',2,342,12,'81bbec7d63377535'),(343,2,'2021-06-06 15:25:00','2022-01-09 11:12:53',2,343,12,'81bbec7d63377535'),(344,1,'2021-06-06 15:25:00','2022-01-09 11:12:53',2,344,12,'81bbec7d63377535'),(345,3,'2021-06-06 15:25:00','2022-01-09 11:12:53',2,345,12,'81bbec7d63377535'),(346,2,'2021-06-06 15:25:00','2022-01-09 11:12:53',2,346,12,'81bbec7d63377535'),(347,3,'2021-06-06 15:25:00','2022-07-27 11:58:57',2,347,12,'81bbec7d63377535'),(348,4,'2021-06-06 15:25:00','2022-07-27 11:56:16',2,348,12,'81bbec7d63377535'),(349,2,'2021-06-06 15:25:00','2022-01-09 11:12:53',2,349,12,'81bbec7d63377535'),(350,2,'2021-06-06 15:25:00','2022-01-09 11:12:53',2,350,12,'81bbec7d63377535'),(351,8,'2021-06-06 15:25:00','2022-01-09 11:12:53',2,351,12,'81bbec7d63377535'),(352,8,'2021-06-06 15:25:00','2022-01-09 11:12:53',2,352,12,'81bbec7d63377535'),(353,4,'2021-06-06 15:25:00','2022-07-27 13:52:30',2,353,12,'81bbec7d63377535'),(354,8,'2021-06-06 15:25:00','2022-01-09 11:12:53',2,354,12,'81bbec7d63377535'),(355,2,'2021-06-06 15:25:00','2022-01-09 11:12:53',2,355,12,'81bbec7d63377535'),(356,4,'2021-06-06 15:25:00','2022-01-09 11:12:53',2,356,12,'81bbec7d63377535'),(357,4,'2021-06-06 15:25:00','2022-01-09 11:12:53',2,357,12,'81bbec7d63377535'),(358,8,'2021-06-06 15:25:00','2022-01-09 11:12:53',2,358,12,'81bbec7d63377535'),(359,6,'2021-06-06 15:25:00','2022-01-09 11:12:53',2,359,12,'81bbec7d63377535'),(360,20,'2021-06-06 15:25:00','2022-01-09 11:12:53',2,360,12,'81bbec7d63377535'),(361,6,'2021-06-06 15:25:00','2022-01-09 11:12:53',2,361,12,'81bbec7d63377535'),(362,5,'2021-06-06 15:25:00','2022-01-09 11:12:53',2,362,12,'81bbec7d63377535'),(363,5,'2021-06-06 15:25:00','2022-01-09 11:12:53',2,363,12,'81bbec7d63377535'),(364,4,'2021-06-06 15:25:00','2022-01-09 11:12:53',2,364,12,'81bbec7d63377535'),(365,2,'2021-06-06 15:25:00','2022-01-09 11:12:53',2,365,12,'81bbec7d63377535'),(366,1,'2021-06-06 15:25:00','2022-01-09 11:12:53',2,366,12,'81bbec7d63377535'),(367,20,'2021-06-06 15:25:00','2022-01-09 11:12:53',2,367,12,'81bbec7d63377535'),(368,20,'2021-06-06 15:25:00','2022-01-09 11:12:53',2,368,12,'81bbec7d63377535'),(369,20,'2021-06-06 15:25:00','2022-01-09 11:12:53',2,369,12,'81bbec7d63377535'),(370,20,'2021-06-06 15:25:00','2022-01-09 11:12:53',2,370,12,'81bbec7d63377535'),(371,20,'2021-06-06 15:25:00','2022-01-09 11:12:53',2,371,12,'81bbec7d63377535'),(372,20,'2021-06-06 15:25:00','2022-01-09 11:12:53',2,372,12,'81bbec7d63377535'),(373,1,'2021-06-06 15:25:00','2022-01-09 11:12:53',2,373,12,'81bbec7d63377535'),(374,4,'2021-06-06 15:25:00','2022-01-09 11:12:53',2,374,12,'81bbec7d63377535'),(375,4,'2021-06-06 15:25:00','2022-01-09 11:12:53',2,375,12,'81bbec7d63377535'),(376,1,'2021-06-06 15:25:00','2022-01-09 11:12:53',2,376,12,'81bbec7d63377535'),(377,1,'2021-06-06 15:25:00','2022-01-09 11:12:53',2,377,12,'81bbec7d63377535'),(378,2,'2021-06-06 15:25:00','2022-01-09 11:12:53',2,378,12,'81bbec7d63377535'),(379,3,'2021-06-06 15:25:00','2022-01-09 11:12:53',2,379,12,'81bbec7d63377535'),(380,1,'2021-06-06 15:25:00','2022-01-09 11:12:53',2,380,12,'81bbec7d63377535'),(381,6,'2021-06-06 15:25:00','2022-01-09 11:12:53',2,381,12,'81bbec7d63377535'),(382,4,'2021-06-06 15:25:00','2022-01-09 11:12:53',2,382,12,'81bbec7d63377535'),(383,5,'2021-06-06 15:25:00','2022-08-10 13:41:22',2,383,12,'81bbec7d63377535'),(384,8,'2021-06-06 15:25:00','2022-01-09 11:12:53',2,384,12,'81bbec7d63377535'),(385,6,'2021-06-06 15:25:00','2022-01-09 11:12:53',2,385,12,'81bbec7d63377535'),(386,4,'2021-06-06 15:25:00','2022-01-09 11:12:53',2,386,12,'81bbec7d63377535'),(387,1,'2021-06-06 15:25:00','2022-01-09 11:12:53',2,387,12,'81bbec7d63377535'),(388,0,'2021-06-06 15:25:00','2022-01-09 11:12:53',2,388,12,'81bbec7d63377535'),(389,1,'2021-06-06 15:25:00','2022-01-09 11:12:53',2,389,12,'81bbec7d63377535'),(390,1,'2021-06-06 15:25:00','2022-01-09 11:12:53',2,390,12,'81bbec7d63377535'),(391,1,'2021-06-06 15:25:00','2022-01-09 11:12:53',2,391,12,'81bbec7d63377535'),(392,7,'2021-06-06 15:25:00','2022-01-09 11:12:53',2,392,12,'81bbec7d63377535'),(393,16,'2021-06-06 15:25:00','2022-01-09 11:12:53',2,393,12,'81bbec7d63377535'),(394,3,'2021-06-06 15:25:00','2022-01-09 11:12:53',2,394,12,'81bbec7d63377535'),(395,5,'2021-06-06 15:25:00','2022-01-09 11:12:53',2,395,12,'81bbec7d63377535'),(396,0,'2021-06-06 15:25:00','2022-01-09 11:12:53',2,396,12,'81bbec7d63377535'),(397,1,'2021-06-06 15:25:00','2022-01-09 11:12:53',2,397,12,'81bbec7d63377535'),(398,3,'2021-06-06 15:25:00','2022-01-09 11:12:54',2,398,12,'81bbec7d63377535'),(399,6,'2021-06-06 15:25:00','2022-01-09 11:12:54',2,399,12,'81bbec7d63377535'),(404,2,'2021-06-27 15:46:01','2021-06-27 15:46:01',6,137,1,NULL),(405,1,'2021-06-27 16:00:20','2021-06-27 16:00:20',4,137,1,NULL),(406,2,'2022-01-08 17:08:24','2022-01-09 11:12:50',2,487,12,'81bbec7d63377535'),(407,1,'2022-01-08 17:08:24','2022-01-09 11:12:50',2,488,12,'81bbec7d63377535'),(408,1,'2022-01-08 17:08:24','2022-01-09 11:12:50',2,489,12,'81bbec7d63377535'),(409,1,'2022-01-08 17:08:24','2022-01-09 11:12:50',2,490,12,'81bbec7d63377535'),(410,1,'2022-01-08 17:08:24','2022-01-09 11:12:50',2,491,12,'81bbec7d63377535'),(411,1,'2022-01-08 17:08:24','2022-01-09 11:12:50',2,492,12,'81bbec7d63377535'),(412,1,'2022-01-08 17:08:24','2022-01-09 11:12:50',2,493,12,'81bbec7d63377535'),(413,3,'2022-01-08 17:08:24','2022-01-09 11:12:50',2,494,12,'81bbec7d63377535'),(414,1,'2022-01-08 17:08:24','2022-07-27 14:21:40',2,495,12,'81bbec7d63377535'),(415,4,'2022-01-08 17:08:24','2022-01-09 11:12:50',2,496,12,'81bbec7d63377535'),(416,2,'2022-01-08 17:08:24','2022-01-09 11:12:50',2,497,12,'81bbec7d63377535'),(417,1,'2022-01-08 17:08:24','2022-01-09 11:12:50',2,498,12,'81bbec7d63377535'),(418,1,'2022-01-08 17:08:24','2022-01-09 11:12:50',2,499,12,'81bbec7d63377535'),(419,2,'2022-01-08 17:08:24','2022-01-09 11:12:50',2,500,12,'81bbec7d63377535'),(420,3,'2022-01-08 17:08:24','2022-01-09 11:12:50',2,501,12,'81bbec7d63377535'),(421,2,'2022-01-08 17:08:25','2022-01-09 11:12:50',2,502,12,'81bbec7d63377535'),(422,3,'2022-01-08 17:08:25','2022-01-09 11:12:50',2,503,12,'81bbec7d63377535'),(423,1,'2022-01-08 17:08:25','2022-01-09 11:12:50',2,504,12,'81bbec7d63377535'),(424,1,'2022-01-08 17:08:25','2022-01-09 11:12:50',2,505,12,'81bbec7d63377535'),(425,3,'2022-01-08 17:08:25','2022-01-09 11:12:50',2,506,12,'81bbec7d63377535'),(426,3,'2022-01-08 17:08:25','2022-01-09 11:12:50',2,507,12,'81bbec7d63377535'),(427,2,'2022-01-08 17:08:25','2022-01-09 11:12:50',2,508,12,'81bbec7d63377535'),(428,3,'2022-01-08 17:08:25','2022-01-09 11:12:50',2,509,12,'81bbec7d63377535'),(429,1,'2022-01-08 17:08:25','2022-01-09 11:12:50',2,510,12,'81bbec7d63377535'),(430,3,'2022-01-08 17:08:25','2022-01-09 11:12:50',2,511,12,'81bbec7d63377535'),(431,1,'2022-01-08 17:08:25','2022-01-09 11:12:50',2,512,12,'81bbec7d63377535'),(432,9,'2022-01-08 17:08:25','2022-01-09 11:12:50',2,513,12,'81bbec7d63377535'),(433,9,'2022-01-08 17:08:25','2022-01-09 11:12:50',2,514,12,'81bbec7d63377535'),(434,2,'2022-01-08 17:08:25','2022-01-09 11:12:50',2,515,12,'81bbec7d63377535'),(435,3,'2022-01-08 17:08:25','2022-01-09 11:12:50',2,516,12,'81bbec7d63377535'),(436,1,'2022-01-08 17:08:25','2022-01-09 11:12:51',2,517,12,'81bbec7d63377535'),(437,1,'2022-01-08 17:08:25','2022-01-09 11:12:51',2,518,12,'81bbec7d63377535'),(438,1,'2022-01-08 17:08:25','2022-01-09 11:12:51',2,519,12,'81bbec7d63377535'),(439,1,'2022-01-08 17:08:25','2022-01-09 11:12:51',2,520,12,'81bbec7d63377535'),(440,4,'2022-01-08 17:08:25','2022-01-09 11:12:51',2,521,12,'81bbec7d63377535'),(441,1,'2022-01-08 17:08:25','2022-01-09 11:12:51',2,522,12,'81bbec7d63377535'),(442,1,'2022-01-08 17:08:25','2022-01-09 11:12:51',2,523,12,'81bbec7d63377535'),(443,1,'2022-01-08 17:08:25','2022-01-09 11:12:51',2,524,12,'81bbec7d63377535'),(444,3,'2022-01-08 17:08:25','2022-01-09 11:12:51',2,525,12,'81bbec7d63377535'),(445,11,'2022-01-08 17:08:25','2022-01-09 11:12:51',2,526,12,'81bbec7d63377535'),(446,1,'2022-01-08 17:08:26','2022-01-09 11:12:51',2,527,12,'81bbec7d63377535'),(447,2,'2022-01-08 17:08:26','2022-01-09 11:12:51',2,528,12,'81bbec7d63377535'),(448,1,'2022-01-08 17:08:26','2022-01-09 11:12:51',2,529,12,'81bbec7d63377535'),(449,2,'2022-01-08 17:08:26','2022-01-09 11:12:51',2,530,12,'81bbec7d63377535'),(450,4,'2022-01-08 17:08:26','2022-01-09 11:12:51',2,531,12,'81bbec7d63377535'),(451,1,'2022-01-08 17:08:26','2022-01-09 11:12:51',2,532,12,'81bbec7d63377535'),(452,8,'2022-01-08 17:08:26','2022-01-09 11:12:51',2,533,12,'81bbec7d63377535'),(453,15,'2022-01-08 17:08:26','2022-01-09 11:12:51',2,534,12,'81bbec7d63377535'),(454,8,'2022-01-08 17:08:26','2022-07-27 16:20:57',2,535,12,'81bbec7d63377535'),(455,2,'2022-01-08 17:08:26','2022-01-09 11:12:51',2,536,12,'81bbec7d63377535'),(456,1,'2022-01-08 17:08:26','2022-07-27 13:53:06',2,537,12,'81bbec7d63377535'),(457,11,'2022-01-08 17:08:26','2022-01-09 11:12:51',2,538,12,'81bbec7d63377535'),(458,3,'2022-01-08 17:08:26','2022-01-09 11:12:51',2,539,12,'81bbec7d63377535'),(459,2,'2022-01-08 17:08:26','2022-01-09 11:12:51',2,540,12,'81bbec7d63377535'),(460,2,'2022-01-08 17:08:26','2022-01-09 11:12:51',2,541,12,'81bbec7d63377535'),(461,18,'2022-01-08 17:08:26','2022-07-27 13:51:39',2,542,12,'81bbec7d63377535'),(462,0,'2022-01-08 17:08:26','2022-01-09 11:12:51',2,543,12,'81bbec7d63377535'),(463,1,'2022-01-08 17:08:26','2022-01-09 11:12:51',2,544,12,'81bbec7d63377535'),(464,0,'2022-01-08 17:08:26','2022-01-09 11:12:51',2,545,12,'81bbec7d63377535'),(465,6,'2022-01-08 17:08:26','2022-01-09 11:12:51',2,546,12,'81bbec7d63377535'),(466,6,'2022-01-08 17:08:26','2022-01-09 11:12:51',2,547,12,'81bbec7d63377535'),(467,4,'2022-01-08 17:08:26','2022-01-09 11:12:51',2,548,12,'81bbec7d63377535'),(468,2,'2022-01-08 17:08:26','2022-01-09 11:12:51',2,549,12,'81bbec7d63377535'),(469,6,'2022-01-08 17:08:26','2022-01-09 11:12:51',2,550,12,'81bbec7d63377535'),(470,6,'2022-01-08 17:08:26','2022-01-09 11:12:51',2,551,12,'81bbec7d63377535'),(471,8,'2022-01-08 17:08:26','2022-01-28 14:57:02',2,552,12,'81bbec7d63377535'),(472,1,'2022-01-08 17:08:26','2022-01-09 11:12:51',2,553,12,'81bbec7d63377535'),(473,6,'2022-01-08 17:08:26','2022-01-09 11:12:51',2,554,12,'81bbec7d63377535'),(474,6,'2022-01-08 17:08:26','2022-01-09 11:12:51',2,555,12,'81bbec7d63377535'),(475,1,'2022-01-08 17:08:26','2022-07-27 15:31:41',2,556,12,'81bbec7d63377535'),(476,1,'2022-01-08 17:08:26','2022-01-09 11:12:51',2,557,12,'81bbec7d63377535'),(477,8,'2022-01-08 17:08:26','2022-01-09 11:12:51',2,558,12,'81bbec7d63377535'),(478,2,'2022-01-08 17:08:26','2022-01-09 11:12:51',2,559,12,'81bbec7d63377535'),(479,1,'2022-01-08 17:08:26','2022-01-09 11:12:51',2,560,12,'81bbec7d63377535'),(480,17,'2022-01-08 17:08:26','2022-01-09 11:12:51',2,561,12,'81bbec7d63377535'),(481,4,'2022-01-08 17:08:26','2022-01-09 11:12:51',2,562,12,'81bbec7d63377535'),(482,1,'2022-01-08 17:08:26','2022-01-09 11:12:51',2,563,12,'81bbec7d63377535'),(483,1,'2022-01-08 17:08:26','2022-01-09 11:12:51',2,564,12,'81bbec7d63377535'),(484,2,'2022-01-08 17:08:26','2022-01-09 11:12:51',2,565,12,'81bbec7d63377535'),(485,1,'2022-01-08 17:08:26','2022-01-09 11:12:51',2,566,12,'81bbec7d63377535'),(486,6,'2022-01-08 17:08:26','2022-04-21 16:56:37',2,567,12,'81bbec7d63377535'),(487,5,'2022-01-08 17:08:26','2022-07-27 11:54:16',2,568,12,'81bbec7d63377535'),(488,1,'2022-01-08 17:08:27','2022-01-09 11:12:51',2,569,12,'81bbec7d63377535'),(489,1,'2022-01-08 17:08:27','2022-01-09 11:12:51',2,570,12,'81bbec7d63377535'),(490,3,'2022-01-08 17:08:27','2022-01-09 11:12:51',2,571,12,'81bbec7d63377535'),(491,2,'2022-01-08 17:08:27','2022-01-09 11:12:51',2,572,12,'81bbec7d63377535'),(492,9,'2022-01-08 17:08:27','2022-01-09 11:12:51',2,573,12,'81bbec7d63377535'),(493,9,'2022-01-08 17:08:27','2022-07-27 14:16:48',2,574,12,'81bbec7d63377535'),(494,4,'2022-01-08 17:08:27','2022-01-09 11:12:51',2,575,12,'81bbec7d63377535'),(495,2,'2022-01-08 17:08:27','2022-01-09 11:12:51',2,576,12,'81bbec7d63377535'),(496,1,'2022-01-08 17:08:27','2022-01-09 11:12:51',2,577,12,'81bbec7d63377535'),(497,2,'2022-01-08 17:08:27','2022-01-09 11:12:51',2,578,12,'81bbec7d63377535'),(498,3,'2022-01-08 17:08:27','2022-01-09 11:12:51',2,579,12,'81bbec7d63377535'),(499,1,'2022-01-08 17:08:27','2022-01-09 11:12:51',2,580,12,'81bbec7d63377535'),(500,3,'2022-01-08 17:08:27','2022-01-09 11:12:51',2,581,12,'81bbec7d63377535'),(501,1,'2022-01-08 17:08:27','2022-01-09 11:12:51',2,582,12,'81bbec7d63377535'),(502,1,'2022-01-08 17:08:27','2022-01-09 11:12:51',2,583,12,'81bbec7d63377535'),(503,0,'2022-01-08 17:08:27','2022-01-09 11:12:51',2,584,12,'81bbec7d63377535'),(504,4,'2022-01-08 17:08:27','2022-01-09 11:12:52',2,585,12,'81bbec7d63377535'),(505,2,'2022-01-08 17:08:27','2022-01-09 11:12:52',2,586,12,'81bbec7d63377535'),(506,2,'2022-01-08 17:08:27','2022-01-09 11:12:52',2,587,12,'81bbec7d63377535'),(507,2,'2022-01-08 17:08:27','2022-01-09 11:12:52',2,588,12,'81bbec7d63377535'),(508,2,'2022-01-08 17:08:27','2022-01-09 11:12:52',2,589,12,'81bbec7d63377535'),(509,2,'2022-01-08 17:08:27','2022-01-09 11:12:52',2,590,12,'81bbec7d63377535'),(510,2,'2022-01-08 17:08:27','2022-01-09 11:12:52',2,591,12,'81bbec7d63377535'),(511,2,'2022-01-08 17:08:27','2022-01-09 11:12:52',2,592,12,'81bbec7d63377535'),(512,2,'2022-01-08 17:08:27','2022-01-09 11:12:52',2,593,12,'81bbec7d63377535'),(513,2,'2022-01-08 17:08:27','2022-01-09 11:12:52',2,594,12,'81bbec7d63377535'),(514,2,'2022-01-08 17:08:27','2022-01-09 11:12:52',2,595,12,'81bbec7d63377535'),(515,2,'2022-01-08 17:08:27','2022-01-09 11:12:52',2,596,12,'81bbec7d63377535'),(516,2,'2022-01-08 17:08:27','2022-01-09 11:12:52',2,597,12,'81bbec7d63377535'),(517,2,'2022-01-08 17:08:27','2022-01-09 11:12:52',2,598,12,'81bbec7d63377535'),(518,2,'2022-01-08 17:08:27','2022-01-09 11:12:52',2,599,12,'81bbec7d63377535'),(519,2,'2022-01-08 17:08:27','2022-01-09 11:12:52',2,600,12,'81bbec7d63377535'),(520,2,'2022-01-08 17:08:27','2022-01-09 11:12:52',2,601,12,'81bbec7d63377535'),(521,2,'2022-01-08 17:08:27','2022-01-09 11:12:52',2,602,12,'81bbec7d63377535'),(522,4,'2022-01-08 17:08:27','2022-01-09 11:12:52',2,603,12,'81bbec7d63377535'),(523,5,'2022-01-08 17:08:27','2022-01-09 11:12:52',2,604,12,'81bbec7d63377535'),(524,2,'2022-01-08 17:08:27','2022-01-09 11:12:52',2,605,12,'81bbec7d63377535'),(525,2,'2022-01-08 17:08:27','2022-01-09 11:12:52',2,606,12,'81bbec7d63377535'),(526,13,'2022-01-08 17:08:27','2022-01-09 11:12:52',2,607,12,'81bbec7d63377535'),(527,5,'2022-01-08 17:08:27','2022-01-09 11:12:52',2,608,12,'81bbec7d63377535'),(528,22,'2022-01-08 17:08:28','2022-01-09 11:12:52',2,609,12,'81bbec7d63377535'),(529,15,'2022-01-08 17:08:28','2022-01-09 11:12:52',2,610,12,'81bbec7d63377535'),(530,1,'2022-01-08 17:08:28','2022-01-09 11:12:52',2,611,12,'81bbec7d63377535'),(531,2,'2022-01-08 17:08:28','2022-01-09 11:12:52',2,612,12,'81bbec7d63377535'),(532,4,'2022-01-08 17:08:28','2022-01-09 11:12:52',2,613,12,'81bbec7d63377535'),(533,2,'2022-01-08 17:08:28','2022-01-09 11:12:52',2,614,12,'81bbec7d63377535'),(534,2,'2022-01-08 17:08:28','2022-01-09 11:12:52',2,615,12,'81bbec7d63377535'),(535,3,'2022-01-08 17:08:28','2022-07-12 14:09:53',2,616,12,'81bbec7d63377535'),(536,4,'2022-01-08 17:08:28','2022-01-09 11:12:52',2,617,12,'81bbec7d63377535'),(537,3,'2022-01-08 17:08:28','2022-01-09 11:12:52',2,618,12,'81bbec7d63377535'),(538,3,'2022-01-08 17:08:28','2022-01-09 11:12:52',2,619,12,'81bbec7d63377535'),(539,14,'2022-01-08 17:08:28','2022-01-09 11:12:52',2,620,12,'81bbec7d63377535'),(540,1,'2022-01-08 17:08:28','2022-01-09 11:12:52',2,621,12,'81bbec7d63377535'),(541,2,'2022-01-08 17:08:28','2022-01-09 11:12:52',2,622,12,'81bbec7d63377535'),(542,2,'2022-01-08 17:08:28','2022-01-09 11:12:52',2,623,12,'81bbec7d63377535'),(543,1,'2022-01-08 17:08:28','2022-01-09 11:12:52',2,624,12,'81bbec7d63377535'),(544,1,'2022-01-08 17:08:28','2022-01-09 11:12:52',2,625,12,'81bbec7d63377535'),(545,1,'2022-01-08 17:08:28','2022-01-09 11:12:52',2,626,12,'81bbec7d63377535'),(546,1,'2022-01-08 17:08:28','2022-01-09 11:12:52',2,627,12,'81bbec7d63377535'),(547,3,'2022-01-08 17:08:28','2022-01-09 11:12:52',2,628,12,'81bbec7d63377535'),(548,1,'2022-01-08 17:08:28','2022-01-09 11:12:52',2,629,12,'81bbec7d63377535'),(549,1,'2022-01-08 17:08:28','2022-01-09 11:12:52',2,630,12,'81bbec7d63377535'),(550,1,'2022-01-08 17:08:28','2022-01-09 11:12:52',2,631,12,'81bbec7d63377535'),(551,13,'2022-01-08 17:08:28','2022-07-27 15:32:55',2,632,12,'81bbec7d63377535'),(552,0,'2022-01-08 17:08:28','2022-02-22 18:01:31',2,633,12,'81bbec7d63377535'),(553,1,'2022-01-08 17:08:28','2022-01-09 11:12:52',2,634,12,'81bbec7d63377535'),(554,1,'2022-01-08 17:08:28','2022-01-09 11:12:52',2,635,12,'81bbec7d63377535'),(555,8,'2022-01-08 17:08:28','2022-07-27 15:32:03',2,636,12,'81bbec7d63377535'),(556,5,'2022-01-08 17:08:28','2022-01-09 11:12:52',2,637,12,'81bbec7d63377535'),(557,4,'2022-01-08 17:08:28','2022-01-09 11:12:52',2,638,12,'81bbec7d63377535'),(558,1,'2022-01-08 17:08:28','2022-01-09 11:12:52',2,639,12,'81bbec7d63377535'),(559,1,'2022-01-08 17:08:28','2022-01-09 11:12:52',2,640,12,'81bbec7d63377535'),(560,6,'2022-01-08 17:08:28','2022-01-09 11:12:52',2,641,12,'81bbec7d63377535'),(561,8,'2022-01-08 17:08:28','2022-01-09 11:12:52',2,642,12,'81bbec7d63377535'),(562,10,'2022-01-08 17:08:29','2022-01-09 11:12:52',2,643,12,'81bbec7d63377535'),(563,8,'2022-01-08 17:08:29','2022-01-09 11:12:52',2,644,12,'81bbec7d63377535'),(564,4,'2022-01-08 17:08:29','2022-01-09 11:12:53',2,645,12,'81bbec7d63377535'),(565,4,'2022-01-08 17:08:29','2022-01-09 11:12:53',2,646,12,'81bbec7d63377535'),(566,4,'2022-01-08 17:08:29','2022-01-09 11:12:53',2,647,12,'81bbec7d63377535'),(567,4,'2022-01-08 17:08:29','2022-01-09 11:12:53',2,648,12,'81bbec7d63377535'),(568,1,'2022-01-08 17:08:29','2022-01-09 11:12:53',2,649,12,'81bbec7d63377535'),(569,1,'2022-01-08 17:08:29','2022-01-09 11:12:53',2,650,12,'81bbec7d63377535'),(570,2,'2022-01-08 17:08:29','2022-01-09 11:12:53',2,651,12,'81bbec7d63377535'),(571,10,'2022-01-08 17:08:29','2022-01-09 11:12:53',2,652,12,'81bbec7d63377535'),(572,2,'2022-01-08 17:08:29','2022-01-09 11:12:53',2,653,12,'81bbec7d63377535'),(573,2,'2022-01-08 17:08:29','2022-07-27 13:53:45',2,654,12,'81bbec7d63377535'),(574,7,'2022-01-08 17:08:29','2022-01-09 11:12:53',2,655,12,'81bbec7d63377535'),(575,1,'2022-01-08 17:08:29','2022-01-09 11:12:53',2,656,12,'81bbec7d63377535'),(576,4,'2022-01-08 17:08:29','2022-07-27 12:03:01',2,657,12,'81bbec7d63377535'),(577,1,'2022-01-08 17:08:29','2022-01-09 11:12:53',2,658,12,'81bbec7d63377535'),(578,1,'2022-01-08 17:08:29','2022-01-09 11:12:53',2,659,12,'81bbec7d63377535'),(579,5,'2022-01-08 17:08:29','2022-01-09 11:12:53',2,660,12,'81bbec7d63377535'),(580,4,'2022-01-08 17:08:29','2022-01-09 11:12:53',2,661,12,'81bbec7d63377535'),(581,9,'2022-01-08 17:08:29','2022-07-27 13:21:09',2,662,12,'81bbec7d63377535'),(582,4,'2022-01-08 17:08:29','2022-01-09 11:12:53',2,663,12,'81bbec7d63377535'),(583,5,'2022-01-08 17:08:29','2022-01-09 11:12:53',2,664,12,'81bbec7d63377535'),(584,22,'2022-01-08 17:08:29','2022-01-09 11:12:53',2,665,12,'81bbec7d63377535'),(585,15,'2022-01-08 17:08:29','2022-01-09 11:12:53',2,666,12,'81bbec7d63377535'),(586,3,'2022-01-08 17:08:29','2022-01-09 11:12:53',2,667,12,'81bbec7d63377535'),(587,1,'2022-01-08 17:08:29','2022-01-09 11:12:53',2,668,12,'81bbec7d63377535'),(588,4,'2022-01-08 17:08:29','2022-01-09 11:12:53',2,669,12,'81bbec7d63377535'),(589,8,'2022-01-08 17:08:29','2022-01-09 11:12:53',2,670,12,'81bbec7d63377535'),(590,10,'2022-01-08 17:08:29','2022-01-09 11:12:53',2,671,12,'81bbec7d63377535'),(591,18,'2022-01-08 17:08:29','2022-01-09 11:12:53',2,672,12,'81bbec7d63377535'),(592,5,'2022-01-08 17:08:30','2022-01-09 11:12:53',2,673,12,'81bbec7d63377535'),(593,2,'2022-01-08 17:08:30','2022-01-09 11:12:53',2,674,12,'81bbec7d63377535'),(594,2,'2022-01-08 17:08:30','2022-01-09 11:12:53',2,675,12,'81bbec7d63377535'),(595,1,'2022-01-08 17:08:30','2022-01-09 11:12:53',2,676,12,'81bbec7d63377535'),(596,2,'2022-01-08 17:08:30','2022-01-09 11:12:53',2,677,12,'81bbec7d63377535'),(597,4,'2022-01-08 17:08:30','2022-01-09 11:12:53',2,678,12,'81bbec7d63377535'),(598,1,'2022-01-08 17:08:30','2022-01-09 11:12:53',2,679,12,'81bbec7d63377535'),(599,3,'2022-01-08 17:08:30','2022-01-09 11:12:53',2,680,12,'81bbec7d63377535'),(600,1,'2022-01-08 17:08:30','2022-01-09 11:12:53',2,681,12,'81bbec7d63377535'),(601,4,'2022-01-08 17:08:30','2022-01-09 11:12:53',2,682,12,'81bbec7d63377535'),(602,2,'2022-01-08 17:08:30','2022-01-09 11:12:53',2,683,12,'81bbec7d63377535'),(603,1,'2022-01-08 17:08:30','2022-01-09 11:12:53',2,684,12,'81bbec7d63377535'),(604,1,'2022-01-08 17:08:30','2022-01-09 11:12:53',2,685,12,'81bbec7d63377535'),(605,1,'2022-01-08 17:08:30','2022-01-09 11:12:53',2,686,12,'81bbec7d63377535'),(606,1,'2022-01-08 17:08:30','2022-01-09 11:12:53',2,687,12,'81bbec7d63377535'),(607,2,'2022-01-08 17:08:30','2022-01-09 11:12:53',2,688,12,'81bbec7d63377535'),(608,4,'2022-01-08 17:08:30','2022-01-09 11:12:53',2,689,12,'81bbec7d63377535'),(609,12,'2022-01-08 17:08:30','2022-01-09 11:12:53',2,690,12,'81bbec7d63377535'),(610,2,'2022-01-08 17:08:30','2022-01-09 11:12:53',2,691,12,'81bbec7d63377535'),(611,2,'2022-01-08 17:08:30','2022-01-09 11:12:53',2,692,12,'81bbec7d63377535'),(612,4,'2022-01-08 17:08:30','2022-01-09 11:12:53',2,693,12,'81bbec7d63377535'),(613,2,'2022-01-08 17:08:30','2022-01-09 11:12:53',2,694,12,'81bbec7d63377535'),(614,1,'2022-01-08 17:08:30','2022-01-09 11:12:53',2,695,12,'81bbec7d63377535'),(615,2,'2022-01-08 17:08:30','2022-01-09 11:12:53',2,696,12,'81bbec7d63377535'),(616,2,'2022-01-08 17:08:30','2022-01-09 11:12:54',2,697,12,'81bbec7d63377535'),(617,2,'2022-01-08 17:08:30','2022-01-09 11:12:54',2,698,12,'81bbec7d63377535'),(618,1,'2022-01-08 17:08:30','2022-01-09 11:12:54',2,699,12,'81bbec7d63377535'),(619,6,'2022-01-08 17:08:30','2022-01-09 11:12:54',2,700,12,'81bbec7d63377535'),(620,1,'2022-01-09 11:05:37','2022-01-09 11:12:54',2,701,12,'81bbec7d63377535'),(621,4,'2022-01-09 11:05:37','2022-01-09 11:12:54',2,702,12,'81bbec7d63377535'),(622,17,'2022-01-09 11:05:37','2022-01-09 11:12:54',2,703,12,'81bbec7d63377535'),(623,20,'2022-01-09 11:05:37','2022-01-09 11:12:54',2,704,12,'81bbec7d63377535'),(624,0,'2022-01-09 11:05:37','2022-01-09 11:12:54',2,705,12,'81bbec7d63377535'),(625,4,'2022-01-09 11:05:37','2022-01-09 11:12:54',2,706,12,'81bbec7d63377535'),(626,6,'2022-01-09 11:05:37','2022-01-09 11:12:54',2,707,12,'81bbec7d63377535'),(627,4,'2022-01-09 11:05:37','2022-01-09 11:12:54',2,708,12,'81bbec7d63377535'),(628,3,'2022-01-09 11:05:37','2022-01-09 11:12:54',2,709,12,'81bbec7d63377535'),(629,2,'2022-01-09 11:05:37','2022-01-19 10:37:42',2,710,12,'81bbec7d63377535'),(630,15,'2022-01-09 11:05:37','2022-01-09 11:12:54',2,711,12,'81bbec7d63377535'),(631,0,'2022-01-09 11:15:16','2022-01-09 11:15:16',2,712,12,'64be72a2129fecec'),(632,0,'2022-01-09 11:15:16','2022-01-09 11:15:16',2,713,12,'64be72a2129fecec'),(633,0,'2022-01-09 11:15:16','2022-01-09 11:15:16',2,714,12,'64be72a2129fecec'),(634,0,'2022-01-09 11:15:16','2022-01-09 11:15:16',2,715,12,'64be72a2129fecec'),(635,0,'2022-01-09 11:15:16','2022-01-09 11:15:16',2,716,12,'64be72a2129fecec'),(636,0,'2022-01-09 11:15:16','2022-01-09 11:15:16',2,717,12,'64be72a2129fecec'),(637,0,'2022-01-09 11:15:16','2022-01-09 11:15:16',2,718,12,'64be72a2129fecec'),(638,0,'2022-01-09 11:15:16','2022-01-09 11:15:16',2,719,12,'64be72a2129fecec'),(639,0,'2022-01-09 11:15:16','2022-01-09 11:15:16',2,720,12,'64be72a2129fecec'),(640,0,'2022-01-09 11:15:16','2022-01-09 11:15:16',2,721,12,'64be72a2129fecec'),(641,0,'2022-01-09 11:15:16','2022-01-09 11:15:16',2,722,12,'64be72a2129fecec'),(642,0,'2022-01-09 11:15:16','2022-01-09 11:15:16',2,723,12,'64be72a2129fecec'),(643,0,'2022-01-09 11:15:16','2022-01-09 11:15:16',2,724,12,'64be72a2129fecec'),(644,0,'2022-01-09 11:15:16','2022-01-09 11:15:16',2,725,12,'64be72a2129fecec'),(645,0,'2022-01-09 11:15:16','2022-01-09 11:15:16',2,726,12,'64be72a2129fecec'),(646,0,'2022-01-09 11:15:16','2022-01-09 11:15:16',2,727,12,'64be72a2129fecec'),(647,0,'2022-01-09 11:15:16','2022-01-09 11:15:16',2,728,12,'64be72a2129fecec'),(648,0,'2022-01-09 11:15:16','2022-01-09 11:15:16',2,729,12,'64be72a2129fecec'),(649,0,'2022-01-09 11:15:16','2022-01-09 11:15:16',2,730,12,'64be72a2129fecec'),(650,0,'2022-01-09 11:15:16','2022-01-09 11:15:16',2,731,12,'64be72a2129fecec'),(651,0,'2022-01-09 11:15:16','2022-01-09 11:15:16',2,732,12,'64be72a2129fecec'),(652,0,'2022-01-09 11:15:16','2022-01-09 11:15:16',2,733,12,'64be72a2129fecec'),(653,0,'2022-01-09 11:15:16','2022-01-09 11:15:16',2,734,12,'64be72a2129fecec'),(654,0,'2022-01-09 11:15:16','2022-01-09 11:15:16',2,735,12,'64be72a2129fecec'),(655,0,'2022-01-09 11:15:16','2022-01-09 11:15:16',2,736,12,'64be72a2129fecec'),(656,0,'2022-01-09 11:15:16','2022-01-09 11:15:16',2,737,12,'64be72a2129fecec'),(657,0,'2022-01-09 11:15:16','2022-01-09 11:15:16',2,738,12,'64be72a2129fecec'),(658,0,'2022-01-09 11:15:16','2022-01-09 11:15:16',2,739,12,'64be72a2129fecec'),(659,0,'2022-01-09 11:15:16','2022-01-09 11:15:16',2,740,12,'64be72a2129fecec'),(660,0,'2022-01-09 11:15:16','2022-01-09 11:15:16',2,741,12,'64be72a2129fecec'),(661,0,'2022-01-09 11:15:16','2022-01-09 11:15:16',2,742,12,'64be72a2129fecec'),(662,0,'2022-01-09 11:15:16','2022-01-09 11:15:16',2,743,12,'64be72a2129fecec'),(663,0,'2022-01-09 11:15:16','2022-01-09 11:15:16',2,744,12,'64be72a2129fecec'),(664,0,'2022-01-09 11:15:16','2022-01-09 11:15:16',2,745,12,'64be72a2129fecec'),(665,0,'2022-01-09 11:15:16','2022-01-09 11:15:16',2,746,12,'64be72a2129fecec'),(666,0,'2022-01-09 11:15:16','2022-01-09 11:15:16',2,747,12,'64be72a2129fecec'),(667,0,'2022-01-09 11:15:16','2022-01-09 11:15:16',2,748,12,'64be72a2129fecec'),(668,0,'2022-01-09 11:15:16','2022-01-09 11:15:16',2,749,12,'64be72a2129fecec'),(669,0,'2022-01-09 11:15:16','2022-01-09 11:15:16',2,750,12,'64be72a2129fecec'),(670,0,'2022-01-09 11:15:16','2022-01-09 11:15:16',2,751,12,'64be72a2129fecec'),(671,0,'2022-01-09 11:15:16','2022-01-09 11:15:16',2,752,12,'64be72a2129fecec'),(672,0,'2022-01-09 11:15:16','2022-01-09 11:15:16',2,753,12,'64be72a2129fecec'),(673,0,'2022-01-09 11:15:16','2022-01-09 11:15:16',2,754,12,'64be72a2129fecec'),(674,0,'2022-01-09 11:15:16','2022-01-09 11:15:16',2,755,12,'64be72a2129fecec'),(675,0,'2022-01-09 11:15:16','2022-01-09 11:15:16',2,756,12,'64be72a2129fecec'),(676,0,'2022-01-09 11:15:16','2022-01-09 11:15:16',2,757,12,'64be72a2129fecec'),(677,0,'2022-01-09 11:15:16','2022-01-09 11:15:16',2,758,12,'64be72a2129fecec'),(678,0,'2022-01-09 11:15:16','2022-01-09 11:15:16',2,759,12,'64be72a2129fecec'),(679,0,'2022-01-09 11:15:17','2022-01-09 11:15:17',2,760,12,'64be72a2129fecec'),(680,0,'2022-01-09 11:15:17','2022-01-09 11:15:17',2,761,12,'64be72a2129fecec'),(681,0,'2022-01-09 11:15:17','2022-01-09 11:15:17',2,762,12,'64be72a2129fecec'),(682,0,'2022-01-09 11:15:17','2022-01-09 11:15:17',2,763,12,'64be72a2129fecec'),(683,0,'2022-01-09 11:15:17','2022-01-09 11:15:17',2,764,12,'64be72a2129fecec'),(684,0,'2022-01-09 11:15:17','2022-01-09 11:15:17',2,765,12,'64be72a2129fecec'),(685,0,'2022-01-09 11:15:17','2022-01-09 11:15:17',2,766,12,'64be72a2129fecec'),(686,0,'2022-01-09 11:15:17','2022-01-09 11:15:17',2,767,12,'64be72a2129fecec'),(687,0,'2022-01-09 11:15:17','2022-01-09 11:15:17',2,768,12,'64be72a2129fecec'),(688,0,'2022-01-09 11:15:17','2022-01-09 11:15:17',2,769,12,'64be72a2129fecec'),(689,0,'2022-01-09 11:15:17','2022-01-09 11:15:17',2,770,12,'64be72a2129fecec'),(690,0,'2022-01-09 11:15:17','2022-01-09 11:15:17',2,771,12,'64be72a2129fecec'),(691,0,'2022-01-09 11:15:17','2022-01-09 11:15:17',2,772,12,'64be72a2129fecec'),(692,0,'2022-01-09 11:15:17','2022-01-09 11:15:17',2,773,12,'64be72a2129fecec'),(693,0,'2022-01-09 11:15:17','2022-01-09 11:15:17',2,774,12,'64be72a2129fecec'),(694,19,'2022-01-09 11:15:17','2022-06-15 14:55:32',2,775,12,'64be72a2129fecec'),(695,0,'2022-01-09 11:15:17','2022-01-09 11:15:17',2,776,12,'64be72a2129fecec'),(696,0,'2022-01-09 11:15:17','2022-01-09 11:15:17',2,777,12,'64be72a2129fecec'),(697,0,'2022-01-09 11:15:17','2022-01-09 11:15:17',2,778,12,'64be72a2129fecec'),(698,0,'2022-01-09 11:15:17','2022-01-09 11:15:17',2,779,12,'64be72a2129fecec'),(699,0,'2022-01-09 11:15:17','2022-01-09 11:15:17',2,780,12,'64be72a2129fecec'),(700,0,'2022-01-09 11:15:17','2022-01-09 11:15:17',2,781,12,'64be72a2129fecec'),(701,0,'2022-01-09 11:15:17','2022-01-09 11:15:17',2,782,12,'64be72a2129fecec'),(702,0,'2022-01-09 11:15:17','2022-01-09 11:15:17',2,783,12,'64be72a2129fecec'),(703,0,'2022-01-09 11:15:17','2022-01-09 11:15:17',2,784,12,'64be72a2129fecec'),(704,0,'2022-01-09 11:15:17','2022-01-09 11:15:17',2,785,12,'64be72a2129fecec'),(705,0,'2022-01-09 11:15:17','2022-01-09 11:15:17',2,786,12,'64be72a2129fecec'),(706,0,'2022-01-09 11:15:17','2022-01-09 11:15:17',2,787,12,'64be72a2129fecec'),(707,0,'2022-01-09 11:15:17','2022-01-09 11:15:17',2,788,12,'64be72a2129fecec'),(708,0,'2022-01-09 11:15:17','2022-01-09 11:15:17',2,789,12,'64be72a2129fecec'),(709,0,'2022-01-09 11:15:17','2022-01-09 11:15:17',2,790,12,'64be72a2129fecec'),(710,0,'2022-01-09 11:15:17','2022-01-09 11:15:17',2,791,12,'64be72a2129fecec'),(711,0,'2022-01-09 11:15:17','2022-01-09 11:15:17',2,792,12,'64be72a2129fecec'),(712,0,'2022-01-09 11:15:17','2022-01-09 11:15:17',2,793,12,'64be72a2129fecec'),(713,0,'2022-01-09 11:15:17','2022-01-09 11:15:17',2,794,12,'64be72a2129fecec'),(714,0,'2022-01-09 11:15:17','2022-01-09 11:15:17',2,795,12,'64be72a2129fecec'),(715,0,'2022-01-09 11:15:17','2022-01-09 11:15:17',2,796,12,'64be72a2129fecec'),(716,0,'2022-01-09 11:15:17','2022-01-09 11:15:17',2,797,12,'64be72a2129fecec'),(717,0,'2022-01-09 11:15:17','2022-01-09 11:15:17',2,798,12,'64be72a2129fecec'),(718,0,'2022-01-09 11:15:17','2022-01-09 11:15:17',2,799,12,'64be72a2129fecec'),(719,0,'2022-01-09 11:15:17','2022-01-09 11:15:17',2,800,12,'64be72a2129fecec'),(720,0,'2022-01-09 11:15:17','2022-01-09 11:15:17',2,801,12,'64be72a2129fecec'),(721,0,'2022-01-09 11:15:17','2022-01-09 11:15:17',2,802,12,'64be72a2129fecec'),(722,0,'2022-01-09 11:15:17','2022-01-09 11:15:17',2,803,12,'64be72a2129fecec'),(723,0,'2022-01-09 11:15:17','2022-01-09 11:15:17',2,804,12,'64be72a2129fecec'),(724,0,'2022-01-09 11:15:17','2022-01-09 11:15:17',2,805,12,'64be72a2129fecec'),(725,0,'2022-01-09 11:15:17','2022-01-09 11:15:17',2,806,12,'64be72a2129fecec'),(726,0,'2022-01-09 11:15:17','2022-01-09 11:15:17',2,807,12,'64be72a2129fecec'),(727,0,'2022-01-09 11:15:17','2022-01-09 11:15:17',2,808,12,'64be72a2129fecec'),(728,0,'2022-01-09 11:15:17','2022-01-09 11:15:17',2,809,12,'64be72a2129fecec'),(729,0,'2022-01-09 11:15:17','2022-01-09 11:15:17',2,810,12,'64be72a2129fecec'),(730,0,'2022-01-09 11:15:17','2022-01-09 11:15:17',2,811,12,'64be72a2129fecec'),(731,0,'2022-01-09 11:15:17','2022-01-09 11:15:17',2,812,12,'64be72a2129fecec'),(732,0,'2022-01-09 11:15:17','2022-01-09 11:15:17',2,813,12,'64be72a2129fecec'),(733,0,'2022-01-09 11:15:17','2022-01-09 11:15:17',2,814,12,'64be72a2129fecec'),(734,0,'2022-01-09 11:15:17','2022-01-09 11:15:17',2,815,12,'64be72a2129fecec'),(735,0,'2022-01-09 11:15:17','2022-01-09 11:15:17',2,816,12,'64be72a2129fecec'),(736,0,'2022-01-09 11:15:17','2022-01-09 11:15:17',2,817,12,'64be72a2129fecec'),(737,0,'2022-01-09 11:15:17','2022-01-09 11:15:17',2,818,12,'64be72a2129fecec'),(738,0,'2022-01-09 11:15:17','2022-01-09 11:15:17',2,819,12,'64be72a2129fecec'),(739,0,'2022-01-09 11:15:17','2022-01-09 11:15:17',2,820,12,'64be72a2129fecec'),(740,0,'2022-01-09 11:15:17','2022-01-09 11:15:17',2,821,12,'64be72a2129fecec'),(741,0,'2022-01-09 11:15:17','2022-01-09 11:15:17',2,822,12,'64be72a2129fecec'),(742,0,'2022-01-09 11:15:17','2022-01-09 11:15:17',2,823,12,'64be72a2129fecec'),(743,0,'2022-01-09 11:15:17','2022-01-09 11:15:17',2,824,12,'64be72a2129fecec'),(744,0,'2022-01-09 11:15:17','2022-01-09 11:15:17',2,825,12,'64be72a2129fecec'),(745,0,'2022-01-09 11:15:17','2022-01-09 11:15:17',2,826,12,'64be72a2129fecec'),(746,0,'2022-01-09 11:15:17','2022-01-09 11:15:17',2,827,12,'64be72a2129fecec'),(747,0,'2022-01-09 11:15:17','2022-01-09 11:15:17',2,828,12,'64be72a2129fecec'),(748,0,'2022-01-09 11:15:17','2022-01-09 11:15:17',2,829,12,'64be72a2129fecec'),(749,0,'2022-01-09 11:15:17','2022-01-09 11:15:17',2,830,12,'64be72a2129fecec'),(750,0,'2022-01-09 11:15:17','2022-01-09 11:15:17',2,831,12,'64be72a2129fecec'),(751,0,'2022-01-09 11:15:18','2022-01-09 11:15:18',2,832,12,'64be72a2129fecec'),(752,0,'2022-01-09 11:15:18','2022-01-09 11:15:18',2,833,12,'64be72a2129fecec'),(753,0,'2022-01-09 11:15:18','2022-01-09 11:15:18',2,834,12,'64be72a2129fecec'),(754,0,'2022-01-09 11:15:18','2022-01-09 11:15:18',2,835,12,'64be72a2129fecec'),(755,0,'2022-01-09 11:15:18','2022-01-09 11:15:18',2,836,12,'64be72a2129fecec'),(756,0,'2022-01-09 11:15:18','2022-01-09 11:15:18',2,837,12,'64be72a2129fecec'),(757,0,'2022-01-09 11:15:18','2022-01-09 11:15:18',2,838,12,'64be72a2129fecec'),(758,0,'2022-01-09 11:15:18','2022-01-09 11:15:18',2,839,12,'64be72a2129fecec'),(759,0,'2022-01-09 11:15:18','2022-01-09 11:15:18',2,840,12,'64be72a2129fecec'),(760,0,'2022-01-09 11:15:18','2022-01-09 11:15:18',2,841,12,'64be72a2129fecec'),(761,0,'2022-01-09 11:15:18','2022-01-09 11:15:18',2,842,12,'64be72a2129fecec'),(762,0,'2022-01-09 11:15:18','2022-01-09 11:15:18',2,843,12,'64be72a2129fecec'),(763,0,'2022-01-09 11:15:18','2022-01-09 11:15:18',2,844,12,'64be72a2129fecec'),(764,0,'2022-01-09 11:15:18','2022-01-09 11:15:18',2,845,12,'64be72a2129fecec'),(765,0,'2022-01-09 11:15:18','2022-01-09 11:15:18',2,846,12,'64be72a2129fecec'),(766,0,'2022-01-09 11:15:18','2022-01-09 11:15:18',2,847,12,'64be72a2129fecec'),(767,0,'2022-01-09 11:15:18','2022-01-09 11:15:18',2,848,12,'64be72a2129fecec'),(768,0,'2022-01-09 11:15:18','2022-01-09 11:15:18',2,849,12,'64be72a2129fecec'),(769,0,'2022-01-09 11:15:18','2022-01-09 11:15:18',2,850,12,'64be72a2129fecec'),(770,0,'2022-01-09 11:15:18','2022-01-09 11:15:18',2,851,12,'64be72a2129fecec'),(771,0,'2022-01-09 11:15:18','2022-01-09 11:15:18',2,852,12,'64be72a2129fecec'),(772,0,'2022-01-09 11:15:18','2022-01-09 11:15:18',2,853,12,'64be72a2129fecec'),(773,0,'2022-01-09 11:15:18','2022-01-09 11:15:18',2,854,12,'64be72a2129fecec'),(774,0,'2022-01-09 11:15:18','2022-01-09 11:15:18',2,855,12,'64be72a2129fecec'),(775,0,'2022-01-09 11:15:18','2022-01-09 11:15:18',2,856,12,'64be72a2129fecec'),(776,0,'2022-01-09 11:15:18','2022-01-09 11:15:18',2,857,12,'64be72a2129fecec'),(777,0,'2022-01-09 11:15:18','2022-01-09 11:15:18',2,858,12,'64be72a2129fecec'),(778,0,'2022-01-09 11:15:18','2022-01-09 11:15:18',2,859,12,'64be72a2129fecec'),(779,0,'2022-01-09 11:15:18','2022-01-09 11:15:18',2,860,12,'64be72a2129fecec'),(780,0,'2022-01-09 11:15:18','2022-01-09 11:15:18',2,861,12,'64be72a2129fecec'),(781,0,'2022-01-09 11:15:18','2022-01-09 11:15:18',2,862,12,'64be72a2129fecec'),(782,0,'2022-01-09 11:15:18','2022-01-09 11:15:18',2,863,12,'64be72a2129fecec'),(783,0,'2022-01-09 11:15:18','2022-01-09 11:15:18',2,864,12,'64be72a2129fecec'),(784,0,'2022-01-09 11:15:18','2022-01-09 11:15:18',2,865,12,'64be72a2129fecec'),(785,0,'2022-01-09 11:15:18','2022-01-09 11:15:18',2,866,12,'64be72a2129fecec'),(786,0,'2022-01-09 11:15:18','2022-01-09 11:15:18',2,867,12,'64be72a2129fecec'),(787,0,'2022-01-09 11:15:18','2022-01-09 11:15:18',2,868,12,'64be72a2129fecec'),(788,0,'2022-01-09 11:15:18','2022-01-09 11:15:18',2,869,12,'64be72a2129fecec'),(789,0,'2022-01-09 11:15:18','2022-01-09 11:15:18',2,870,12,'64be72a2129fecec'),(790,0,'2022-01-09 11:15:18','2022-01-09 11:15:18',2,871,12,'64be72a2129fecec'),(791,0,'2022-01-09 11:15:18','2022-01-09 11:15:18',2,872,12,'64be72a2129fecec'),(792,0,'2022-01-09 11:15:18','2022-01-09 11:15:18',2,873,12,'64be72a2129fecec'),(793,0,'2022-01-09 11:15:18','2022-01-09 11:15:18',2,874,12,'64be72a2129fecec'),(794,0,'2022-01-09 11:15:18','2022-01-09 11:15:18',2,875,12,'64be72a2129fecec'),(795,0,'2022-01-09 11:15:18','2022-01-09 11:15:18',2,876,12,'64be72a2129fecec'),(796,0,'2022-01-09 11:15:18','2022-01-09 11:15:18',2,877,12,'64be72a2129fecec'),(797,0,'2022-01-09 11:15:18','2022-01-09 11:15:18',2,878,12,'64be72a2129fecec'),(798,0,'2022-01-09 11:15:18','2022-01-09 11:15:18',2,879,12,'64be72a2129fecec'),(799,0,'2022-01-09 11:15:18','2022-01-09 11:15:18',2,880,12,'64be72a2129fecec'),(800,0,'2022-01-09 11:15:18','2022-01-09 11:15:18',2,881,12,'64be72a2129fecec'),(801,0,'2022-01-09 11:15:18','2022-01-09 11:15:18',2,882,12,'64be72a2129fecec'),(802,0,'2022-01-09 11:15:18','2022-01-09 11:15:18',2,883,12,'64be72a2129fecec'),(803,0,'2022-01-09 11:15:18','2022-01-09 11:15:18',2,884,12,'64be72a2129fecec'),(804,0,'2022-01-09 11:15:18','2022-01-09 11:15:18',2,885,12,'64be72a2129fecec'),(805,0,'2022-01-09 11:15:18','2022-01-09 11:15:18',2,886,12,'64be72a2129fecec'),(806,0,'2022-01-09 11:15:18','2022-01-09 11:15:18',2,887,12,'64be72a2129fecec'),(807,0,'2022-01-09 11:15:18','2022-01-09 11:15:18',2,888,12,'64be72a2129fecec'),(808,0,'2022-01-09 11:15:18','2022-01-09 11:15:18',2,889,12,'64be72a2129fecec'),(809,0,'2022-01-09 11:15:18','2022-01-09 11:15:18',2,890,12,'64be72a2129fecec'),(810,0,'2022-01-09 11:15:18','2022-01-09 11:15:18',2,891,12,'64be72a2129fecec'),(811,0,'2022-01-09 11:15:18','2022-01-09 11:15:18',2,892,12,'64be72a2129fecec'),(812,0,'2022-01-09 11:15:18','2022-01-09 11:15:18',2,893,12,'64be72a2129fecec'),(813,0,'2022-01-09 11:15:18','2022-01-09 11:15:18',2,894,12,'64be72a2129fecec'),(814,0,'2022-01-09 11:15:18','2022-01-09 11:15:18',2,895,12,'64be72a2129fecec'),(815,0,'2022-01-09 11:15:18','2022-01-09 11:15:18',2,896,12,'64be72a2129fecec'),(816,0,'2022-01-09 11:15:18','2022-01-09 11:15:18',2,897,12,'64be72a2129fecec'),(817,0,'2022-01-09 11:15:18','2022-01-09 11:15:18',2,898,12,'64be72a2129fecec'),(818,0,'2022-01-09 11:15:18','2022-01-09 11:15:18',2,899,12,'64be72a2129fecec'),(819,0,'2022-01-09 11:15:18','2022-01-09 11:15:18',2,900,12,'64be72a2129fecec'),(820,0,'2022-01-09 11:15:18','2022-01-09 11:15:18',2,901,12,'64be72a2129fecec'),(821,0,'2022-01-09 11:15:18','2022-01-09 11:15:18',2,902,12,'64be72a2129fecec'),(822,0,'2022-01-09 11:15:18','2022-01-09 11:15:18',2,903,12,'64be72a2129fecec'),(823,0,'2022-01-09 11:15:18','2022-01-09 11:15:18',2,904,12,'64be72a2129fecec'),(824,0,'2022-01-09 11:15:18','2022-01-09 11:15:18',2,905,12,'64be72a2129fecec'),(825,0,'2022-01-09 11:15:18','2022-01-09 11:15:18',2,906,12,'64be72a2129fecec'),(826,0,'2022-01-09 11:15:18','2022-01-09 11:15:18',2,907,12,'64be72a2129fecec'),(827,0,'2022-01-09 11:15:18','2022-01-09 11:15:18',2,908,12,'64be72a2129fecec'),(828,0,'2022-01-09 11:15:18','2022-01-09 11:15:18',2,909,12,'64be72a2129fecec'),(829,0,'2022-01-09 11:15:18','2022-01-09 11:15:18',2,910,12,'64be72a2129fecec'),(830,0,'2022-01-09 11:15:18','2022-01-09 11:15:18',2,911,12,'64be72a2129fecec'),(831,0,'2022-01-09 11:15:18','2022-01-09 11:15:18',2,912,12,'64be72a2129fecec'),(832,0,'2022-01-09 11:15:18','2022-01-09 11:15:18',2,913,12,'64be72a2129fecec'),(833,0,'2022-01-09 11:15:18','2022-01-09 11:15:18',2,914,12,'64be72a2129fecec'),(834,0,'2022-01-09 11:15:18','2022-01-09 11:15:18',2,915,12,'64be72a2129fecec'),(835,0,'2022-01-09 11:15:18','2022-01-09 11:15:18',2,916,12,'64be72a2129fecec'),(836,0,'2022-01-09 11:15:18','2022-01-09 11:15:18',2,917,12,'64be72a2129fecec'),(837,0,'2022-01-09 11:15:18','2022-01-09 11:15:18',2,918,12,'64be72a2129fecec'),(838,0,'2022-01-09 11:15:18','2022-01-09 11:15:18',2,919,12,'64be72a2129fecec'),(839,0,'2022-01-09 11:15:18','2022-01-09 11:15:18',2,920,12,'64be72a2129fecec'),(840,0,'2022-01-09 11:15:18','2022-01-09 11:15:18',2,921,12,'64be72a2129fecec'),(841,0,'2022-01-09 11:15:18','2022-01-09 11:15:18',2,922,12,'64be72a2129fecec'),(842,0,'2022-01-09 11:15:18','2022-01-09 11:15:18',2,923,12,'64be72a2129fecec'),(843,0,'2022-01-09 11:15:18','2022-01-09 11:15:18',2,924,12,'64be72a2129fecec'),(844,0,'2022-01-09 11:15:18','2022-01-09 11:15:18',2,925,12,'64be72a2129fecec'),(845,0,'2022-01-09 11:15:18','2022-01-09 11:15:18',2,926,12,'64be72a2129fecec'),(846,0,'2022-01-09 11:15:18','2022-01-09 11:15:18',2,927,12,'64be72a2129fecec'),(847,0,'2022-01-09 11:15:18','2022-01-09 11:15:18',2,928,12,'64be72a2129fecec'),(848,0,'2022-01-09 11:15:19','2022-01-09 11:15:19',2,929,12,'64be72a2129fecec'),(849,0,'2022-01-09 11:15:19','2022-01-09 11:15:19',2,930,12,'64be72a2129fecec'),(850,0,'2022-01-09 11:15:19','2022-01-09 11:15:19',2,931,12,'64be72a2129fecec'),(851,0,'2022-01-09 11:15:19','2022-01-09 11:15:19',2,932,12,'64be72a2129fecec'),(852,0,'2022-01-09 11:15:19','2022-01-09 11:15:19',2,933,12,'64be72a2129fecec'),(853,0,'2022-01-09 11:15:19','2022-01-09 11:15:19',2,934,12,'64be72a2129fecec'),(854,0,'2022-01-09 11:15:19','2022-01-09 11:15:19',2,935,12,'64be72a2129fecec'),(855,0,'2022-01-09 11:15:19','2022-01-09 11:15:19',2,936,12,'64be72a2129fecec'),(856,0,'2022-01-09 11:15:19','2022-01-09 11:15:19',2,937,12,'64be72a2129fecec'),(857,0,'2022-01-09 11:15:19','2022-01-09 11:15:19',2,938,12,'64be72a2129fecec'),(858,0,'2022-01-09 11:15:19','2022-01-09 11:15:19',2,939,12,'64be72a2129fecec'),(859,0,'2022-01-09 11:15:19','2022-01-09 11:15:19',2,940,12,'64be72a2129fecec'),(860,0,'2022-01-09 11:15:19','2022-01-09 11:15:19',2,941,12,'64be72a2129fecec'),(861,0,'2022-01-09 11:15:19','2022-01-09 11:15:19',2,942,12,'64be72a2129fecec'),(862,0,'2022-01-09 11:15:19','2022-01-09 11:15:19',2,943,12,'64be72a2129fecec'),(863,0,'2022-01-09 11:15:19','2022-01-09 11:15:19',2,944,12,'64be72a2129fecec'),(864,0,'2022-01-09 11:15:19','2022-01-09 11:15:19',2,945,12,'64be72a2129fecec'),(865,0,'2022-01-09 11:15:19','2022-01-09 11:15:19',2,946,12,'64be72a2129fecec'),(866,0,'2022-01-09 11:15:19','2022-01-09 11:15:19',2,947,12,'64be72a2129fecec'),(867,0,'2022-01-09 11:15:19','2022-01-09 11:15:19',2,948,12,'64be72a2129fecec'),(868,0,'2022-01-09 11:15:19','2022-01-09 11:15:19',2,949,12,'64be72a2129fecec'),(869,0,'2022-01-09 11:15:19','2022-01-09 11:15:19',2,950,12,'64be72a2129fecec'),(870,0,'2022-01-09 11:15:19','2022-01-09 11:15:19',2,951,12,'64be72a2129fecec'),(871,0,'2022-01-09 11:15:19','2022-01-09 11:15:19',2,952,12,'64be72a2129fecec'),(872,0,'2022-01-09 11:15:19','2022-01-09 11:15:19',2,953,12,'64be72a2129fecec'),(873,0,'2022-01-09 11:15:19','2022-01-09 11:15:19',2,954,12,'64be72a2129fecec'),(874,0,'2022-01-09 11:15:19','2022-01-09 11:15:19',2,955,12,'64be72a2129fecec'),(875,0,'2022-01-09 11:15:19','2022-01-09 11:15:19',2,956,12,'64be72a2129fecec'),(876,0,'2022-01-09 11:15:19','2022-01-09 11:15:19',2,957,12,'64be72a2129fecec'),(877,0,'2022-01-09 11:15:19','2022-01-09 11:15:19',2,958,12,'64be72a2129fecec'),(878,0,'2022-01-09 11:15:19','2022-01-09 11:15:19',2,959,12,'64be72a2129fecec'),(879,0,'2022-01-09 11:15:19','2022-01-09 11:15:19',2,960,12,'64be72a2129fecec'),(880,0,'2022-01-09 11:15:19','2022-01-09 11:15:19',2,961,12,'64be72a2129fecec'),(881,0,'2022-01-09 11:15:19','2022-01-09 11:15:19',2,962,12,'64be72a2129fecec'),(882,0,'2022-01-09 11:15:19','2022-01-09 11:15:19',2,963,12,'64be72a2129fecec'),(883,0,'2022-01-09 11:15:19','2022-01-09 11:15:19',2,964,12,'64be72a2129fecec'),(884,0,'2022-01-09 11:15:19','2022-01-09 11:15:19',2,965,12,'64be72a2129fecec'),(885,0,'2022-01-09 11:15:19','2022-01-09 11:15:19',2,966,12,'64be72a2129fecec'),(886,0,'2022-01-09 11:15:19','2022-01-09 11:15:19',2,967,12,'64be72a2129fecec'),(887,0,'2022-01-09 11:15:19','2022-01-09 11:15:19',2,968,12,'64be72a2129fecec'),(888,0,'2022-01-09 11:15:19','2022-01-09 11:15:19',2,969,12,'64be72a2129fecec'),(889,0,'2022-01-09 11:15:19','2022-01-09 11:15:19',2,970,12,'64be72a2129fecec'),(890,0,'2022-01-09 11:15:19','2022-01-09 11:15:19',2,971,12,'64be72a2129fecec'),(891,0,'2022-01-09 11:15:19','2022-01-09 11:15:19',2,972,12,'64be72a2129fecec'),(892,0,'2022-01-09 11:15:19','2022-01-09 11:15:19',2,973,12,'64be72a2129fecec'),(893,0,'2022-01-09 11:15:19','2022-01-09 11:15:19',2,974,12,'64be72a2129fecec'),(894,0,'2022-01-09 11:15:19','2022-01-09 11:15:19',2,975,12,'64be72a2129fecec'),(895,0,'2022-01-09 11:15:19','2022-01-09 11:15:19',2,976,12,'64be72a2129fecec'),(896,0,'2022-01-09 11:15:19','2022-01-09 11:15:19',2,977,12,'64be72a2129fecec'),(897,0,'2022-01-09 11:15:19','2022-01-09 11:15:19',2,978,12,'64be72a2129fecec'),(898,0,'2022-01-09 11:15:19','2022-01-09 11:15:19',2,979,12,'64be72a2129fecec'),(899,0,'2022-01-09 11:15:19','2022-01-09 11:15:19',2,980,12,'64be72a2129fecec'),(900,0,'2022-01-09 11:15:19','2022-01-09 11:15:19',2,981,12,'64be72a2129fecec'),(901,0,'2022-01-09 11:15:19','2022-01-09 11:15:19',2,982,12,'64be72a2129fecec'),(902,0,'2022-01-09 11:15:19','2022-01-09 11:15:19',2,983,12,'64be72a2129fecec'),(903,0,'2022-01-09 11:15:19','2022-01-09 11:15:19',2,984,12,'64be72a2129fecec'),(904,0,'2022-01-09 11:15:19','2022-01-09 11:15:19',2,985,12,'64be72a2129fecec'),(905,0,'2022-01-09 11:15:19','2022-01-09 11:15:19',2,986,12,'64be72a2129fecec'),(906,0,'2022-01-09 11:15:19','2022-01-09 11:15:19',2,987,12,'64be72a2129fecec'),(907,0,'2022-01-09 11:15:19','2022-01-09 11:15:19',2,988,12,'64be72a2129fecec'),(908,0,'2022-01-09 11:15:19','2022-01-09 11:15:19',2,989,12,'64be72a2129fecec'),(909,0,'2022-01-09 11:15:19','2022-01-09 11:15:19',2,990,12,'64be72a2129fecec'),(910,0,'2022-01-09 11:15:19','2022-01-09 11:15:19',2,991,12,'64be72a2129fecec'),(911,0,'2022-01-09 11:15:19','2022-01-09 11:15:19',2,992,12,'64be72a2129fecec'),(912,0,'2022-01-09 11:15:19','2022-01-09 11:15:19',2,993,12,'64be72a2129fecec'),(913,0,'2022-01-09 11:15:19','2022-01-09 11:15:19',2,994,12,'64be72a2129fecec'),(914,1,'2022-01-13 15:34:10','2022-01-13 15:34:10',2,995,10,NULL),(915,1,'2022-01-13 15:34:56','2022-01-13 15:34:56',2,996,10,NULL),(916,1,'2022-01-13 15:35:46','2022-01-13 15:35:46',2,997,10,NULL),(917,9,'2022-01-13 15:38:07','2022-06-15 14:59:41',2,998,10,NULL),(918,1,'2022-01-13 15:40:40','2022-01-13 15:40:40',2,999,10,NULL),(919,1,'2022-01-13 15:41:32','2022-01-13 15:41:32',2,1000,10,NULL),(920,9,'2022-01-13 15:42:18','2022-06-15 15:10:14',2,1001,10,NULL),(921,1,'2022-01-13 15:46:45','2022-01-13 15:46:45',2,1002,10,NULL),(922,8,'2022-01-12 19:42:49','2022-01-16 17:51:59',5,197,1,'72ef8522b246beff'),(923,2,'2022-01-12 19:42:49','2022-01-16 17:51:59',5,198,1,'72ef8522b246beff'),(924,2,'2022-01-12 19:42:49','2022-01-16 17:51:59',5,202,1,'72ef8522b246beff'),(925,4,'2022-01-12 19:42:49','2022-01-16 17:51:59',5,204,1,'72ef8522b246beff'),(926,20,'2022-01-12 19:42:49','2022-01-16 17:51:59',5,703,1,'72ef8522b246beff'),(927,20,'2022-01-12 19:42:49','2022-01-16 17:51:59',5,236,1,'72ef8522b246beff'),(928,7,'2022-01-12 19:42:49','2022-01-16 17:51:59',5,607,1,'72ef8522b246beff'),(929,10,'2022-01-12 19:42:49','2022-01-16 17:51:59',5,237,1,'72ef8522b246beff'),(930,0,'2022-01-12 19:42:49','2022-01-16 17:51:59',5,1005,1,'72ef8522b246beff'),(931,16,'2022-01-12 19:42:49','2022-01-16 17:51:59',5,608,1,'72ef8522b246beff'),(932,0,'2022-01-12 19:42:49','2022-01-16 17:51:59',5,704,1,'72ef8522b246beff'),(933,20,'2022-01-12 19:42:49','2022-01-16 17:51:59',5,609,1,'72ef8522b246beff'),(934,0,'2022-01-12 19:42:49','2022-01-16 17:51:59',5,239,1,'72ef8522b246beff'),(935,5,'2022-01-12 19:42:49','2022-01-16 17:51:59',5,240,1,'72ef8522b246beff'),(936,1,'2022-01-12 19:42:49','2022-01-16 17:51:59',5,242,1,'72ef8522b246beff'),(937,2,'2022-01-12 19:42:49','2022-01-16 17:51:59',5,243,1,'72ef8522b246beff'),(938,2,'2022-01-12 19:42:49','2022-01-16 17:51:59',5,613,1,'72ef8522b246beff'),(939,3,'2022-01-12 19:42:49','2022-01-16 17:51:59',5,1006,1,'72ef8522b246beff'),(940,2,'2022-01-12 19:42:49','2022-01-16 17:51:59',5,248,1,'72ef8522b246beff'),(941,6,'2022-01-12 19:42:49','2022-01-16 17:51:59',5,250,1,'72ef8522b246beff'),(942,4,'2022-01-12 19:42:49','2022-01-16 17:51:59',5,617,1,'72ef8522b246beff'),(943,0,'2022-01-12 19:42:49','2022-01-16 17:51:59',5,252,1,'72ef8522b246beff'),(944,0,'2022-01-12 19:42:49','2022-01-16 17:51:59',5,1007,1,'72ef8522b246beff'),(945,1,'2022-01-12 19:42:49','2022-01-16 17:51:59',5,260,1,'72ef8522b246beff'),(946,2,'2022-01-12 19:42:49','2022-01-16 17:51:59',5,261,1,'72ef8522b246beff'),(947,5,'2022-01-12 19:42:49','2022-01-16 17:51:59',5,262,1,'72ef8522b246beff'),(948,10,'2022-01-12 19:42:49','2022-01-16 17:51:59',5,263,1,'72ef8522b246beff'),(949,1,'2022-01-12 19:42:49','2022-01-16 17:51:59',5,265,1,'72ef8522b246beff'),(950,12,'2022-01-12 19:42:49','2022-01-16 17:51:59',5,266,1,'72ef8522b246beff'),(951,3,'2022-01-12 19:42:49','2022-01-16 17:51:59',5,267,1,'72ef8522b246beff'),(952,0,'2022-01-12 19:42:49','2022-01-16 17:51:59',5,269,1,'72ef8522b246beff'),(953,5,'2022-01-12 19:42:49','2022-01-16 17:51:59',5,271,1,'72ef8522b246beff'),(954,2,'2022-01-12 19:42:49','2022-01-16 17:51:59',5,272,1,'72ef8522b246beff'),(955,4,'2022-01-12 19:42:49','2022-01-16 17:51:59',5,273,1,'72ef8522b246beff'),(956,1,'2022-01-12 19:42:49','2022-01-16 17:51:59',5,274,1,'72ef8522b246beff'),(957,7,'2022-01-12 19:42:49','2022-01-16 17:51:59',5,278,1,'72ef8522b246beff'),(958,2,'2022-01-12 19:42:49','2022-01-16 17:51:59',5,279,1,'72ef8522b246beff'),(959,2,'2022-01-12 19:42:49','2022-01-16 17:51:59',5,280,1,'72ef8522b246beff'),(960,2,'2022-01-12 19:42:49','2022-01-16 17:51:59',5,281,1,'72ef8522b246beff'),(961,3,'2022-01-12 19:42:49','2022-01-16 17:51:59',5,283,1,'72ef8522b246beff'),(962,11,'2022-01-12 19:42:49','2022-01-16 17:51:59',5,284,1,'72ef8522b246beff'),(963,2,'2022-01-12 19:42:49','2022-01-16 17:51:59',5,285,1,'72ef8522b246beff'),(964,1,'2022-01-12 19:42:49','2022-01-16 17:51:59',5,705,1,'72ef8522b246beff'),(965,5,'2022-01-12 19:42:49','2022-01-16 17:51:59',5,296,1,'72ef8522b246beff'),(966,5,'2022-01-12 19:42:49','2022-01-16 17:51:59',5,297,1,'72ef8522b246beff'),(967,3,'2022-01-12 19:42:49','2022-01-16 17:51:59',5,303,1,'72ef8522b246beff'),(968,1,'2022-01-12 19:42:49','2022-01-16 17:51:59',5,649,1,'72ef8522b246beff'),(969,4,'2022-01-12 19:42:49','2022-01-16 17:51:59',5,328,1,'72ef8522b246beff'),(970,7,'2022-01-12 19:42:49','2022-01-16 17:51:59',5,662,1,'72ef8522b246beff'),(971,3,'2022-01-12 19:42:49','2022-01-16 17:51:59',5,667,1,'72ef8522b246beff'),(972,2,'2022-01-12 19:42:49','2022-01-16 17:52:00',5,709,1,'72ef8522b246beff'),(973,5,'2022-01-12 19:42:49','2022-01-16 17:52:00',5,710,1,'72ef8522b246beff'),(974,2,'2022-01-12 19:42:49','2022-01-16 17:52:00',5,335,1,'72ef8522b246beff'),(975,2,'2022-01-12 19:42:50','2022-01-16 17:52:00',5,337,1,'72ef8522b246beff'),(976,2,'2022-01-12 19:42:50','2022-01-16 17:52:00',5,345,1,'72ef8522b246beff'),(977,2,'2022-01-12 19:42:50','2022-01-16 17:52:00',5,346,1,'72ef8522b246beff'),(978,3,'2022-01-12 19:42:50','2022-01-16 17:52:00',5,347,1,'72ef8522b246beff'),(979,0,'2022-01-12 19:42:50','2022-01-16 17:52:00',5,672,1,'72ef8522b246beff'),(980,0,'2022-01-12 19:42:50','2022-01-16 17:52:00',5,380,1,'72ef8522b246beff'),(981,1,'2022-01-12 19:42:50','2022-01-16 17:52:00',5,384,1,'72ef8522b246beff'),(982,3,'2022-01-12 19:42:50','2022-01-16 17:52:00',5,385,1,'72ef8522b246beff'),(983,4,'2022-01-12 19:42:50','2022-01-16 17:52:00',5,386,1,'72ef8522b246beff'),(984,6,'2022-01-12 19:42:50','2022-01-16 17:52:00',5,678,1,'72ef8522b246beff'),(985,1,'2022-01-12 19:42:50','2022-01-16 17:52:00',5,692,1,'72ef8522b246beff'),(986,1,'2022-01-12 19:42:50','2022-01-16 17:52:00',5,398,1,'72ef8522b246beff'),(987,1,'2022-01-12 19:42:50','2022-01-16 17:52:00',5,84,1,'72ef8522b246beff'),(988,12,'2022-01-12 19:42:50','2022-01-16 17:52:00',5,258,1,'72ef8522b246beff'),(989,2,'2022-01-12 19:42:50','2022-01-16 17:52:00',5,576,1,'72ef8522b246beff'),(990,4,'2022-01-12 19:42:50','2022-01-16 17:52:00',5,251,1,'72ef8522b246beff'),(991,0,'2022-01-12 19:42:50','2022-01-16 17:52:00',5,515,1,'72ef8522b246beff'),(992,0,'2022-01-12 19:43:36','2022-01-12 19:43:36',4,180,12,'e87609cb93de124e'),(993,11,'2022-01-12 19:43:36','2022-01-12 19:43:36',4,185,12,'e87609cb93de124e'),(994,4,'2022-01-12 19:43:36','2022-01-12 19:43:36',4,188,12,'e87609cb93de124e'),(995,3,'2022-01-12 19:43:36','2022-01-12 19:43:36',4,189,12,'e87609cb93de124e'),(996,1,'2022-01-12 19:43:36','2022-01-12 19:43:36',4,195,12,'e87609cb93de124e'),(997,6,'2022-01-12 19:43:36','2022-01-12 19:43:36',4,194,12,'e87609cb93de124e'),(998,1,'2022-01-12 19:43:36','2022-01-12 19:43:36',4,196,12,'e87609cb93de124e'),(999,10,'2022-01-12 19:43:36','2022-01-12 19:43:36',4,197,12,'e87609cb93de124e'),(1000,2,'2022-01-12 19:43:36','2022-01-12 19:43:36',4,198,12,'e87609cb93de124e'),(1001,3,'2022-01-12 19:43:36','2022-01-12 19:43:36',4,202,12,'e87609cb93de124e'),(1002,0,'2022-01-12 19:43:36','2022-01-12 19:43:36',4,204,12,'e87609cb93de124e'),(1003,0,'2022-01-12 19:43:36','2022-01-12 19:43:36',4,703,12,'e87609cb93de124e'),(1004,0,'2022-01-12 19:43:36','2022-01-12 19:43:36',4,236,12,'e87609cb93de124e'),(1005,0,'2022-01-12 19:43:36','2022-01-12 19:43:36',4,607,12,'e87609cb93de124e'),(1006,0,'2022-01-12 19:43:36','2022-01-12 19:43:36',4,237,12,'e87609cb93de124e'),(1007,0,'2022-01-12 19:43:36','2022-01-12 19:43:36',4,1005,12,'e87609cb93de124e'),(1008,0,'2022-01-12 19:43:36','2022-01-12 19:43:36',4,608,12,'e87609cb93de124e'),(1009,0,'2022-01-12 19:43:36','2022-01-12 19:43:36',4,704,12,'e87609cb93de124e'),(1010,0,'2022-01-12 19:43:36','2022-01-12 19:43:36',4,609,12,'e87609cb93de124e'),(1011,0,'2022-01-12 19:43:36','2022-01-12 19:43:36',4,239,12,'e87609cb93de124e'),(1012,5,'2022-01-12 19:43:36','2022-01-12 19:43:36',4,240,12,'e87609cb93de124e'),(1013,1,'2022-01-12 19:43:36','2022-01-12 19:43:36',4,242,12,'e87609cb93de124e'),(1014,1,'2022-01-12 19:43:36','2022-01-12 19:43:36',4,243,12,'e87609cb93de124e'),(1015,6,'2022-01-12 19:43:36','2022-01-12 19:43:36',4,613,12,'e87609cb93de124e'),(1016,3,'2022-01-12 19:43:36','2022-01-12 19:43:36',4,1006,12,'e87609cb93de124e'),(1017,3,'2022-01-12 19:43:36','2022-01-12 19:43:36',4,248,12,'e87609cb93de124e'),(1018,6,'2022-01-12 19:43:36','2022-01-12 19:43:36',4,250,12,'e87609cb93de124e'),(1019,4,'2022-01-12 19:43:36','2022-01-12 19:43:36',4,617,12,'e87609cb93de124e'),(1020,0,'2022-01-12 19:43:36','2022-01-12 19:43:36',4,252,12,'e87609cb93de124e'),(1021,15,'2022-01-12 19:43:36','2022-01-12 19:43:36',4,258,12,'e87609cb93de124e'),(1022,1,'2022-01-12 19:43:36','2022-01-12 19:43:36',4,1007,12,'e87609cb93de124e'),(1023,1,'2022-01-12 19:43:36','2022-01-12 19:43:36',4,260,12,'e87609cb93de124e'),(1024,3,'2022-01-12 19:43:36','2022-01-12 19:43:36',4,261,12,'e87609cb93de124e'),(1025,0,'2022-01-12 19:43:36','2022-01-12 19:43:36',4,262,12,'e87609cb93de124e'),(1026,0,'2022-01-12 19:43:36','2022-01-12 19:43:36',4,263,12,'e87609cb93de124e'),(1027,2,'2022-01-12 19:43:36','2022-01-12 19:43:36',4,265,12,'e87609cb93de124e'),(1028,15,'2022-01-12 19:43:36','2022-01-12 19:43:36',4,266,12,'e87609cb93de124e'),(1029,3,'2022-01-12 19:43:36','2022-01-12 19:43:36',4,267,12,'e87609cb93de124e'),(1030,0,'2022-01-12 19:43:36','2022-01-12 19:43:36',4,269,12,'e87609cb93de124e'),(1031,6,'2022-01-12 19:43:36','2022-01-12 19:43:36',4,271,12,'e87609cb93de124e'),(1032,4,'2022-01-12 19:43:36','2022-01-12 19:43:36',4,272,12,'e87609cb93de124e'),(1033,4,'2022-01-12 19:43:36','2022-01-12 19:43:36',4,273,12,'e87609cb93de124e'),(1034,2,'2022-01-12 19:43:36','2022-01-12 19:43:36',4,274,12,'e87609cb93de124e'),(1035,7,'2022-01-12 19:43:36','2022-01-12 19:43:36',4,278,12,'e87609cb93de124e'),(1036,1,'2022-01-12 19:43:36','2022-01-12 19:43:36',4,279,12,'e87609cb93de124e'),(1037,4,'2022-01-12 19:43:36','2022-01-12 19:43:36',4,280,12,'e87609cb93de124e'),(1038,2,'2022-01-12 19:43:36','2022-01-12 19:43:36',4,281,12,'e87609cb93de124e'),(1039,4,'2022-01-12 19:43:36','2022-01-12 19:43:36',4,283,12,'e87609cb93de124e'),(1040,13,'2022-01-12 19:43:36','2022-01-12 19:43:36',4,284,12,'e87609cb93de124e'),(1041,5,'2022-01-12 19:43:36','2022-01-12 19:43:36',4,285,12,'e87609cb93de124e'),(1042,1,'2022-01-12 19:43:36','2022-01-12 19:43:36',4,705,12,'e87609cb93de124e'),(1043,4,'2022-01-12 19:43:36','2022-01-12 19:43:36',4,296,12,'e87609cb93de124e'),(1044,3,'2022-01-12 19:43:36','2022-01-12 19:43:36',4,297,12,'e87609cb93de124e'),(1045,3,'2022-01-12 19:43:37','2022-01-12 19:43:37',4,303,12,'e87609cb93de124e'),(1046,1,'2022-01-12 19:43:37','2022-01-12 19:43:37',4,649,12,'e87609cb93de124e'),(1047,3,'2022-01-12 19:43:37','2022-01-12 19:43:37',4,328,12,'e87609cb93de124e'),(1048,5,'2022-01-12 19:43:37','2022-01-12 19:43:37',4,662,12,'e87609cb93de124e'),(1049,3,'2022-01-12 19:43:37','2022-01-12 19:43:37',4,667,12,'e87609cb93de124e'),(1050,4,'2022-01-12 19:43:37','2022-01-12 19:43:37',4,709,12,'e87609cb93de124e'),(1051,0,'2022-01-12 19:43:37','2022-01-19 10:37:14',4,710,12,'e87609cb93de124e'),(1052,6,'2022-01-12 19:43:37','2022-01-12 19:43:37',4,335,12,'e87609cb93de124e'),(1053,3,'2022-01-12 19:43:37','2022-01-12 19:43:37',4,337,12,'e87609cb93de124e'),(1054,4,'2022-01-12 19:43:37','2022-01-12 19:43:37',4,345,12,'e87609cb93de124e'),(1055,4,'2022-01-12 19:43:37','2022-01-12 19:43:37',4,346,12,'e87609cb93de124e'),(1056,5,'2022-01-12 19:43:37','2022-01-12 19:43:37',4,347,12,'e87609cb93de124e'),(1057,0,'2022-01-12 19:43:37','2022-01-12 19:43:37',4,672,12,'e87609cb93de124e'),(1058,0,'2022-01-12 19:43:37','2022-01-12 19:43:37',4,380,12,'e87609cb93de124e'),(1059,2,'2022-01-12 19:43:37','2022-01-12 19:43:37',4,384,12,'e87609cb93de124e'),(1060,6,'2022-01-12 19:43:37','2022-01-12 19:43:37',4,385,12,'e87609cb93de124e'),(1061,8,'2022-01-12 19:43:37','2022-01-12 19:43:37',4,386,12,'e87609cb93de124e'),(1062,10,'2022-01-12 19:43:37','2022-01-12 19:43:37',4,678,12,'e87609cb93de124e'),(1063,0,'2022-01-12 19:43:37','2022-01-12 19:43:37',4,692,12,'e87609cb93de124e'),(1064,2,'2022-01-12 19:43:37','2022-01-12 19:43:37',4,398,12,'e87609cb93de124e'),(1065,1,'2022-01-12 19:43:37','2022-01-12 19:43:37',4,84,12,'e87609cb93de124e'),(1066,0,'2022-01-12 19:43:37','2022-01-12 19:43:37',4,515,12,'e87609cb93de124e'),(1067,2,'2022-01-12 19:42:49','2022-01-16 17:51:59',5,1003,1,'72ef8522b246beff'),(1068,2,'2022-01-12 19:42:49','2022-01-16 17:51:59',5,1004,1,'72ef8522b246beff'),(1069,7,'2022-01-12 19:42:49','2022-01-16 17:51:59',5,185,1,'72ef8522b246beff'),(1070,2,'2022-01-12 19:42:49','2022-01-16 17:51:59',5,188,1,'72ef8522b246beff'),(1071,3,'2022-01-12 19:42:49','2022-01-16 17:51:59',5,189,1,'72ef8522b246beff'),(1072,1,'2022-01-12 19:42:49','2022-01-16 17:51:59',5,195,1,'72ef8522b246beff'),(1073,5,'2022-01-12 19:42:49','2022-01-16 17:51:59',5,194,1,'72ef8522b246beff'),(1074,2,'2022-01-12 19:42:49','2022-01-16 17:51:59',5,196,1,'72ef8522b246beff'),(1075,5,'2022-01-21 11:31:38','2022-01-21 11:31:38',2,1008,10,NULL),(1076,8,'2022-01-28 16:49:34','2022-01-28 16:52:54',2,1009,10,NULL),(1077,3,'2022-03-02 14:50:07','2022-03-02 14:50:07',2,1010,10,NULL),(1078,2,'2022-03-02 14:52:31','2022-03-02 14:52:31',2,1011,10,NULL),(1079,2,'2022-04-21 16:45:45','2022-04-21 16:45:45',2,1012,10,NULL),(1080,3,'2022-04-21 16:55:12','2022-04-21 16:55:12',2,1013,10,NULL),(1081,2,'2022-05-09 14:10:43','2022-05-09 14:10:43',2,1014,10,NULL),(1082,6,'2022-07-12 14:14:45','2022-07-12 14:14:45',2,1015,10,NULL),(1083,2,'2022-07-12 14:34:23','2022-07-12 14:34:23',2,1016,10,NULL),(1084,4,'2022-07-12 14:35:18','2022-07-12 14:35:18',2,1017,10,NULL),(1085,2,'2022-07-27 11:33:59','2022-07-27 11:33:59',2,1018,10,NULL),(1086,1,'2022-07-27 11:36:21','2022-07-27 11:36:21',2,1019,10,NULL),(1087,2,'2022-07-27 11:45:54','2022-07-27 11:45:54',2,1020,10,NULL),(1088,4,'2022-07-27 12:50:46','2022-07-27 12:50:46',2,1021,10,NULL),(1089,1,'2022-07-27 12:53:23','2022-07-27 12:53:23',2,1022,10,NULL),(1090,2,'2022-07-27 13:10:31','2022-07-27 13:10:31',2,1023,10,NULL),(1091,2,'2022-07-27 13:12:45','2022-07-27 13:12:45',2,1024,10,NULL),(1092,1,'2022-07-27 13:15:04','2022-07-27 13:15:04',2,1025,10,NULL),(1093,1,'2022-07-27 13:17:26','2022-07-27 13:17:26',2,1026,10,NULL),(1094,2,'2022-07-27 13:18:34','2022-07-27 13:18:34',2,1027,10,NULL),(1095,1,'2022-07-27 13:19:51','2022-07-27 13:19:51',2,1028,10,NULL),(1096,12,'2022-07-27 13:22:32','2022-07-27 13:31:35',2,1029,10,NULL),(1097,9,'2022-07-27 13:57:14','2022-07-27 13:57:14',2,1030,10,NULL),(1098,5,'2022-07-27 14:01:51','2022-07-27 14:01:51',2,1031,10,NULL),(1099,2,'2022-07-27 14:02:52','2022-07-27 14:02:52',2,1032,10,NULL),(1100,1,'2022-07-27 14:03:51','2022-07-27 14:03:51',2,1033,10,NULL),(1101,1,'2022-07-27 14:04:37','2022-07-27 14:04:37',2,1034,10,NULL),(1102,1,'2022-07-27 14:05:34','2022-07-27 14:05:34',2,1035,10,NULL),(1103,5,'2022-07-27 14:23:05','2022-07-27 14:23:05',2,1036,10,NULL),(1104,6,'2022-07-27 14:27:22','2022-07-27 14:27:22',2,1037,10,NULL),(1105,2,'2022-07-27 14:28:08','2022-07-27 14:28:08',2,1038,10,NULL),(1106,2,'2022-07-27 15:17:37','2022-07-27 15:17:37',2,1039,10,NULL),(1107,8,'2022-07-27 15:20:02','2022-07-27 15:20:02',2,1040,10,NULL),(1108,3,'2022-07-27 15:21:41','2022-07-27 15:21:41',2,1041,10,NULL),(1109,2,'2022-07-27 15:22:49','2022-07-27 15:22:49',2,1042,10,NULL),(1110,1,'2022-07-27 15:33:54','2022-07-27 15:33:54',2,1043,10,NULL),(1111,10,'2022-07-27 15:36:54','2022-07-27 15:36:54',2,1044,10,NULL),(1112,3,'2022-07-27 15:37:39','2022-07-27 15:37:39',2,1045,10,NULL),(1113,3,'2022-07-27 16:23:08','2022-07-27 16:23:08',2,1046,10,NULL),(1114,2,'2022-07-27 16:24:58','2022-07-27 16:24:58',2,1047,10,NULL),(1115,1,'2022-07-27 16:31:45','2022-07-27 16:31:45',2,1048,10,NULL),(1116,1,'2022-07-27 16:32:55','2022-07-27 16:32:55',2,1049,10,NULL),(1117,2,'2022-07-27 17:14:40','2022-07-27 17:14:40',2,1050,10,NULL),(1118,2,'2022-07-29 14:26:52','2022-07-29 14:26:52',2,1051,10,NULL),(1119,2,'2022-07-29 14:50:22','2022-07-29 14:50:22',2,1052,10,NULL),(1120,2,'2022-07-29 14:59:40','2022-07-29 14:59:40',2,1053,10,NULL),(1121,2,'2022-07-29 16:48:27','2022-07-29 16:48:27',2,1054,10,NULL),(1122,2,'2022-07-29 16:49:29','2022-07-29 16:49:29',2,1055,10,NULL),(1123,2,'2022-07-29 16:54:45','2022-07-29 16:54:45',2,1056,10,NULL),(1124,2,'2022-07-29 16:55:38','2022-07-29 16:55:38',2,1057,10,NULL),(1125,2,'2022-07-29 16:56:29','2022-07-29 16:56:29',2,1058,10,NULL),(1126,2,'2022-07-29 17:10:07','2022-07-29 17:10:07',2,1059,10,NULL),(1127,2,'2022-07-29 17:11:04','2022-07-29 17:11:04',2,1060,10,NULL),(1128,2,'2022-07-29 17:44:30','2022-07-29 17:44:30',2,1061,10,NULL),(1129,2,'2022-08-02 15:28:09','2022-08-02 15:28:09',2,1062,10,NULL),(1130,1,'2022-08-08 12:45:10','2022-08-08 12:45:10',2,1063,10,NULL),(1131,8,'2022-08-21 12:18:29','2022-08-21 12:18:29',2,1064,12,'bc3264129f8e5d89'),(1132,10,'2022-08-21 12:18:29','2022-08-21 12:18:29',2,1065,12,'bc3264129f8e5d89'),(1133,1,'2022-08-21 12:18:29','2022-08-21 12:18:29',2,1066,12,'bc3264129f8e5d89'),(1134,1,'2022-08-21 12:18:29','2022-08-21 12:18:29',2,1067,12,'bc3264129f8e5d89'),(1135,10,'2022-08-21 12:18:29','2022-08-21 12:18:29',2,1068,12,'bc3264129f8e5d89'),(1136,4,'2022-08-21 12:18:29','2022-08-21 12:18:29',2,1069,12,'bc3264129f8e5d89'),(1137,4,'2022-08-21 12:18:29','2022-08-21 12:18:29',2,1070,12,'bc3264129f8e5d89'),(1138,8,'2022-08-21 12:18:29','2022-08-21 12:18:29',2,1071,12,'bc3264129f8e5d89'),(1139,4,'2022-08-21 12:18:29','2022-08-21 12:18:29',2,1072,12,'bc3264129f8e5d89'),(1140,10,'2022-08-21 12:18:29','2022-08-21 12:18:29',2,1073,12,'bc3264129f8e5d89'),(1141,10,'2022-08-21 12:18:29','2022-08-21 12:18:29',2,1074,12,'bc3264129f8e5d89'),(1142,4,'2022-08-21 12:18:29','2022-08-21 12:18:29',2,1075,12,'bc3264129f8e5d89'),(1143,4,'2022-08-21 12:18:29','2022-08-21 12:18:29',2,1076,12,'bc3264129f8e5d89'),(1144,1,'2022-08-21 12:18:29','2022-08-21 12:18:29',2,1077,12,'bc3264129f8e5d89'),(1145,1,'2022-08-21 12:18:29','2022-08-21 12:18:29',2,1078,12,'bc3264129f8e5d89'),(1146,1,'2022-08-21 12:18:29','2022-08-21 12:18:29',2,1079,12,'bc3264129f8e5d89'),(1147,1,'2022-08-21 12:18:29','2022-08-21 12:18:29',2,1080,12,'bc3264129f8e5d89'),(1148,1,'2022-08-21 12:18:29','2022-08-21 12:18:29',2,1081,12,'bc3264129f8e5d89'),(1149,1,'2022-08-21 12:18:29','2022-08-21 12:18:29',2,1082,12,'bc3264129f8e5d89'),(1150,1,'2022-08-21 12:18:29','2022-08-21 12:18:29',2,1083,12,'bc3264129f8e5d89'),(1151,1,'2022-08-21 12:18:29','2022-08-21 12:18:29',2,1084,12,'bc3264129f8e5d89'),(1152,1,'2022-08-21 12:18:29','2022-08-21 12:18:29',2,1085,12,'bc3264129f8e5d89'),(1153,1,'2022-08-21 12:18:29','2022-08-21 12:18:29',2,1086,12,'bc3264129f8e5d89'),(1154,1,'2022-08-21 12:18:29','2022-08-21 12:18:29',2,1087,12,'bc3264129f8e5d89'),(1155,1,'2022-08-21 12:18:29','2022-08-21 12:18:29',2,1088,12,'bc3264129f8e5d89'),(1156,1,'2022-08-21 12:18:29','2022-08-21 12:18:29',2,1089,12,'bc3264129f8e5d89'),(1157,1,'2022-08-21 12:18:29','2022-08-21 12:18:29',2,1090,12,'bc3264129f8e5d89'),(1158,1,'2022-08-21 12:18:29','2022-08-21 12:18:29',2,1091,12,'bc3264129f8e5d89'),(1159,1,'2022-08-21 12:18:29','2022-08-21 12:18:29',2,1092,12,'bc3264129f8e5d89'),(1160,1,'2022-08-21 12:18:29','2022-08-21 12:18:29',2,1093,12,'bc3264129f8e5d89'),(1161,1,'2022-08-21 12:18:29','2022-08-21 12:18:29',2,1094,12,'bc3264129f8e5d89'),(1162,1,'2022-08-21 12:18:29','2022-08-21 12:18:29',2,1095,12,'bc3264129f8e5d89'),(1163,1,'2022-08-21 12:18:29','2022-08-21 12:18:29',2,1096,12,'bc3264129f8e5d89'),(1164,1,'2022-08-21 12:18:29','2022-08-21 12:18:29',2,1097,12,'bc3264129f8e5d89'),(1165,1,'2022-08-21 12:18:29','2022-08-21 12:18:29',2,1098,12,'bc3264129f8e5d89'),(1166,1,'2022-08-21 12:18:29','2022-08-21 12:18:29',2,1099,12,'bc3264129f8e5d89'),(1167,1,'2022-08-21 12:18:29','2022-08-21 12:18:29',2,1100,12,'bc3264129f8e5d89'),(1168,1,'2022-08-21 12:18:29','2022-08-21 12:18:29',2,1101,12,'bc3264129f8e5d89'),(1169,1,'2022-08-21 12:18:29','2022-08-21 12:18:29',2,1102,12,'bc3264129f8e5d89'),(1170,1,'2022-08-21 12:18:29','2022-08-21 12:18:29',2,1103,12,'bc3264129f8e5d89'),(1171,1,'2022-08-21 12:18:29','2022-08-21 12:18:29',2,1104,12,'bc3264129f8e5d89'),(1172,1,'2022-08-21 12:18:29','2022-08-21 12:18:29',2,1105,12,'bc3264129f8e5d89'),(1173,1,'2022-08-21 12:18:29','2022-08-21 12:18:29',2,1106,12,'bc3264129f8e5d89'),(1174,1,'2022-08-21 12:18:29','2022-08-21 12:18:29',2,1107,12,'bc3264129f8e5d89'),(1175,1,'2022-08-21 12:18:29','2022-08-21 12:18:29',2,1108,12,'bc3264129f8e5d89'),(1176,1,'2022-08-21 12:18:29','2022-08-21 12:18:29',2,1109,12,'bc3264129f8e5d89'),(1177,2,'2022-08-21 12:18:29','2022-08-21 12:18:29',2,1110,12,'bc3264129f8e5d89'),(1178,1,'2022-08-21 12:18:29','2022-08-21 12:18:29',2,1111,12,'bc3264129f8e5d89'),(1179,2,'2022-08-21 12:18:29','2022-08-21 12:18:29',2,1112,12,'bc3264129f8e5d89'),(1180,1,'2022-08-21 12:18:29','2022-08-21 12:18:29',2,1113,12,'bc3264129f8e5d89'),(1181,1,'2022-08-21 12:18:29','2022-08-21 12:18:29',2,1114,12,'bc3264129f8e5d89'),(1182,1,'2022-08-21 12:18:29','2022-08-21 12:18:29',2,1115,12,'bc3264129f8e5d89'),(1183,1,'2022-08-21 12:18:29','2022-08-21 12:18:29',2,1116,12,'bc3264129f8e5d89'),(1184,2,'2022-08-21 12:18:29','2022-08-21 12:18:29',2,1117,12,'bc3264129f8e5d89'),(1185,1,'2022-08-21 12:18:29','2022-08-21 12:18:29',2,1118,12,'bc3264129f8e5d89'),(1186,1,'2022-08-21 12:18:29','2022-08-21 12:18:29',2,1119,12,'bc3264129f8e5d89'),(1187,1,'2022-08-21 12:18:29','2022-08-21 12:18:29',2,1120,12,'bc3264129f8e5d89'),(1188,1,'2022-08-21 12:18:29','2022-08-21 12:18:29',2,1121,12,'bc3264129f8e5d89'),(1189,5,'2022-08-21 12:18:29','2022-08-21 12:18:29',2,1122,12,'bc3264129f8e5d89'),(1190,5,'2022-08-21 12:18:29','2022-08-21 12:18:29',2,1123,12,'bc3264129f8e5d89'),(1191,5,'2022-08-21 12:18:29','2022-08-21 12:18:29',2,1124,12,'bc3264129f8e5d89'),(1192,5,'2022-08-21 12:18:29','2022-08-21 12:18:29',2,1125,12,'bc3264129f8e5d89'),(1193,5,'2022-08-21 12:18:29','2022-08-21 12:18:29',2,1126,12,'bc3264129f8e5d89'),(1194,5,'2022-08-21 12:18:29','2022-08-21 12:18:29',2,1127,12,'bc3264129f8e5d89'),(1195,10,'2022-08-21 12:18:29','2022-08-21 12:18:29',2,1128,12,'bc3264129f8e5d89'),(1196,10,'2022-08-21 12:18:29','2022-08-21 12:18:29',2,1129,12,'bc3264129f8e5d89'),(1197,1,'2022-08-21 12:18:29','2022-08-21 12:18:29',2,1130,12,'bc3264129f8e5d89'),(1198,1,'2022-08-21 12:18:29','2022-08-21 12:18:29',2,1131,12,'bc3264129f8e5d89'),(1199,1,'2022-08-21 12:18:29','2022-08-21 12:18:29',2,1132,12,'bc3264129f8e5d89'),(1200,1,'2022-08-21 12:18:29','2022-08-21 12:18:29',2,1133,12,'bc3264129f8e5d89'),(1201,1,'2022-08-21 12:18:29','2022-08-21 12:18:29',2,1134,12,'bc3264129f8e5d89'),(1202,1,'2022-08-21 12:18:29','2022-08-21 12:18:29',2,1135,12,'bc3264129f8e5d89'),(1203,4,'2022-08-21 12:18:29','2022-08-21 12:18:29',2,1136,12,'bc3264129f8e5d89'),(1204,1,'2022-08-21 12:18:29','2022-08-21 12:18:29',2,1137,12,'bc3264129f8e5d89'),(1205,1,'2022-08-21 12:18:29','2022-08-21 12:18:29',2,1138,12,'bc3264129f8e5d89'),(1206,5,'2022-08-21 12:18:29','2022-08-21 12:18:29',2,1139,12,'bc3264129f8e5d89'),(1207,5,'2022-08-21 12:18:30','2022-08-21 12:18:30',2,1140,12,'bc3264129f8e5d89'),(1208,5,'2022-08-21 12:18:30','2022-08-21 12:18:30',2,1141,12,'bc3264129f8e5d89'),(1209,5,'2022-08-21 12:18:30','2022-08-21 12:18:30',2,1142,12,'bc3264129f8e5d89'),(1210,1,'2022-08-21 12:18:30','2022-08-21 12:18:30',2,1143,12,'bc3264129f8e5d89'),(1211,1,'2022-08-21 12:18:30','2022-08-21 12:18:30',2,1144,12,'bc3264129f8e5d89'),(1212,1,'2022-08-21 12:18:30','2022-08-21 12:18:30',2,1145,12,'bc3264129f8e5d89'),(1213,1,'2022-08-21 12:18:30','2022-08-21 12:18:30',2,1146,12,'bc3264129f8e5d89'),(1214,1,'2022-08-21 12:18:30','2022-08-21 12:18:30',2,1147,12,'bc3264129f8e5d89'),(1215,5,'2022-08-21 12:18:30','2022-08-21 12:18:30',2,1148,12,'bc3264129f8e5d89'),(1216,5,'2022-08-21 12:18:30','2022-08-21 12:18:30',2,1149,12,'bc3264129f8e5d89'),(1217,5,'2022-08-21 12:18:30','2022-08-21 12:18:30',2,1150,12,'bc3264129f8e5d89'),(1218,5,'2022-08-21 12:18:30','2022-08-21 12:18:30',2,1151,12,'bc3264129f8e5d89'),(1219,2,'2022-08-21 12:18:30','2022-08-21 12:18:30',2,1152,12,'bc3264129f8e5d89'),(1220,2,'2022-08-21 12:18:30','2022-08-21 12:18:30',2,1153,12,'bc3264129f8e5d89'),(1221,5,'2022-08-21 12:18:30','2022-08-21 12:18:30',2,1154,12,'bc3264129f8e5d89'),(1222,4,'2022-08-21 12:18:30','2022-08-21 12:18:30',2,1155,12,'bc3264129f8e5d89'),(1223,1,'2022-08-21 12:18:30','2022-08-21 12:18:30',2,1156,12,'bc3264129f8e5d89'),(1224,1,'2022-08-21 12:18:30','2022-08-21 12:18:30',2,1157,12,'bc3264129f8e5d89'),(1225,4,'2022-08-21 12:18:30','2022-08-21 12:18:30',2,1158,12,'bc3264129f8e5d89'),(1226,2,'2022-08-21 12:18:30','2022-08-21 12:18:30',2,1159,12,'bc3264129f8e5d89'),(1227,2,'2022-08-21 12:18:30','2022-08-21 12:18:30',2,1160,12,'bc3264129f8e5d89'),(1228,2,'2022-08-21 12:18:30','2022-08-21 12:18:30',2,1161,12,'bc3264129f8e5d89'),(1229,2,'2022-08-21 12:18:30','2022-08-21 12:18:30',2,1162,12,'bc3264129f8e5d89'),(1230,2,'2022-08-21 12:18:30','2022-08-21 12:18:30',2,1163,12,'bc3264129f8e5d89'),(1231,2,'2022-08-21 12:18:30','2022-08-21 12:18:30',2,1164,12,'bc3264129f8e5d89'),(1232,1,'2022-08-21 12:18:30','2022-08-21 12:18:30',2,1165,12,'bc3264129f8e5d89'),(1233,2,'2022-08-21 12:18:30','2022-08-21 12:18:30',2,1166,12,'bc3264129f8e5d89'),(1234,2,'2022-08-21 12:18:30','2022-08-21 12:18:30',2,1167,12,'bc3264129f8e5d89'),(1235,2,'2022-08-21 12:18:30','2022-08-21 12:18:30',2,1168,12,'bc3264129f8e5d89'),(1236,1,'2022-08-21 12:18:30','2022-08-21 12:18:30',2,1169,12,'bc3264129f8e5d89'),(1237,1,'2022-08-21 12:18:30','2022-08-21 12:18:30',2,1170,12,'bc3264129f8e5d89'),(1238,1,'2022-08-21 12:18:30','2022-08-21 12:18:30',2,1171,12,'bc3264129f8e5d89'),(1239,1,'2022-08-21 12:18:30','2022-08-21 12:18:30',2,1172,12,'bc3264129f8e5d89'),(1240,1,'2022-08-21 12:18:30','2022-08-21 12:18:30',2,1173,12,'bc3264129f8e5d89'),(1241,4,'2022-08-21 12:18:30','2022-08-21 12:18:30',2,1174,12,'bc3264129f8e5d89'),(1242,4,'2022-08-21 12:18:30','2022-08-21 12:18:30',2,1175,12,'bc3264129f8e5d89'),(1243,4,'2022-08-21 12:18:30','2022-08-21 12:18:30',2,1176,12,'bc3264129f8e5d89'),(1244,4,'2022-08-21 12:18:30','2022-08-21 12:18:30',2,1177,12,'bc3264129f8e5d89'),(1245,4,'2022-08-21 12:18:30','2022-08-21 12:18:30',2,1178,12,'bc3264129f8e5d89'),(1246,2,'2022-08-21 12:18:30','2022-08-21 12:18:30',2,1179,12,'bc3264129f8e5d89'),(1247,2,'2022-08-21 12:18:30','2022-08-21 12:18:30',2,1180,12,'bc3264129f8e5d89'),(1248,4,'2022-08-21 12:18:30','2022-08-21 12:18:30',2,1181,12,'bc3264129f8e5d89'),(1249,4,'2022-08-21 12:18:30','2022-08-21 12:18:30',2,1182,12,'bc3264129f8e5d89'),(1250,1,'2022-08-21 12:18:30','2022-08-21 12:18:30',2,1183,12,'bc3264129f8e5d89'),(1251,1,'2022-08-21 12:18:30','2022-08-21 12:18:30',2,1184,12,'bc3264129f8e5d89'),(1252,1,'2022-08-21 12:18:30','2022-08-21 12:18:30',2,1185,12,'bc3264129f8e5d89'),(1253,1,'2022-08-21 12:18:30','2022-08-21 12:18:30',2,1186,12,'bc3264129f8e5d89'),(1254,1,'2022-08-21 12:18:30','2022-08-21 12:18:30',2,1187,12,'bc3264129f8e5d89'),(1255,1,'2022-08-21 12:18:30','2022-08-21 12:18:30',2,1188,12,'bc3264129f8e5d89'),(1256,1,'2022-08-21 12:18:30','2022-08-21 12:18:30',2,1189,12,'bc3264129f8e5d89'),(1257,5,'2022-08-21 12:18:30','2022-08-21 12:18:30',2,1190,12,'bc3264129f8e5d89'),(1258,1,'2022-08-21 12:18:30','2022-08-21 12:18:30',2,1191,12,'bc3264129f8e5d89'),(1259,1,'2022-08-21 12:18:30','2022-08-21 12:18:30',2,1192,12,'bc3264129f8e5d89'),(1260,2,'2022-08-21 12:18:30','2022-08-21 12:18:30',2,1193,12,'bc3264129f8e5d89'),(1261,1,'2022-08-21 12:18:30','2022-08-21 12:18:30',2,1194,12,'bc3264129f8e5d89'),(1262,1,'2022-08-21 12:18:30','2022-08-21 12:18:30',2,1195,12,'bc3264129f8e5d89'),(1263,2,'2022-08-21 12:18:30','2022-08-21 12:18:30',2,1196,12,'bc3264129f8e5d89'),(1264,2,'2022-08-21 12:18:30','2022-08-21 12:18:30',2,1197,12,'bc3264129f8e5d89'),(1265,1,'2022-08-21 12:18:30','2022-08-21 12:18:30',2,1198,12,'bc3264129f8e5d89'),(1266,1,'2022-08-21 12:18:30','2022-08-21 12:18:30',2,1199,12,'bc3264129f8e5d89'),(1267,1,'2022-08-21 12:18:30','2022-08-21 12:18:30',2,1200,12,'bc3264129f8e5d89'),(1268,1,'2022-08-21 12:18:30','2022-08-21 12:18:30',2,1201,12,'bc3264129f8e5d89'),(1269,1,'2022-08-21 12:18:30','2022-08-21 12:18:30',2,1202,12,'bc3264129f8e5d89'),(1270,1,'2022-08-21 12:18:30','2022-08-21 12:18:30',2,1203,12,'bc3264129f8e5d89'),(1271,1,'2022-08-21 12:18:30','2022-08-21 12:18:30',2,1204,12,'bc3264129f8e5d89'),(1272,1,'2022-08-21 12:18:30','2022-08-21 12:18:30',2,1205,12,'bc3264129f8e5d89'),(1273,1,'2022-08-21 12:18:30','2022-08-21 12:18:30',2,1206,12,'bc3264129f8e5d89'),(1274,1,'2022-08-21 12:18:30','2022-08-21 12:18:30',2,1207,12,'bc3264129f8e5d89'),(1275,2,'2022-08-21 12:18:30','2022-08-21 12:18:30',2,1208,12,'bc3264129f8e5d89'),(1276,1,'2022-08-21 12:18:30','2022-08-21 12:18:30',2,1209,12,'bc3264129f8e5d89'),(1277,4,'2022-08-21 12:18:30','2022-08-21 12:18:30',2,1210,12,'bc3264129f8e5d89'),(1278,4,'2022-08-21 12:18:30','2022-08-21 12:18:30',2,1211,12,'bc3264129f8e5d89'),(1279,10,'2022-08-21 12:18:30','2022-08-21 12:18:30',2,1212,12,'bc3264129f8e5d89'),(1280,10,'2022-08-21 12:18:30','2022-08-21 12:18:30',2,1213,12,'bc3264129f8e5d89'),(1281,4,'2022-08-21 12:18:30','2022-08-21 12:18:30',2,1214,12,'bc3264129f8e5d89'),(1282,4,'2022-08-21 12:18:30','2022-08-21 12:18:30',2,1215,12,'bc3264129f8e5d89'),(1283,4,'2022-08-21 12:18:30','2022-08-21 12:18:30',2,1216,12,'bc3264129f8e5d89'),(1284,1,'2022-08-21 12:18:30','2022-08-21 12:18:30',2,1217,12,'bc3264129f8e5d89'),(1285,1,'2022-08-21 12:18:30','2022-08-21 12:18:30',2,1218,12,'bc3264129f8e5d89');
/*!40000 ALTER TABLE `stores` ENABLE KEYS */;
UNLOCK TABLES;

--
-- Table structure for table `technicians`
--

DROP TABLE IF EXISTS `technicians`;
/*!40101 SET @saved_cs_client     = @@character_set_client */;
/*!40101 SET character_set_client = utf8 */;
CREATE TABLE `technicians` (
  `id` bigint(20) unsigned NOT NULL AUTO_INCREMENT,
  `number` varchar(8) COLLATE utf8mb4_unicode_ci NOT NULL,
  `lastname` varchar(255) COLLATE utf8mb4_unicode_ci NOT NULL,
  `firstname` varchar(255) COLLATE utf8mb4_unicode_ci NOT NULL,
  `enabled` tinyint(1) NOT NULL DEFAULT 1,
  `user_id` bigint(20) unsigned NOT NULL,
  `created_at` timestamp NULL DEFAULT NULL,
  `updated_at` timestamp NULL DEFAULT NULL,
  PRIMARY KEY (`id`),
  UNIQUE KEY `technicians_number_unique` (`number`),
  KEY `technicians_user_id_foreign` (`user_id`),
  CONSTRAINT `technicians_user_id_foreign` FOREIGN KEY (`user_id`) REFERENCES `users` (`id`)
) ENGINE=InnoDB AUTO_INCREMENT=23 DEFAULT CHARSET=utf8mb4 COLLATE=utf8mb4_unicode_ci;
/*!40101 SET character_set_client = @saved_cs_client */;

--
-- Dumping data for table `technicians`
--

LOCK TABLES `technicians` WRITE;
/*!40000 ALTER TABLE `technicians` DISABLE KEYS */;
INSERT INTO `technicians` VALUES (18,'89214cea','Reina','Anthony',1,1,'2021-06-06 14:28:42','2021-06-06 14:28:42'),(19,'e2720e6a','Soete','Joris',1,1,'2021-06-06 14:29:09','2021-06-06 14:29:09'),(20,'75a6a387','Crebeyck','Alexandre',0,10,'2021-06-06 14:29:40','2021-12-27 15:53:58'),(21,'9c8e67ce','Tricarico','Alessio',1,1,'2021-06-06 14:30:16','2021-06-06 14:30:16'),(22,'21791721','Roger','Denis',1,10,'2021-12-27 15:53:39','2021-12-27 15:53:39');
/*!40000 ALTER TABLE `technicians` ENABLE KEYS */;
UNLOCK TABLES;

--
-- Table structure for table `truckscranes`
--

DROP TABLE IF EXISTS `truckscranes`;
/*!40101 SET @saved_cs_client     = @@character_set_client */;
/*!40101 SET character_set_client = utf8 */;
CREATE TABLE `truckscranes` (
  `id` bigint(20) unsigned NOT NULL AUTO_INCREMENT,
  `plate` varchar(20) NOT NULL,
  `brand` varchar(250) DEFAULT NULL,
  `truck_model` varchar(250) DEFAULT NULL,
  `created_at` timestamp NULL DEFAULT NULL,
  `updated_at` timestamp NULL DEFAULT NULL,
  `user_id` bigint(20) unsigned NOT NULL,
  `current` tinyint(1) NOT NULL DEFAULT 0,
  `date_current` date DEFAULT NULL,
  `customer_id` bigint(20) unsigned NOT NULL,
  `serial` varchar(255) NOT NULL,
  `crane_model` varchar(255) NOT NULL,
  `year_production` int(11) unsigned DEFAULT NULL,
  PRIMARY KEY (`id`),
  KEY `trucks_plate_IDX` (`plate`) USING BTREE,
  KEY `trucks_cranes_customer_id_foreign` (`customer_id`),
  KEY `trucks_cranes_user_id_foreign` (`user_id`),
  CONSTRAINT `trucks_cranes_customer_id_foreign` FOREIGN KEY (`customer_id`) REFERENCES `customers` (`id`),
  CONSTRAINT `trucks_cranes_user_id_foreign` FOREIGN KEY (`user_id`) REFERENCES `users` (`id`)
) ENGINE=InnoDB AUTO_INCREMENT=63 DEFAULT CHARSET=utf8;
/*!40101 SET character_set_client = @saved_cs_client */;

--
-- Dumping data for table `truckscranes`
--

LOCK TABLES `truckscranes` WRITE;
/*!40000 ALTER TABLE `truckscranes` DISABLE KEYS */;
INSERT INTO `truckscranes` VALUES (19,'2BBL944','','','2022-01-19 15:32:01','2022-01-19 15:32:01',10,1,NULL,33,'3005-0130','F305A.2.25 XE-Dynamic',NULL),(20,'2BLK273','VOLVO','','2022-01-28 15:25:35','2022-01-28 15:25:35',10,1,NULL,34,'5450-0623','F545RA.2.26 XE DYN',NULL),(21,'1AWH155','','','2022-02-22 11:10:26','2022-03-06 17:50:35',10,1,NULL,35,'0906-7270','F95A-105 XP.24',NULL),(22,'1WXU152','','','2022-02-23 11:55:07','2022-02-23 11:55:07',10,1,NULL,36,'1061612','HMF 1820 - K3',NULL),(23,'2NHC123','Volvo','','2022-02-23 17:56:05','2022-04-19 11:13:00',10,0,'2022-04-19',37,'5450-0610','F545RA.2.25 XHE-Dynamic',NULL),(24,'1KBL816','Iveco','','2022-02-25 14:56:57','2022-02-25 14:56:57',10,1,NULL,38,'5218','F150A.25',NULL),(25,'1YEJ029','DAF','','2022-03-02 13:34:17','2022-03-02 13:34:17',10,1,NULL,39,'2306-0846','F235A.2.23',NULL),(26,'2AUA400','','','2022-03-02 14:09:39','2022-03-02 14:09:39',10,1,NULL,40,'3450-0009','F345A.2.25 XE dyn',NULL),(27,'2ARS274','Volvo','','2022-03-02 14:39:34','2022-03-02 14:39:34',10,1,NULL,41,'3104-0119','F315RA.2.25 E-dyn',NULL),(28,'1......','','','2022-03-14 17:41:54','2022-03-22 16:29:33',10,0,'2022-03-22',42,'12211158','Hiab XS 122 Hipro',2014),(29,'QAJW518','MAN','','2022-03-18 13:48:27','2022-03-18 13:48:27',10,1,NULL,43,'2306-0986','F235A.2.23 E-Dynamic',2020),(30,'1NPF147','','','2022-03-18 15:37:16','2022-03-18 15:37:16',10,1,NULL,44,'1606-0349','F165A.2.24 E-Dynamic',2015),(31,'1XCB035','','','2022-03-22 16:29:33','2022-03-22 16:29:33',10,1,NULL,42,'12211158','Hiab XS 122 Hipro',2014),(32,'1YMB806','','','2022-03-23 10:06:53','2022-03-23 10:06:53',10,1,NULL,45,'3103-0310','F315A.2.25 E-Dynamic',2020),(33,'2BPG076','DAF','','2022-03-23 11:57:00','2022-03-23 11:57:00',10,1,NULL,46,'1212-0328','F120B.2.22 E-Dynamic',2021),(34,'1WML103','Volvo','','2022-03-28 15:44:26','2022-03-28 15:44:26',10,1,NULL,47,'8002-0188','F820RA.2.27 XHE-dynamic',2019),(35,'12.....','','','2022-03-30 13:32:28','2022-03-30 15:50:49',10,0,'2022-03-30',48,'5450-0463','F545RA.2.28 Xe-Dynamic',2020),(36,'2ACL196','MAN','','2022-03-30 15:50:49','2022-03-30 15:50:49',10,1,NULL,48,'5450-0463','F545RA.2.28 Xe-Dynamic',2020),(37,'1WGW709','','','2022-03-31 15:02:38','2022-03-31 15:04:16',10,0,'2022-03-31',49,'3950-0035','F395A.2.26 XE-dynamic',2019),(38,'1WGW709','','','2022-03-31 15:04:16','2022-03-31 15:04:16',10,1,NULL,49,'3950-0032','F395A.2.26 XE-Dynamic',2019),(39,'1XKG241','MAN','camion 657','2022-04-05 11:06:14','2022-04-05 11:06:14',10,1,NULL,50,'4801-0154','F485A.2.26 Xe-Dynamic',2019),(40,'1YXD413','Volvo','','2022-04-13 16:27:06','2022-04-13 16:27:06',10,1,NULL,24,'4801-0020','F485A.2.26 Xe-Dynamic',2015),(41,'2BHC123','','','2022-04-19 11:13:00','2022-04-19 11:13:00',10,1,NULL,37,'5450-0610','F545RA.2.25 XHE-Dynamic',NULL),(42,'2BTH929','Volvo','','2022-04-21 16:24:49','2022-04-21 16:24:49',10,1,NULL,41,'2306-1185','F235A.2.25 E-Dynamic',2021),(43,'2BTH937','Volvo','','2022-04-21 16:28:31','2022-04-21 16:28:31',10,1,NULL,41,'2306-1186','F235A.2.25 E-Dynamic',2021),(44,'1XEU677','MAN','','2022-04-21 16:31:08','2022-04-21 16:31:08',10,1,NULL,50,'4801-0142','F485A.2.26 XE-Dynamic',2019),(45,'1UED631','Mercedes','','2022-04-21 16:36:28','2022-04-21 16:36:28',10,1,NULL,25,'6601-0526','F660RA.2.26 HE-Dynamic',2018),(46,'1SVA193','MAN','','2022-04-27 14:06:44','2022-04-27 14:06:44',10,1,NULL,46,'1312-0308','F135A.2.22 E-Dynamic',2017),(47,'1VWB858','Scania','','2022-04-27 14:07:50','2022-04-27 14:09:22',10,1,NULL,22,'1805-0277','F185A.2.23 E-Dynamic',2018),(48,'2BGA139','Iveco','','2022-05-06 14:19:14','2022-05-06 14:19:14',10,1,NULL,51,'9105-0235','F1150RA.2.28 XHE- Dyn',2021),(49,'1RGH475','MAN','','2022-05-06 15:16:44','2022-05-06 15:16:44',10,1,NULL,52,'4203-0047','F425RA.2.24 E-Dynamic',2016),(50,'1YWU693','Volvo','','2022-05-10 15:00:51','2022-05-10 15:00:51',10,1,NULL,53,'1506-0185','F155AC.2.23',2016),(51,'1VML270','','','2022-06-02 14:31:41','2022-06-02 14:31:41',10,1,NULL,54,'2306-0674','F235A.2.24 E-Dynamic',2018),(52,'2AMX500','','','2022-06-03 16:52:53','2022-06-03 16:52:53',10,1,NULL,41,'3104-0114','F315RA.2.25 E-Dynamic',2021),(53,'2AMP539','','','2022-06-03 16:59:29','2022-06-03 16:59:29',10,1,NULL,41,'3104-0109','F315RA.2.25 E-Dynamic',2020),(54,'1WLE664','','','2022-06-08 11:17:18','2022-06-08 11:17:18',10,1,NULL,27,'2103-0263','F215A.2.24 E-Dynamic',2019),(55,'1XQB115','MAN','','2022-06-15 14:51:08','2022-06-15 14:51:08',10,1,NULL,97,'2307-0202','F255A.2.24 XE Dynamic',2019),(56,'1WCY337','DAF','','2022-06-15 17:53:57','2022-06-15 17:53:57',10,1,NULL,49,'8002-0245','F820RA.2.27 XHE-Dynamic',2019),(57,'1VHH596','Iveco','','2022-06-16 13:22:59','2022-06-16 13:22:59',10,1,NULL,51,'9105-0048','F1150RA.2.26 XHE-Dynamic',2018),(58,'1YLB996','','','2022-07-12 10:37:30','2022-07-12 10:37:30',10,1,NULL,93,'5602-0016','F560RA.2.25',NULL),(59,'1WQCX968','MAN','','2022-07-14 11:29:57','2022-07-14 11:29:57',10,1,NULL,27,'2103-0306','F215A.2.24 E-Dynamic',2020),(60,'1VAJ868','MAN','','2022-08-10 11:43:16','2022-08-10 11:43:16',10,1,NULL,49,'3602-0545','F365A.2.26 E-dynamic',2018),(61,'1XKG217','MAN','','2022-08-10 13:58:11','2022-08-10 13:58:11',10,1,NULL,50,'4801-0155','F485A.2.26 XE-Dynamic',2019),(62,'1FYT193','','','2022-08-16 17:36:07','2022-08-16 17:36:07',10,1,NULL,49,'4801-0231','F485A.2.25 XE-Dynamic',2021);
/*!40000 ALTER TABLE `truckscranes` ENABLE KEYS */;
UNLOCK TABLES;

--
-- Table structure for table `users`
--

DROP TABLE IF EXISTS `users`;
/*!40101 SET @saved_cs_client     = @@character_set_client */;
/*!40101 SET character_set_client = utf8 */;
CREATE TABLE `users` (
  `id` bigint(20) unsigned NOT NULL AUTO_INCREMENT,
  `lastname` varchar(255) COLLATE utf8mb4_unicode_ci NOT NULL,
  `firstname` varchar(255) COLLATE utf8mb4_unicode_ci NOT NULL,
  `enabled` tinyint(1) NOT NULL DEFAULT 1,
  `language` varchar(255) COLLATE utf8mb4_unicode_ci NOT NULL DEFAULT 'en',
  `email` varchar(255) COLLATE utf8mb4_unicode_ci NOT NULL,
  `email_verified_at` timestamp NULL DEFAULT NULL,
  `password` varchar(255) COLLATE utf8mb4_unicode_ci NOT NULL,
  `remember_token` varchar(100) COLLATE utf8mb4_unicode_ci DEFAULT NULL,
  `created_at` timestamp NULL DEFAULT NULL,
  `updated_at` timestamp NULL DEFAULT NULL,
  PRIMARY KEY (`id`),
  UNIQUE KEY `users_email_unique` (`email`)
) ENGINE=InnoDB AUTO_INCREMENT=13 DEFAULT CHARSET=utf8mb4 COLLATE=utf8mb4_unicode_ci;
/*!40101 SET character_set_client = @saved_cs_client */;

--
-- Dumping data for table `users`
--

LOCK TABLES `users` WRITE;
/*!40000 ALTER TABLE `users` DISABLE KEYS */;
INSERT INTO `users` VALUES (1,'Moers','Serge',1,'fr','serge.moers@mo-consult.be',NULL,'$2y$10$P4zxNDSQC/PaP4vosfL2juTmibCT/mQ5bAdmhM0gqMQ5VvmqkV.Iu',NULL,'2020-10-31 11:24:09','2021-07-18 22:49:01'),(2,'De Haese','Hans',1,'nl','hans@fassibelgium.com',NULL,'$2y$10$1WfG8QfBDv3cNaGhl8tjT.Eeh4SOKMZBhCi5p9BUcFJtKuWEBPgBq',NULL,'2021-02-22 18:22:57','2021-02-22 18:22:57'),(4,'Dodemont','Eric',1,'fr','eric@fassibelgium.com',NULL,'$2y$10$edmKa5is5tuu6S4wLpgdXexoBaFL7gY79aVSgF6E.qcrel4hj35g.',NULL,'2021-02-22 18:24:06','2021-02-22 18:24:06'),(5,'Godechal','Amandine',1,'fr','administration@fassibelgium.com',NULL,'$2y$10$iZOsMGAxrjlc6xyeR4dRbOn1sXe6SmAM5IBfJaYwQjBEXYeoE.ioK',NULL,'2021-02-22 18:24:17','2021-02-22 18:24:17'),(10,'Desomberg','Rginald',1,'fr','secretariat@fassibelgium.com',NULL,'$2y$10$fMa5PmXRRMu3uJx1jJcS1eJ2a2..zvvXPwkKzIahq6epOMpJFPTA2',NULL,'2021-06-15 17:13:15','2021-06-15 17:13:15'),(11,'Fassi','Magasin',1,'fr','mag@fassibelgium.com',NULL,'$2y$10$UmgHTld2docie3o0PwA/UuAtbGSL6SiN05JvNPcQND0bIDg6kiscm',NULL,'2021-07-09 15:36:28','2021-07-09 15:36:28'),(12,'Admin','System',1,'en','admin@mo-consult.be',NULL,'$2y$10$SDYJ8eNoNBwPO8S62MenG.8yzvBsHqaG2ZamFLlQDBkq9G/Y9OEay',NULL,'2022-01-09 12:55:49','2022-01-09 12:55:49');
/*!40000 ALTER TABLE `users` ENABLE KEYS */;
UNLOCK TABLES;

--
-- Temporary table structure for view `view_clocking_extended`
--

DROP TABLE IF EXISTS `view_clocking_extended`;
/*!50001 DROP VIEW IF EXISTS `view_clocking_extended`*/;
SET @saved_cs_client     = @@character_set_client;
SET character_set_client = utf8;
/*!50001 CREATE TABLE `view_clocking_extended` (
  `lastname` tinyint NOT NULL,
  `firstname` tinyint NOT NULL,
  `fullname` tinyint NOT NULL,
  `id` tinyint NOT NULL,
  `date` tinyint NOT NULL,
  `start_date` tinyint NOT NULL,
  `stop_date` tinyint NOT NULL,
  `technician_id` tinyint NOT NULL,
  `user_id` tinyint NOT NULL,
  `created_at` tinyint NOT NULL,
  `updated_at` tinyint NOT NULL,
  `worksheet_id` tinyint NOT NULL,
  `start_date_d` tinyint NOT NULL,
  `stop_date_d` tinyint NOT NULL,
  `start_time` tinyint NOT NULL,
  `stop_time` tinyint NOT NULL,
  `diff` tinyint NOT NULL
) ENGINE=MyISAM */;
SET character_set_client = @saved_cs_client;

--
-- Temporary table structure for view `view_clockings_by_day`
--

DROP TABLE IF EXISTS `view_clockings_by_day`;
/*!50001 DROP VIEW IF EXISTS `view_clockings_by_day`*/;
SET @saved_cs_client     = @@character_set_client;
SET character_set_client = utf8;
/*!50001 CREATE TABLE `view_clockings_by_day` (
  `worksheet_id` tinyint NOT NULL,
  `date` tinyint NOT NULL,
  `time` tinyint NOT NULL
) ENGINE=MyISAM */;
SET character_set_client = @saved_cs_client;

--
-- Temporary table structure for view `view_clockings_details_correct`
--

DROP TABLE IF EXISTS `view_clockings_details_correct`;
/*!50001 DROP VIEW IF EXISTS `view_clockings_details_correct`*/;
SET @saved_cs_client     = @@character_set_client;
SET character_set_client = utf8;
/*!50001 CREATE TABLE `view_clockings_details_correct` (
  `id` tinyint NOT NULL,
  `date` tinyint NOT NULL,
  `time` tinyint NOT NULL,
  `action` tinyint NOT NULL,
  `status` tinyint NOT NULL,
  `worksheet_id` tinyint NOT NULL,
  `technician_id` tinyint NOT NULL,
  `user_id` tinyint NOT NULL,
  `created_at` tinyint NOT NULL,
  `updated_at` tinyint NOT NULL,
  `w_number` tinyint NOT NULL,
  `t_number` tinyint NOT NULL,
  `technician` tinyint NOT NULL
) ENGINE=MyISAM */;
SET character_set_client = @saved_cs_client;

--
-- Temporary table structure for view `view_partmetadatas_reassort`
--

DROP TABLE IF EXISTS `view_partmetadatas_reassort`;
/*!50001 DROP VIEW IF EXISTS `view_partmetadatas_reassort`*/;
SET @saved_cs_client     = @@character_set_client;
SET character_set_client = utf8;
/*!50001 CREATE TABLE `view_partmetadatas_reassort` (
  `id` tinyint NOT NULL,
  `part_number` tinyint NOT NULL,
  `description` tinyint NOT NULL,
  `enabled` tinyint NOT NULL,
  `electrical_part` tinyint NOT NULL,
  `bar_code` tinyint NOT NULL,
  `created_at` tinyint NOT NULL,
  `updated_at` tinyint NOT NULL,
  `reassort_level` tinyint NOT NULL,
  `user_id` tinyint NOT NULL,
  `qty` tinyint NOT NULL
) ENGINE=MyISAM */;
SET character_set_client = @saved_cs_client;

--
-- Temporary table structure for view `view_parts_signed_values`
--

DROP TABLE IF EXISTS `view_parts_signed_values`;
/*!50001 DROP VIEW IF EXISTS `view_parts_signed_values`*/;
SET @saved_cs_client     = @@character_set_client;
SET character_set_client = utf8;
/*!50001 CREATE TABLE `view_parts_signed_values` (
  `id` tinyint NOT NULL,
  `part_number` tinyint NOT NULL,
  `description` tinyint NOT NULL,
  `qty` tinyint NOT NULL,
  `price` tinyint NOT NULL,
  `year` tinyint NOT NULL,
  `user_id` tinyint NOT NULL,
  `created_at` tinyint NOT NULL,
  `updated_at` tinyint NOT NULL,
  `worksheet_id` tinyint NOT NULL,
  `bar_code` tinyint NOT NULL,
  `type` tinyint NOT NULL,
  `qty_signed` tinyint NOT NULL,
  `unit_price_signed` tinyint NOT NULL,
  `total_price_signed` tinyint NOT NULL
) ENGINE=MyISAM */;
SET character_set_client = @saved_cs_client;

--
-- Temporary table structure for view `view_parts_sum_outs`
--

DROP TABLE IF EXISTS `view_parts_sum_outs`;
/*!50001 DROP VIEW IF EXISTS `view_parts_sum_outs`*/;
SET @saved_cs_client     = @@character_set_client;
SET character_set_client = utf8;
/*!50001 CREATE TABLE `view_parts_sum_outs` (
  `worksheet_id` tinyint NOT NULL,
  `part_number` tinyint NOT NULL,
  `bar_code` tinyint NOT NULL,
  `o_qty` tinyint NOT NULL,
  `r_qty` tinyint NOT NULL,
  `o_price` tinyint NOT NULL,
  `r_price` tinyint NOT NULL
) ENGINE=MyISAM */;
SET character_set_client = @saved_cs_client;

--
-- Temporary table structure for view `view_parts_sum_reassortements`
--

DROP TABLE IF EXISTS `view_parts_sum_reassortements`;
/*!50001 DROP VIEW IF EXISTS `view_parts_sum_reassortements`*/;
SET @saved_cs_client     = @@character_set_client;
SET character_set_client = utf8;
/*!50001 CREATE TABLE `view_parts_sum_reassortements` (
  `worksheet_id` tinyint NOT NULL,
  `part_number` tinyint NOT NULL,
  `bar_code` tinyint NOT NULL,
  `o_qty` tinyint NOT NULL,
  `r_qty` tinyint NOT NULL,
  `o_price` tinyint NOT NULL,
  `r_price` tinyint NOT NULL
) ENGINE=MyISAM */;
SET character_set_client = @saved_cs_client;

--
-- Temporary table structure for view `view_parts_total`
--

DROP TABLE IF EXISTS `view_parts_total`;
/*!50001 DROP VIEW IF EXISTS `view_parts_total`*/;
SET @saved_cs_client     = @@character_set_client;
SET character_set_client = utf8;
/*!50001 CREATE TABLE `view_parts_total` (
  `worksheet_id` tinyint NOT NULL,
  `part_number` tinyint NOT NULL,
  `bar_code` tinyint NOT NULL,
  `qty_total` tinyint NOT NULL,
  `price` tinyint NOT NULL,
  `price_total` tinyint NOT NULL
) ENGINE=MyISAM */;
SET character_set_client = @saved_cs_client;

--
-- Temporary table structure for view `view_worksheets_customers_cranes`
--

DROP TABLE IF EXISTS `view_worksheets_customers_cranes`;
/*!50001 DROP VIEW IF EXISTS `view_worksheets_customers_cranes`*/;
SET @saved_cs_client     = @@character_set_client;
SET character_set_client = utf8;
/*!50001 CREATE TABLE `view_worksheets_customers_cranes` (
  `id` tinyint NOT NULL,
  `number` tinyint NOT NULL,
  `date` tinyint NOT NULL,
  `year` tinyint NOT NULL,
  `validated` tinyint NOT NULL,
  `validated_date` tinyint NOT NULL,
  `warranty` tinyint NOT NULL,
  `serial` tinyint NOT NULL,
  `plate` tinyint NOT NULL,
  `name` tinyint NOT NULL,
  `truckscrane_id` tinyint NOT NULL
) ENGINE=MyISAM */;
SET character_set_client = @saved_cs_client;

--
-- Table structure for table `worksheets`
--

DROP TABLE IF EXISTS `worksheets`;
/*!40101 SET @saved_cs_client     = @@character_set_client */;
/*!40101 SET character_set_client = utf8 */;
CREATE TABLE `worksheets` (
  `id` bigint(20) unsigned NOT NULL AUTO_INCREMENT,
  `number` bigint(20) NOT NULL,
  `date` date DEFAULT NULL,
  `remarks` text COLLATE utf8mb4_unicode_ci DEFAULT NULL,
  `work` text COLLATE utf8mb4_unicode_ci DEFAULT NULL,
  `oil_filtered` tinyint(1) NOT NULL DEFAULT 0,
  `validated` tinyint(1) NOT NULL DEFAULT 0,
  `validated_date` datetime DEFAULT NULL,
  `created_at` timestamp NULL DEFAULT NULL,
  `updated_at` timestamp NULL DEFAULT NULL,
  `user_id` bigint(20) unsigned DEFAULT NULL,
  `oil_replace` decimal(7,2) NOT NULL DEFAULT 0.00,
  `warranty` tinyint(1) NOT NULL DEFAULT 0,
  `truckscrane_id` bigint(20) unsigned DEFAULT NULL,
  PRIMARY KEY (`id`),
  UNIQUE KEY `worksheets_number_unique` (`number`),
  KEY `worksheets_user_id_foreign` (`user_id`),
  KEY `worksheets_truckscrane_id_foreign` (`truckscrane_id`),
  CONSTRAINT `worksheets_truckscrane_id_foreign` FOREIGN KEY (`truckscrane_id`) REFERENCES `truckscranes` (`id`),
  CONSTRAINT `worksheets_user_id_foreign` FOREIGN KEY (`user_id`) REFERENCES `users` (`id`)
) ENGINE=InnoDB AUTO_INCREMENT=74 DEFAULT CHARSET=utf8mb4 COLLATE=utf8mb4_unicode_ci;
/*!40101 SET character_set_client = @saved_cs_client */;

--
-- Dumping data for table `worksheets`
--

LOCK TABLES `worksheets` WRITE;
/*!40000 ALTER TABLE `worksheets` DISABLE KEYS */;
INSERT INTO `worksheets` VALUES (37,20220105154709,'2022-03-01','Remise de niveau d\'huile car bas','Appoint 10L',0,1,'2022-03-02 00:00:00','2022-01-05 15:47:13','2022-03-02 13:49:50',10,10.00,0,25),(38,20220113150838,'2022-03-02','Bouton bquille ct passager ne fonctionne pas','Recherche panne bouton bquille\nHumidit dans le botier FX990000297\nNettoyage botier + fermeture avec nouvelle tanchit\nEssai avec le chauffeur',0,1,'2022-03-02 00:00:00','2022-01-13 15:08:42','2022-03-02 14:14:19',10,0.00,0,26),(39,20220119153823,'2022-01-19','Dplacement de la selle du tracteur','dplacement sellette vers l\'arrire. \najout de 2 plaques industrielles rflchissantes (prix d\'achat unitaire 30 euros)',0,1,'2022-03-02 00:00:00','2022-01-19 15:39:43','2022-03-02 13:41:42',10,0.00,0,20),(40,20220222111033,'2022-02-22','Entretien\nSoudure  faire\nVrifier bouton RX',NULL,0,1,'2022-03-02 00:00:00','2022-02-22 11:11:29','2022-03-02 13:41:52',10,0.00,0,21),(41,20220302134550,'2022-03-02','Boulons  resserrer','Serrage rglage vrin\nMise du PC\nrglage rotor\nGarantie',0,1,'2022-03-02 00:00:00','2022-03-02 13:45:54','2022-03-02 15:07:17',10,0.00,1,27),(42,20220314174205,'2022-03-15','Fuite huile hydraulique','Remplacement kit de joints',0,1,'2022-03-18 00:00:00','2022-03-14 17:42:55','2022-03-18 15:27:10',10,0.00,0,28),(43,20220314174438,'2022-03-15','Fuite hydraulique (voir intervention prcdente)',NULL,0,1,'2022-03-28 00:00:00','2022-03-14 17:45:32','2022-03-28 15:47:45',10,0.00,0,24),(44,20220314174642,'2022-03-30','Problme de giration. Alarme 322','remplacement capteur reset (ie698)\nmise pc pour programmation capteur reset',0,0,NULL,'2022-03-14 17:46:47','2022-03-30 15:47:02',11,0.00,0,35),(45,20220316161013,'2022-03-16','Remplacement Sabot Jib',NULL,0,1,'2022-03-18 00:00:00','2022-03-16 16:10:17','2022-03-18 15:27:01',10,0.00,0,20),(46,20220317110050,'2022-03-17','Problme enrouleur, fuite',NULL,0,1,'2022-03-18 00:00:00','2022-03-17 11:01:23','2022-03-18 15:27:21',10,0.00,0,28),(47,20220318135438,'2022-03-18','Remplacement flexible de l\'enrouleur',NULL,0,0,NULL,'2022-03-18 13:56:45','2022-04-22 13:45:57',10,0.00,0,29),(48,20220318152733,'2022-03-18',NULL,NULL,0,1,'2022-03-28 00:00:00','2022-03-18 15:27:57','2022-03-28 15:47:59',10,0.00,0,23),(49,20220328124956,'2022-03-28','Rondelle Axe tombe. Petite fuite  un tuyau.\nBras de la grue sort tt seul',NULL,0,1,'2022-03-28 00:00:00','2022-03-28 12:52:40','2022-03-28 15:48:12',10,0.00,0,20),(50,20220328154628,'2022-03-28','Alarme 105. Le 1er bras se lve d\'un mtre, ensuite grue en erreur. Chauffeur doit couper le camion, dbrancher prise de force et rebrancher pour continuer  travailler',NULL,0,0,NULL,'2022-03-28 15:46:35','2022-03-28 15:47:17',10,0.00,0,34),(51,20220331150423,'2022-04-04','Entretien+ vrification fuite hydraulique dans la colonne',NULL,0,0,NULL,'2022-03-31 15:05:13','2022-03-31 15:05:13',10,0.00,0,38),(52,20220405110622,'2022-04-05','Plus de signal entre antenne et radio commande',NULL,0,0,NULL,'2022-04-05 11:07:25','2022-04-05 11:07:25',10,0.00,0,39),(53,20220413162713,'2022-04-13','Entretien\nFuite raccord sous distributeur\nRedresser rail Salvaflex\nVrifier tige qui sort toute seule',NULL,0,0,NULL,'2022-04-13 16:28:21','2022-04-13 16:28:21',10,0.00,0,40),(54,20220415123957,'2022-04-15','changement joint GSC385 sur Flyjib',NULL,0,0,NULL,'2022-04-15 12:40:45','2022-06-14 17:15:20',10,0.00,1,20),(55,20220419110543,'2022-04-19','Fuite hydraulique JIB','Remplacement vis 3/4 sur la valve du Jib',0,0,NULL,'2022-04-19 11:06:23','2022-04-19 11:33:11',10,0.00,1,23),(56,20220420173139,'2022-04-20','Remplacement raccords rotor','Fiche Socaflex: 08-M18 droit mle BSP',0,0,NULL,'2022-04-20 17:32:31','2022-05-13 11:59:46',10,0.00,0,22),(57,20220429135849,'2022-04-29','Travail de soudure',NULL,0,0,NULL,'2022-04-29 13:59:32','2022-04-29 13:59:32',10,0.00,0,45),(58,20220510150057,'2022-05-10','Bquille dmonte',NULL,0,0,NULL,'2022-05-10 15:01:59','2022-05-10 15:01:59',10,0.00,0,50),(59,20220519152422,'2022-05-19','Entretien.\nVrifier gllissire Flyjib (3me) semble dtache\ncapteur cabine MOL\nPetite fuite sous la colonne, origine  dterminer.',NULL,0,0,NULL,'2022-05-19 15:25:41','2022-05-19 15:25:41',10,0.00,0,41),(60,20220602143155,'2022-06-02','Entretien\nLO alarme  vrifier',NULL,0,0,NULL,'2022-06-02 16:29:26','2022-06-02 16:29:26',10,0.00,0,51),(61,20220603165309,'2022-06-03','Rfrence 33776  mentionner lors de la facturation\nEntretien\n',NULL,0,0,NULL,'2022-06-03 16:55:06','2022-06-03 16:55:06',10,0.00,0,52),(62,20220603165933,'2022-06-03','Rfrence  mentionner 33779\nEntretien',NULL,0,0,NULL,'2022-06-03 17:01:14','2022-06-03 17:01:14',10,0.00,0,53),(63,20220603170308,'2022-06-03','Rfrence  mentionner: 33774\nEntretien',NULL,0,0,NULL,'2022-06-03 17:08:54','2022-06-03 17:08:54',10,0.00,0,27),(64,20220615144357,'2022-06-15','Fuite raccord rapide',NULL,0,0,NULL,'2022-06-15 14:44:02','2022-06-15 15:10:56',10,8.00,0,55),(65,20220615175409,'2022-08-10','Alarme 320 et 146',NULL,0,0,NULL,'2022-06-15 17:54:50','2022-08-10 11:07:22',10,0.00,0,56),(66,20220616131918,'2022-06-16','problme bquille ct passager',NULL,0,0,NULL,'2022-06-16 13:20:17','2022-06-18 16:30:35',1,0.00,0,57),(67,20220712103758,'2022-08-01','Remplacement bourrage GSC442\nFourniture de plaques d\'appui carres',NULL,0,0,NULL,'2022-07-12 10:39:26','2022-07-12 10:39:26',10,0.00,0,58),(68,20220804115304,'2022-08-04','Alarme 303',NULL,0,0,NULL,'2022-08-04 11:54:01','2022-08-04 11:54:01',10,0.00,0,56),(69,20220805133823,'2022-08-05','Graissage extensions',NULL,0,0,NULL,'2022-08-05 13:38:55','2022-08-05 13:38:55',10,0.00,0,30),(70,20220808161115,'2022-08-09','Entretien annuel',NULL,0,0,NULL,'2022-08-08 16:12:00','2022-08-08 16:12:00',10,0.00,0,52),(71,20220810135846,'2022-08-10','Alarme 97',NULL,0,0,NULL,'2022-08-10 13:59:25','2022-08-10 13:59:25',10,0.00,0,61),(72,20220810140107,'2022-08-16','Soudure bras extension',NULL,0,0,NULL,'2022-08-10 14:02:27','2022-08-16 11:57:15',10,0.00,0,56),(73,20220816173616,'2022-08-17','Fuite distributeur bquille arrire',NULL,0,0,NULL,'2022-08-16 17:37:06','2022-08-16 17:37:06',10,0.00,0,62);
/*!40000 ALTER TABLE `worksheets` ENABLE KEYS */;
UNLOCK TABLES;

--
-- Table structure for table `zipcodes`
--

DROP TABLE IF EXISTS `zipcodes`;
/*!40101 SET @saved_cs_client     = @@character_set_client */;
/*!40101 SET character_set_client = utf8 */;
CREATE TABLE `zipcodes` (
  `id` bigint(20) unsigned NOT NULL AUTO_INCREMENT,
  `zipcode` int(10) unsigned NOT NULL,
  `locality` varchar(100) COLLATE utf8mb4_unicode_ci NOT NULL,
  `created_at` timestamp NULL DEFAULT NULL,
  `updated_at` timestamp NULL DEFAULT NULL,
  PRIMARY KEY (`id`)
) ENGINE=InnoDB AUTO_INCREMENT=2758 DEFAULT CHARSET=utf8mb4 COLLATE=utf8mb4_unicode_ci;
/*!40101 SET character_set_client = @saved_cs_client */;

--
-- Dumping data for table `zipcodes`
--

LOCK TABLES `zipcodes` WRITE;
/*!40000 ALTER TABLE `zipcodes` DISABLE KEYS */;
INSERT INTO `zipcodes` VALUES (1,1020,'Laeken',NULL,NULL),(2,1030,'Schaerbeek',NULL,NULL),(3,1090,'Jette',NULL,NULL),(4,1140,'Evere',NULL,NULL),(5,1170,'Watermael-Boitsfort',NULL,NULL),(6,1200,'Woluwe-Saint-Lambert',NULL,NULL),(7,1210,'Saint-Josse-Ten-Noode',NULL,NULL),(8,1331,'Rosires',NULL,NULL),(9,1340,'Ottignies-Louvain-La-Neuve',NULL,NULL),(10,1350,'Enines',NULL,NULL),(11,1350,'Jauche',NULL,NULL),(12,1350,'Marilles',NULL,NULL),(13,1350,'Noduwez',NULL,NULL),(14,1357,'Neerheylissem',NULL,NULL),(15,1357,'Opheylissem',NULL,NULL),(16,1360,'Orbais',NULL,NULL),(17,1360,'Thorembais-Les-Bguines',NULL,NULL),(18,1370,'Dongelberg',NULL,NULL),(19,1370,'Jodoigne-Souveraine',NULL,NULL),(20,1370,'Lathuy',NULL,NULL),(21,1370,'Saint-Jean-Geest',NULL,NULL),(22,1370,'Saint-Remy-Geest',NULL,NULL),(23,1380,'Couture-Saint-Germain',NULL,NULL),(24,1380,'Plancenoit',NULL,NULL),(25,1390,'Nethen',NULL,NULL),(26,1401,'Baulers',NULL,NULL),(27,1430,'Bierghes',NULL,NULL),(28,1435,'Mont-Saint-Guibert',NULL,NULL),(29,1440,'Braine-Le-Chteau',NULL,NULL),(30,1470,'Bousval',NULL,NULL),(31,1472,'Vieux-Genappe',NULL,NULL),(32,1474,'Ways',NULL,NULL),(33,1495,'Sart-Dames-Avelines',NULL,NULL),(34,1495,'Tilly',NULL,NULL),(35,1540,'Herfelingen',NULL,NULL),(36,1540,'Herne',NULL,NULL),(37,1541,'Sint-Pieters-Kapelle',NULL,NULL),(38,1570,'Vollezele',NULL,NULL),(39,1600,'Oudenaken',NULL,NULL),(40,1600,'Sint-Pieters-Leeuw',NULL,NULL),(41,1620,'Drogenbos',NULL,NULL),(42,1651,'Lot',NULL,NULL),(43,1674,'Bellingen',NULL,NULL),(44,1700,'Sint-Martens-Bodegem',NULL,NULL),(45,1700,'Sint-Ulriks-Kapelle',NULL,NULL),(46,1701,'Itterbeek',NULL,NULL),(47,1702,'Groot-Bijgaarden',NULL,NULL),(48,1755,'Leerbeek',NULL,NULL),(49,1785,'Brussegem',NULL,NULL),(50,1790,'Teralfene',NULL,NULL),(51,1820,'Perk',NULL,NULL),(52,1840,'Malderen',NULL,NULL),(53,1840,'Steenhuffel',NULL,NULL),(54,1850,'Grimbergen',NULL,NULL),(55,1880,'Kapelle-Op-Den-Bos',NULL,NULL),(56,1910,'Buken',NULL,NULL),(57,1950,'Kraainem',NULL,NULL),(58,1980,'Eppegem',NULL,NULL),(59,1981,'Hofstade',NULL,NULL),(60,2040,'Antwerpen',NULL,NULL),(61,2140,'Borgerhout',NULL,NULL),(62,2220,'Heist-Op-Den-Berg',NULL,NULL),(63,2221,'Booischot',NULL,NULL),(64,2230,'Ramsel',NULL,NULL),(65,2235,'Houtvenne',NULL,NULL),(66,2260,'Zoerle-Parwijs',NULL,NULL),(67,2280,'Grobbendonk',NULL,NULL),(68,2381,'Weelde',NULL,NULL),(69,2387,'Baarle-Hertog',NULL,NULL),(70,2390,'Malle',NULL,NULL),(71,2390,'Oostmalle',NULL,NULL),(72,2430,'Eindhout',NULL,NULL),(73,2460,'Kasterlee',NULL,NULL),(74,2460,'Lichtaart',NULL,NULL),(75,2520,'Oelegem',NULL,NULL),(76,2540,'Hove',NULL,NULL),(77,2570,'Duffel',NULL,NULL),(78,2580,'Beerzel',NULL,NULL),(79,2630,'Aartselaar',NULL,NULL),(80,2660,'Hoboken',NULL,NULL),(81,2860,'Sint-Katelijne-Waver',NULL,NULL),(82,2950,'Kapellen',NULL,NULL),(83,2960,'Brecht',NULL,NULL),(84,3012,'Wilsele',NULL,NULL),(85,3020,'Veltem-Beisem',NULL,NULL),(86,3040,'Huldenberg',NULL,NULL),(87,3040,'Ottenburg',NULL,NULL),(88,3052,'Blanden',NULL,NULL),(89,3080,'Vossem',NULL,NULL),(90,3150,'Haacht',NULL,NULL),(91,3202,'Rillaar',NULL,NULL),(92,3220,'Holsbeek',NULL,NULL),(93,3271,'Averbode',NULL,NULL),(94,3271,'Zichem',NULL,NULL),(95,3290,'Deurne',NULL,NULL),(96,3290,'Diest',NULL,NULL),(97,3300,'Hakendover',NULL,NULL),(98,3320,'Hoegaarden',NULL,NULL),(99,3321,'Outgaarden',NULL,NULL),(100,3350,'Neerhespen',NULL,NULL),(101,3350,'Wommersom',NULL,NULL),(102,3360,'Opvelp',NULL,NULL),(103,3370,'Boutersem',NULL,NULL),(104,3370,'Kerkom',NULL,NULL),(105,3380,'Glabbeek',NULL,NULL),(106,3400,'Eliksem',NULL,NULL),(107,3400,'Laar',NULL,NULL),(108,3400,'Neerwinden',NULL,NULL),(109,3400,'Overwinden',NULL,NULL),(110,3401,'Waasmont',NULL,NULL),(111,3401,'Walsbets',NULL,NULL),(112,3450,'Grazen',NULL,NULL),(113,3454,'Rummen',NULL,NULL),(114,3560,'Lummen',NULL,NULL),(115,3570,'Alken',NULL,NULL),(116,3582,'Koersel',NULL,NULL),(117,3600,'Genk',NULL,NULL),(118,3630,'Leut',NULL,NULL),(119,3630,'Maasmechelen',NULL,NULL),(120,3650,'Stokkem',NULL,NULL),(121,3660,'Opglabbeek',NULL,NULL),(122,3670,'Meeuwen',NULL,NULL),(123,3670,'Wijshagen',NULL,NULL),(124,3700,'\'s Herenelderen',NULL,NULL),(125,3700,'Berg',NULL,NULL),(126,3700,'Haren',NULL,NULL),(127,3700,'Kolmont',NULL,NULL),(128,3700,'Mal',NULL,NULL),(129,3700,'Nerem',NULL,NULL),(130,3700,'Sluizen',NULL,NULL),(131,3740,'Bilzen',NULL,NULL),(132,3740,'Waltwilder',NULL,NULL),(133,3770,'Genoelselderen',NULL,NULL),(134,3791,'Remersdaal',NULL,NULL),(135,3800,'Ordingen',NULL,NULL),(136,3803,'Duras',NULL,NULL),(137,3806,'Velm',NULL,NULL),(138,3840,'Gors-Opleeuw',NULL,NULL),(139,3870,'Opheers',NULL,NULL),(140,3870,'Rukkelingen-Loon',NULL,NULL),(141,3870,'Veulen',NULL,NULL),(142,3910,'Sint-Huibrechts-Lille',NULL,NULL),(143,3940,'Hechtel',NULL,NULL),(144,3941,'Eksel',NULL,NULL),(145,3980,'Tessenderlo',NULL,NULL),(146,4000,'Glain',NULL,NULL),(147,4000,'Lige',NULL,NULL),(148,4032,'Chnee',NULL,NULL),(149,4041,'Vottem',NULL,NULL),(150,4050,'Chaudfontaine',NULL,NULL),(151,4121,'Neuville-En-Condroz',NULL,NULL),(152,4122,'Plainevaux',NULL,NULL),(153,4140,'Sprimont',NULL,NULL),(154,4141,'Louveign',NULL,NULL),(155,4171,'Poulseur',NULL,NULL),(156,4180,'Comblain-Fairon',NULL,NULL),(157,4180,'Hamoir',NULL,NULL),(158,4181,'Filot',NULL,NULL),(159,4190,'Werbomont',NULL,NULL),(160,4210,'Lamontze',NULL,NULL),(161,4210,'Marneffe',NULL,NULL),(162,4254,'Ligney',NULL,NULL),(163,4257,'Corswarem',NULL,NULL),(164,4260,'Avennes',NULL,NULL),(165,4260,'Ville-En-Hesbaye',NULL,NULL),(166,4280,'Bertre',NULL,NULL),(167,4280,'Crehen',NULL,NULL),(168,4280,'Hannut',NULL,NULL),(169,4280,'Lens-Saint-Remy',NULL,NULL),(170,4280,'Merdorp',NULL,NULL),(171,4280,'Wansin',NULL,NULL),(172,4300,'Bovenistier',NULL,NULL),(173,4317,'Viemme',NULL,NULL),(174,4340,'Othe',NULL,NULL),(175,4367,'Kemexhe',NULL,NULL),(176,4367,'Odeur',NULL,NULL),(177,4367,'Thys',NULL,NULL),(178,4400,'Flmalle-Haute',NULL,NULL),(179,4420,'Saint-Nicolas',NULL,NULL),(180,4420,'Tilleur',NULL,NULL),(181,4431,'Loncin',NULL,NULL),(182,4452,'Wihogne',NULL,NULL),(183,4480,'Clermont-Sous-Huy',NULL,NULL),(184,4520,'Wanze',NULL,NULL),(185,4530,'Warnant-Dreye',NULL,NULL),(186,4537,'Seraing-Le-Chteau',NULL,NULL),(187,4537,'Verlaine',NULL,NULL),(188,4550,'Villers-Le-Temple',NULL,NULL),(189,4557,'Abe',NULL,NULL),(190,4577,'Outrelouxhe',NULL,NULL),(191,4577,'Stre-Lez-Huy',NULL,NULL),(192,4590,'Warze',NULL,NULL),(193,4600,'Lanaye',NULL,NULL),(194,4606,'Saint-Andr',NULL,NULL),(195,4607,'Feneur',NULL,NULL),(196,4607,'Mortroux',NULL,NULL),(197,4610,'Queue-Du-Bois',NULL,NULL),(198,4630,'Soumagne',NULL,NULL),(199,4650,'Herve',NULL,NULL),(200,4672,'Saint-Remy',NULL,NULL),(201,4728,'Hergenrath',NULL,NULL),(202,4750,'Elsenborn',NULL,NULL),(203,4771,'Heppenbach',NULL,NULL),(204,4821,'Andrimont',NULL,NULL),(205,4837,'Baelen',NULL,NULL),(206,4837,'Membach',NULL,NULL),(207,4850,'Montzen',NULL,NULL),(208,4851,'Gemmenich',NULL,NULL),(209,4861,'Soiron',NULL,NULL),(210,4900,'Spa',NULL,NULL),(211,4910,'Polleur',NULL,NULL),(212,4920,'Harz',NULL,NULL),(213,4950,'Faymonville',NULL,NULL),(214,4983,'Basse-Bodeux',NULL,NULL),(215,5004,'Bouge',NULL,NULL),(216,5020,'Flawinne',NULL,NULL),(217,5020,'Vedrin',NULL,NULL),(218,5024,'Gelbresse',NULL,NULL),(219,5030,'Lonze',NULL,NULL),(220,5031,'Grand-Leez',NULL,NULL),(221,5032,'Isnes',NULL,NULL),(222,5032,'Mazy',NULL,NULL),(223,5060,'Keumie',NULL,NULL),(224,5060,'Sambreville',NULL,NULL),(225,5060,'Tamines',NULL,NULL),(226,5070,'Sart-Saint-Laurent',NULL,NULL),(227,5080,'Emines',NULL,NULL),(228,5080,'La Bruyre',NULL,NULL),(229,5080,'Warisoulx',NULL,NULL),(230,5140,'Ligny',NULL,NULL),(231,5190,'Onoz',NULL,NULL),(232,5310,'Dhuy',NULL,NULL),(233,5310,'Hanret',NULL,NULL),(234,5310,'Leuze',NULL,NULL),(235,5310,'Saint-Germain',NULL,NULL),(236,5332,'Crupet',NULL,NULL),(237,5334,'Flore',NULL,NULL),(238,5360,'Hamois',NULL,NULL),(239,5360,'Natoye',NULL,NULL),(240,5361,'Scy',NULL,NULL),(241,5364,'Schaltin',NULL,NULL),(242,5370,'Havelange',NULL,NULL),(243,5377,'Baillonville',NULL,NULL),(244,5377,'Bonsin',NULL,NULL),(245,5377,'Nettinne',NULL,NULL),(246,5380,'Cortil-Wodon',NULL,NULL),(247,5380,'Franc-Waret',NULL,NULL),(248,5500,'Falmagne',NULL,NULL),(249,5500,'Falmignoul',NULL,NULL),(250,5502,'Thynes',NULL,NULL),(251,5523,'Sommire',NULL,NULL),(252,5530,'Spontin',NULL,NULL),(253,5530,'Yvoir',NULL,NULL),(254,5537,'Anhe',NULL,NULL),(255,5537,'Annevoie-Rouillon',NULL,NULL),(256,5537,'Haut-Le-Wastia',NULL,NULL),(257,5537,'Sosoye',NULL,NULL),(258,5540,'Hastire-Lavaux',NULL,NULL),(259,5543,'Heer',NULL,NULL),(260,5550,'Chairire',NULL,NULL),(261,5550,'Membre',NULL,NULL),(262,5550,'Mouzaive',NULL,NULL),(263,5550,'Orchimont',NULL,NULL),(264,5555,'Baillamont',NULL,NULL),(265,5555,'Bellefontaine',NULL,NULL),(266,5555,'Cornimont',NULL,NULL),(267,5555,'Graide',NULL,NULL),(268,5570,'Dion',NULL,NULL),(269,5570,'Felenne',NULL,NULL),(270,5570,'Javingue',NULL,NULL),(271,5570,'Vonche',NULL,NULL),(272,5572,'Focant',NULL,NULL),(273,5575,'Patignies',NULL,NULL),(274,5575,'Sart-Custinne',NULL,NULL),(275,5575,'Willerzie',NULL,NULL),(276,5580,'Mont-Gauthier',NULL,NULL),(277,5580,'Rochefort',NULL,NULL),(278,5600,'Villers-En-Fagne',NULL,NULL),(279,5630,'Soumoy',NULL,NULL),(280,5640,'Biesme',NULL,NULL),(281,5640,'Mettet',NULL,NULL),(282,5650,'Chastrs',NULL,NULL),(283,5651,'Rogne',NULL,NULL),(284,5660,'Brly-De-Pesche',NULL,NULL),(285,5660,'Presgaux',NULL,NULL),(286,5670,'Dourbes',NULL,NULL),(287,5670,'Nismes',NULL,NULL),(288,6000,'Charleroi',NULL,NULL),(289,6031,'Monceau-Sur-Sambre',NULL,NULL),(290,6041,'Gosselies',NULL,NULL),(291,6042,'Lodelinsart',NULL,NULL),(292,6120,'Marbaix',NULL,NULL),(293,6181,'Gouy-Lez-Piton',NULL,NULL),(294,6230,'Pont--Celles',NULL,NULL),(295,6238,'Liberchies',NULL,NULL),(296,6238,'Luttre',NULL,NULL),(297,6250,'Pont-De-Loup',NULL,NULL),(298,6250,'Presles',NULL,NULL),(299,6280,'Villers-Poterie',NULL,NULL),(300,6440,'Vergnies',NULL,NULL),(301,6460,'Chimay',NULL,NULL),(302,6460,'Saint-Remy',NULL,NULL),(303,6464,'Rizes',NULL,NULL),(304,6470,'Sivry',NULL,NULL),(305,6470,'Sivry-Rance',NULL,NULL),(306,6500,'Beaumont',NULL,NULL),(307,6500,'Leval-Chaudeville',NULL,NULL),(308,6500,'Solre-Saint-Gry',NULL,NULL),(309,6530,'Thuin',NULL,NULL),(310,6531,'Biesme-Sous-Thuin',NULL,NULL),(311,6533,'Bierce',NULL,NULL),(312,6542,'Sars-La-Buissire',NULL,NULL),(313,6590,'Momignies',NULL,NULL),(314,6600,'Wardin',NULL,NULL),(315,6630,'Martelange',NULL,NULL),(316,6637,'Hollange',NULL,NULL),(317,6640,'Vaux-Sur-Sre',NULL,NULL),(318,6681,'Lavacherie',NULL,NULL),(319,6700,'Toernich',NULL,NULL),(320,6717,'Attert',NULL,NULL),(321,6717,'Nothomb',NULL,NULL),(322,6717,'Thiaumont',NULL,NULL),(323,6724,'Houdemont',NULL,NULL),(324,6740,'Villers-Sur-Semois',NULL,NULL),(325,6750,'Musson',NULL,NULL),(326,6760,'Bleid',NULL,NULL),(327,6762,'Saint-Mard',NULL,NULL),(328,6769,'Grouville',NULL,NULL),(329,6769,'Robelmont',NULL,NULL),(330,6800,'Bras',NULL,NULL),(331,6800,'Libramont-Chevigny',NULL,NULL),(332,6800,'Moircy',NULL,NULL),(333,6800,'Recogne',NULL,NULL),(334,6800,'Sainte-Marie-Chevigny',NULL,NULL),(335,6810,'Izel',NULL,NULL),(336,6820,'Muno',NULL,NULL),(337,6830,'Bouillon',NULL,NULL),(338,6830,'Les Hayons',NULL,NULL),(339,6833,'Vivy',NULL,NULL),(340,6840,'Hamipr',NULL,NULL),(341,6840,'Longlier',NULL,NULL),(342,6850,'Paliseul',NULL,NULL),(343,6852,'Maissin',NULL,NULL),(344,6853,'Framont',NULL,NULL),(345,6860,'Lglise',NULL,NULL),(346,6880,'Auby-Sur-Semois',NULL,NULL),(347,6880,'Orgeo',NULL,NULL),(348,6890,'Redu',NULL,NULL),(349,6890,'Smuid',NULL,NULL),(350,6900,'Humain',NULL,NULL),(351,6900,'On',NULL,NULL),(352,6924,'Lomprez',NULL,NULL),(353,6927,'Resteigne',NULL,NULL),(354,6927,'Tellin',NULL,NULL),(355,6940,'Wris',NULL,NULL),(356,6941,'Bende',NULL,NULL),(357,6941,'Tohogne',NULL,NULL),(358,6950,'Harsin',NULL,NULL),(359,6950,'Nassogne',NULL,NULL),(360,6952,'Grune',NULL,NULL),(361,6970,'Tenneville',NULL,NULL),(362,6987,'Marcourt',NULL,NULL),(363,6997,'Amonines',NULL,NULL),(364,6997,'Soy',NULL,NULL),(365,7022,'Hyon',NULL,NULL),(366,7034,'Saint-Denis',NULL,NULL),(367,7040,'Asquillies',NULL,NULL),(368,7040,'Bougnies',NULL,NULL),(369,7041,'Havay',NULL,NULL),(370,7050,'Jurbise',NULL,NULL),(371,7063,'Neufvilles',NULL,NULL),(372,7070,'Thieu',NULL,NULL),(373,7070,'Ville-Sur-Haine',NULL,NULL),(374,7090,'Ronquires',NULL,NULL),(375,7100,'Haine-Saint-Pierre',NULL,NULL),(376,7100,'La Louvire',NULL,NULL),(377,7100,'Trivires',NULL,NULL),(378,7110,'Houdeng-Goegnies',NULL,NULL),(379,7120,'Croix-Lez-Rouveroy',NULL,NULL),(380,7120,'Fauroeulx',NULL,NULL),(381,7130,'Binche',NULL,NULL),(382,7134,'Pronnes-Lez-Binche',NULL,NULL),(383,7134,'Ressaix',NULL,NULL),(384,7160,'Piton',NULL,NULL),(385,7170,'Bois-D\'haine',NULL,NULL),(386,7170,'Fayt-Lez-Manage',NULL,NULL),(387,7170,'Manage',NULL,NULL),(388,7181,'Arquennes',NULL,NULL),(389,7181,'Feluy',NULL,NULL),(390,7181,'Petit-Roeulx-Lez-Nivelles',NULL,NULL),(391,7190,'Ecaussinnes',NULL,NULL),(392,7191,'Ecaussinnes-Lalaing',NULL,NULL),(393,7332,'Sirault',NULL,NULL),(394,7340,'Wasmes',NULL,NULL),(395,7350,'Thulin',NULL,NULL),(396,7370,'Dour',NULL,NULL),(397,7380,'Quivrain',NULL,NULL),(398,7387,'Erquennes',NULL,NULL),(399,7387,'Honnelles',NULL,NULL),(400,7387,'Onnezies',NULL,NULL),(401,7390,'Wasmuel',NULL,NULL),(402,7502,'Esplechin',NULL,NULL),(403,7506,'Willemeau',NULL,NULL),(404,7520,'Ramegnies-Chin',NULL,NULL),(405,7522,'Lamain',NULL,NULL),(406,7522,'Marquain',NULL,NULL),(407,7534,'Barry',NULL,NULL),(408,7604,'Brasmenil',NULL,NULL),(409,7640,'Pronnes-Lez-Antoing',NULL,NULL),(410,7642,'Calonne',NULL,NULL),(411,7750,'Anseroeul',NULL,NULL),(412,7750,'Mont-De-L\'enclus',NULL,NULL),(413,7750,'Russeignies',NULL,NULL),(414,7760,'Molenbaix',NULL,NULL),(415,7760,'Velaines',NULL,NULL),(416,7781,'Houthem',NULL,NULL),(417,7782,'Ploegsteert',NULL,NULL),(418,7783,'Bizet',NULL,NULL),(419,7800,'Ath',NULL,NULL),(420,7811,'Arbre',NULL,NULL),(421,7823,'Gibecq',NULL,NULL),(422,7830,'Bassilly',NULL,NULL),(423,7830,'Fouleng',NULL,NULL),(424,7830,'Gondregnies',NULL,NULL),(425,7850,'Marcq',NULL,NULL),(426,7861,'Wannebecq',NULL,NULL),(427,7862,'Ogy',NULL,NULL),(428,7890,'Lahamaide',NULL,NULL),(429,7911,'Herquegies',NULL,NULL),(430,7950,'Chivres',NULL,NULL),(431,7971,'Ramegnies',NULL,NULL),(432,7971,'Thumaide',NULL,NULL),(433,8020,'Hertsberge',NULL,NULL),(434,8340,'Lapscheure',NULL,NULL),(435,8340,'Moerkerke',NULL,NULL),(436,8340,'Oostkerke',NULL,NULL),(437,8340,'Sijsele',NULL,NULL),(438,8377,'Zuienkerke',NULL,NULL),(439,8400,'Oostende',NULL,NULL),(440,8400,'Stene',NULL,NULL),(441,8430,'Middelkerke',NULL,NULL),(442,8433,'Mannekensvere',NULL,NULL),(443,8460,'Ettelgem',NULL,NULL),(444,8480,'Eernegem',NULL,NULL),(445,8510,'Bellegem',NULL,NULL),(446,8510,'Kooigem',NULL,NULL),(447,8550,'Zwevegem',NULL,NULL),(448,8560,'Gullegem',NULL,NULL),(449,8570,'Ingooigem',NULL,NULL),(450,8572,'Kaster',NULL,NULL),(451,8580,'Avelgem',NULL,NULL),(452,8582,'Outrijve',NULL,NULL),(453,8600,'Keiem',NULL,NULL),(454,8600,'Nieuwkapelle',NULL,NULL),(455,8600,'Oostkerke',NULL,NULL),(456,8600,'Vladslo',NULL,NULL),(457,8610,'Werken',NULL,NULL),(458,8630,'Wulveringem',NULL,NULL),(459,8630,'Zoutenaaie',NULL,NULL),(460,8640,'Oostvleteren',NULL,NULL),(461,8640,'Westvleteren',NULL,NULL),(462,8647,'Noordschote',NULL,NULL),(463,8660,'De Panne',NULL,NULL),(464,8670,'Koksijde',NULL,NULL),(465,8680,'Koekelare',NULL,NULL),(466,8680,'Zande',NULL,NULL),(467,8691,'Stavele',NULL,NULL),(468,8700,'Schuiferskapelle',NULL,NULL),(469,8710,'Sint-Baafs-Vijve',NULL,NULL),(470,8720,'Markegem',NULL,NULL),(471,8730,'Sint-Joris',NULL,NULL),(472,8740,'Egem',NULL,NULL),(473,8750,'Wingene',NULL,NULL),(474,8770,'Ingelmunster',NULL,NULL),(475,8780,'Oostrozebeke',NULL,NULL),(476,8793,'Sint-Eloois-Vijve',NULL,NULL),(477,8800,'Rumbeke',NULL,NULL),(478,8830,'Hooglede',NULL,NULL),(479,8902,'Zillebeke',NULL,NULL),(480,8908,'Vlamertinge',NULL,NULL),(481,8930,'Menen',NULL,NULL),(482,8956,'Kemmel',NULL,NULL),(483,8970,'Reningelst',NULL,NULL),(484,8980,'Passendale',NULL,NULL),(485,8980,'Zandvoorde',NULL,NULL),(486,9050,'Gentbrugge',NULL,NULL),(487,9051,'Afsnee',NULL,NULL),(488,9060,'Zelzate',NULL,NULL),(489,9080,'Zeveneken',NULL,NULL),(490,9120,'Kallo',NULL,NULL),(491,9140,'Elversele',NULL,NULL),(492,9150,'Bazel',NULL,NULL),(493,9170,'De Klinge',NULL,NULL),(494,9170,'Meerdonk',NULL,NULL),(495,9200,'Dendermonde',NULL,NULL),(496,9200,'Schoonaarde',NULL,NULL),(497,9200,'Sint-Gillis-Dendermonde',NULL,NULL),(498,9310,'Baardegem',NULL,NULL),(499,9310,'Meldert',NULL,NULL),(500,9340,'Lede',NULL,NULL),(501,9340,'Wanzele',NULL,NULL),(502,9400,'Ninove',NULL,NULL),(503,9402,'Meerbeke',NULL,NULL),(504,9404,'Aspelare',NULL,NULL),(505,9420,'Bambrugge',NULL,NULL),(506,9420,'Erondegem',NULL,NULL),(507,9450,'Haaltert',NULL,NULL),(508,9470,'Denderleeuw',NULL,NULL),(509,9500,'Nederboelare',NULL,NULL),(510,9500,'Onkerzele',NULL,NULL),(511,9500,'Viane',NULL,NULL),(512,9500,'Zarlardinge',NULL,NULL),(513,9520,'Vlierzele',NULL,NULL),(514,9620,'Oombergen',NULL,NULL),(515,9620,'Sint-Goriks-Oudenhove',NULL,NULL),(516,9630,'Roborst',NULL,NULL),(517,9630,'Sint-Denijs-Boekel',NULL,NULL),(518,9636,'Nederzwalm-Hermelgem',NULL,NULL),(519,9660,'Elst',NULL,NULL),(520,9660,'Everbeek',NULL,NULL),(521,9660,'Nederbrakel',NULL,NULL),(522,9661,'Parike',NULL,NULL),(523,9700,'Ename',NULL,NULL),(524,9771,'Nokere',NULL,NULL),(525,9790,'Ooike',NULL,NULL),(526,9790,'Wortegem',NULL,NULL),(527,9790,'Wortegem-Petegem',NULL,NULL),(528,9800,'Vinkt',NULL,NULL),(529,9820,'Lemberge',NULL,NULL),(530,9850,'Vosselare',NULL,NULL),(531,9860,'Oosterzele',NULL,NULL),(532,9860,'Scheldewindeke',NULL,NULL),(533,9870,'Zulte',NULL,NULL),(534,9880,'Lotenhulle',NULL,NULL),(535,9890,'Dikkelvenne',NULL,NULL),(536,9920,'Lovendegem',NULL,NULL),(537,9930,'Zomergem',NULL,NULL),(538,9950,'Waarschoot',NULL,NULL),(539,9960,'Assenede',NULL,NULL),(540,1050,'Ixelles',NULL,NULL),(541,1081,'Koekelberg',NULL,NULL),(542,1130,'Haren',NULL,NULL),(543,1150,'Woluwe-Saint-Pierre',NULL,NULL),(544,1315,'Incourt',NULL,NULL),(545,1315,'Opprebais',NULL,NULL),(546,1315,'Roux-Miroir',NULL,NULL),(547,1325,'Bonlez',NULL,NULL),(548,1325,'Corroy-Le-Grand',NULL,NULL),(549,1341,'Croux-Mousty',NULL,NULL),(550,1350,'Folx-Les-Caves',NULL,NULL),(551,1360,'Perwez',NULL,NULL),(552,1367,'Bomal',NULL,NULL),(553,1367,'Grand-Rosire-Hottomont',NULL,NULL),(554,1367,'Huppaye',NULL,NULL),(555,1367,'Mont-Saint-Andr',NULL,NULL),(556,1370,'Jodoigne',NULL,NULL),(557,1380,'Lasne',NULL,NULL),(558,1380,'Maransart',NULL,NULL),(559,1390,'Biez',NULL,NULL),(560,1430,'Rebecq-Rognon',NULL,NULL),(561,1450,'Chastre',NULL,NULL),(562,1450,'Gentinnes',NULL,NULL),(563,1495,'Marbais',NULL,NULL),(564,1495,'Mellery',NULL,NULL),(565,1495,'Villers-La-Ville',NULL,NULL),(566,1500,'Halle',NULL,NULL),(567,1501,'Buizingen',NULL,NULL),(568,1600,'Sint-Laureins-Berchem',NULL,NULL),(569,1602,'Vlezenbeek',NULL,NULL),(570,1670,'Heikruis',NULL,NULL),(571,1671,'Elingen',NULL,NULL),(572,1700,'Dilbeek',NULL,NULL),(573,1740,'Ternat',NULL,NULL),(574,1742,'Sint-Katherina-Lombeek',NULL,NULL),(575,1745,'Mazenzele',NULL,NULL),(576,1750,'Lennik',NULL,NULL),(577,1750,'Sint-Martens-Lennik',NULL,NULL),(578,1780,'Wemmel',NULL,NULL),(579,1785,'Hamme',NULL,NULL),(580,1852,'Beigem',NULL,NULL),(581,1910,'Kampenhout',NULL,NULL),(582,1982,'Weerde',NULL,NULL),(583,2040,'Zandvliet',NULL,NULL),(584,2100,'Deurne',NULL,NULL),(585,2200,'Morkhoven',NULL,NULL),(586,2200,'Noorderwijk',NULL,NULL),(587,2220,'Hallaar',NULL,NULL),(588,2222,'Wiekevorst',NULL,NULL),(589,2235,'Hulshout',NULL,NULL),(590,2240,'Massenhoven',NULL,NULL),(591,2240,'Zandhoven',NULL,NULL),(592,2260,'Tongerlo',NULL,NULL),(593,2320,'Hoogstraten',NULL,NULL),(594,2323,'Wortel',NULL,NULL),(595,2340,'Vlimmeren',NULL,NULL),(596,2400,'Mol',NULL,NULL),(597,2520,'Broechem',NULL,NULL),(598,2550,'Waarloos',NULL,NULL),(599,2627,'Schelle',NULL,NULL),(600,2650,'Edegem',NULL,NULL),(601,2800,'Walem',NULL,NULL),(602,2801,'Heffen',NULL,NULL),(603,2870,'Liezele',NULL,NULL),(604,2870,'Ruisbroek',NULL,NULL),(605,2880,'Bornem',NULL,NULL),(606,2880,'Hingene',NULL,NULL),(607,2880,'Mariekerke',NULL,NULL),(608,2890,'Lippelo',NULL,NULL),(609,2910,'Essen',NULL,NULL),(610,2960,'Sint-Job-In-\'t-Goor',NULL,NULL),(611,2970,'Schilde',NULL,NULL),(612,2980,'Halle',NULL,NULL),(613,2980,'Zoersel',NULL,NULL),(614,2990,'Loenhout',NULL,NULL),(615,2990,'Wuustwezel',NULL,NULL),(616,3001,'Heverlee',NULL,NULL),(617,3020,'Winksele',NULL,NULL),(618,3040,'Loonbeek',NULL,NULL),(619,3050,'Oud-Heverlee',NULL,NULL),(620,3054,'Vaalbeek',NULL,NULL),(621,3060,'Bertem',NULL,NULL),(622,3060,'Korbeek-Dijle',NULL,NULL),(623,3071,'Erps-Kwerps',NULL,NULL),(624,3128,'Baal',NULL,NULL),(625,3130,'Begijnendijk',NULL,NULL),(626,3191,'Hever',NULL,NULL),(627,3201,'Langdorp',NULL,NULL),(628,3212,'Pellenberg',NULL,NULL),(629,3270,'Scherpenheuvel',NULL,NULL),(630,3270,'Scherpenheuvel-Zichem',NULL,NULL),(631,3272,'Testelt',NULL,NULL),(632,3294,'Molenstede',NULL,NULL),(633,3300,'Oplinter',NULL,NULL),(634,3350,'Drieslinter',NULL,NULL),(635,3350,'Neerlinter',NULL,NULL),(636,3350,'Overhespen',NULL,NULL),(637,3370,'Roosbeek',NULL,NULL),(638,3381,'Kapellen',NULL,NULL),(639,3390,'Tielt',NULL,NULL),(640,3390,'Tielt-Winge',NULL,NULL),(641,3404,'Attenhoven',NULL,NULL),(642,3404,'Neerlanden',NULL,NULL),(643,3440,'Halle-Booienhoven',NULL,NULL),(644,3450,'Geetbets',NULL,NULL),(645,3470,'Kortenaken',NULL,NULL),(646,3470,'Sint-Margriete-Houtem',NULL,NULL),(647,3500,'Hasselt',NULL,NULL),(648,3520,'Zonhoven',NULL,NULL),(649,3540,'Berbroek',NULL,NULL),(650,3581,'Beverlo',NULL,NULL),(651,3640,'Kessenich',NULL,NULL),(652,3640,'Molenbeersel',NULL,NULL),(653,3650,'Dilsen',NULL,NULL),(654,3650,'Dilsen-Stokkem',NULL,NULL),(655,3650,'Rotem',NULL,NULL),(656,3670,'Gruitrode',NULL,NULL),(657,3670,'Meeuwen-Gruitrode',NULL,NULL),(658,3700,'Henis',NULL,NULL),(659,3700,'Koninksem',NULL,NULL),(660,3720,'Kortessem',NULL,NULL),(661,3732,'Schalkhoven',NULL,NULL),(662,3740,'Beverst',NULL,NULL),(663,3740,'Eigenbilzen',NULL,NULL),(664,3740,'Hees',NULL,NULL),(665,3740,'Rosmeer',NULL,NULL),(666,3746,'Hoelbeek',NULL,NULL),(667,3770,'Herderen',NULL,NULL),(668,3770,'Millen',NULL,NULL),(669,3798,'Fouron-Le-Comte',NULL,NULL),(670,3800,'Brustem',NULL,NULL),(671,3800,'Engelmanshoven',NULL,NULL),(672,3800,'Gelinden',NULL,NULL),(673,3800,'Kerkom-Bij-Sint-Truiden',NULL,NULL),(674,3800,'Sint-Truiden',NULL,NULL),(675,3830,'Berlingen',NULL,NULL),(676,3832,'Ulbeek',NULL,NULL),(677,3840,'Gotem',NULL,NULL),(678,3840,'Groot-Loon',NULL,NULL),(679,3840,'Kerniel',NULL,NULL),(680,3840,'Rijkel',NULL,NULL),(681,3850,'Wijer',NULL,NULL),(682,3870,'Bovelingen',NULL,NULL),(683,3870,'Heks',NULL,NULL),(684,3870,'Horpmaal',NULL,NULL),(685,3870,'Klein-Gelmen',NULL,NULL),(686,3870,'Mechelen-Bovelingen',NULL,NULL),(687,3930,'Achel',NULL,NULL),(688,3930,'Hamont',NULL,NULL),(689,3960,'Beek',NULL,NULL),(690,3990,'Wijchmaal',NULL,NULL),(691,4020,'Lige',NULL,NULL),(692,4040,'Herstal',NULL,NULL),(693,4042,'Liers',NULL,NULL),(694,4052,'Beaufays',NULL,NULL),(695,4190,'Vieuxville',NULL,NULL),(696,4210,'Hannche',NULL,NULL),(697,4217,'Lavoir',NULL,NULL),(698,4218,'Couthuin',NULL,NULL),(699,4253,'Darion',NULL,NULL),(700,4257,'Berloz',NULL,NULL),(701,4260,'Braives',NULL,NULL),(702,4260,'Fallais',NULL,NULL),(703,4261,'Latinne',NULL,NULL),(704,4263,'Tourinne',NULL,NULL),(705,4280,'Moxhe',NULL,NULL),(706,4280,'Thisnes',NULL,NULL),(707,4300,'Bleret',NULL,NULL),(708,4317,'Aineffe',NULL,NULL),(709,4347,'Voroux-Goreux',NULL,NULL),(710,4350,'Remicourt',NULL,NULL),(711,4357,'Donceel',NULL,NULL),(712,4357,'Haneffe',NULL,NULL),(713,4360,'Lens-Sur-Geer',NULL,NULL),(714,4360,'Oreye',NULL,NULL),(715,4367,'Crisne',NULL,NULL),(716,4400,'Flmalle',NULL,NULL),(717,4450,'Lantin',NULL,NULL),(718,4452,'Paifve',NULL,NULL),(719,4458,'Fexhe-Slins',NULL,NULL),(720,4460,'Grce-Hollogne',NULL,NULL),(721,4480,'Ehein',NULL,NULL),(722,4480,'Hermalle-Sous-Huy',NULL,NULL),(723,4500,'Tihange',NULL,NULL),(724,4520,'Bas-Oha',NULL,NULL),(725,4530,'Fize-Fontaine',NULL,NULL),(726,4530,'Vieux-Waleffe',NULL,NULL),(727,4537,'Bodegne',NULL,NULL),(728,4540,'Jehay',NULL,NULL),(729,4557,'Seny',NULL,NULL),(730,4577,'Vierset-Barse',NULL,NULL),(731,4600,'Vis',NULL,NULL),(732,4602,'Cheratte',NULL,NULL),(733,4630,'Tigne',NULL,NULL),(734,4631,'Evegne',NULL,NULL),(735,4650,'Chaineux',NULL,NULL),(736,4650,'Grand-Rechain',NULL,NULL),(737,4652,'Xhendelesse',NULL,NULL),(738,4670,'Trembleur',NULL,NULL),(739,4671,'Barchon',NULL,NULL),(740,4682,'Heure-Le-Romain',NULL,NULL),(741,4701,'Kettenis',NULL,NULL),(742,4720,'La Calamine',NULL,NULL),(743,4721,'Neu-Moresnet',NULL,NULL),(744,4760,'Bullange',NULL,NULL),(745,4761,'Rocherath',NULL,NULL),(746,4784,'Crombach',NULL,NULL),(747,4790,'Burg-Reuland',NULL,NULL),(748,4790,'Reuland',NULL,NULL),(749,4800,'Verviers',NULL,NULL),(750,4820,'Dison',NULL,NULL),(751,4845,'Jalhay',NULL,NULL),(752,4860,'Cornesse',NULL,NULL),(753,4870,'Fraipont',NULL,NULL),(754,4880,'Aubel',NULL,NULL),(755,4910,'La Reid',NULL,NULL),(756,4950,'Sourbrodt',NULL,NULL),(757,4970,'Francorchamps',NULL,NULL),(758,4980,'Fosse',NULL,NULL),(759,4980,'Wanne',NULL,NULL),(760,4987,'Lorc',NULL,NULL),(761,4987,'Stoumont',NULL,NULL),(762,5000,'Beez',NULL,NULL),(763,5020,'Malonne',NULL,NULL),(764,5021,'Boninne',NULL,NULL),(765,5022,'Cognele',NULL,NULL),(766,5030,'Gembloux',NULL,NULL),(767,5032,'Corroy-Le-Chteau',NULL,NULL),(768,5060,'Arsimont',NULL,NULL),(769,5080,'Rhisnes',NULL,NULL),(770,5081,'Meux',NULL,NULL),(771,5100,'Jambes',NULL,NULL),(772,5140,'Boigne',NULL,NULL),(773,5150,'Floreffe',NULL,NULL),(774,5170,'Profondeville',NULL,NULL),(775,5190,'Moustier-Sur-Sambre',NULL,NULL),(776,5190,'Saint-Martin',NULL,NULL),(777,5300,'Andenne',NULL,NULL),(778,5300,'Landenne',NULL,NULL),(779,5310,'Bolinne',NULL,NULL),(780,5330,'Sart-Bernard',NULL,NULL),(781,5336,'Courrire',NULL,NULL),(782,5370,'Verle',NULL,NULL),(783,5374,'Maffe',NULL,NULL),(784,5377,'Hogne',NULL,NULL),(785,5377,'Noiseux',NULL,NULL),(786,5380,'Bierwart',NULL,NULL),(787,5380,'Forville',NULL,NULL),(788,5380,'Hingeon',NULL,NULL),(789,5520,'Onhaye',NULL,NULL),(790,5523,'Weillen',NULL,NULL),(791,5524,'Gerin',NULL,NULL),(792,5530,'Evrehailles',NULL,NULL),(793,5537,'Bioul',NULL,NULL),(794,5540,'Hermeton-Sur-Meuse',NULL,NULL),(795,5541,'Hastire-Par-Del',NULL,NULL),(796,5542,'Blaimont',NULL,NULL),(797,5550,'Nafraiture',NULL,NULL),(798,5555,'Petit-Fays',NULL,NULL),(799,5560,'Houyet',NULL,NULL),(800,5560,'Mesnil-Eglise',NULL,NULL),(801,5563,'Hour',NULL,NULL),(802,5564,'Wanlin',NULL,NULL),(803,5570,'Honnay',NULL,NULL),(804,5570,'Winenne',NULL,NULL),(805,5575,'Bourseigne-Neuve',NULL,NULL),(806,5575,'Gedinne',NULL,NULL),(807,5575,'Houdremont',NULL,NULL),(808,5575,'Rienne',NULL,NULL),(809,5580,'Eprave',NULL,NULL),(810,5590,'Chevetogne',NULL,NULL),(811,5600,'Franchimont',NULL,NULL),(812,5600,'Samart',NULL,NULL),(813,5600,'Villers-Le-Gambon',NULL,NULL),(814,5620,'Flavion',NULL,NULL),(815,5620,'Florennes',NULL,NULL),(816,5640,'Biesmere',NULL,NULL),(817,5650,'Pry',NULL,NULL),(818,5650,'Walcourt',NULL,NULL),(819,5650,'Yves-Gomeze',NULL,NULL),(820,5651,'Laneffe',NULL,NULL),(821,5651,'Tarcienne',NULL,NULL),(822,5660,'Cul-Des-Sarts',NULL,NULL),(823,5660,'Dailly',NULL,NULL),(824,5670,'Oignies-En-Thirache',NULL,NULL),(825,5670,'Olloy-Sur-Viroin',NULL,NULL),(826,5680,'Gochene',NULL,NULL),(827,5680,'Romere',NULL,NULL),(828,5680,'Vaucelles',NULL,NULL),(829,6001,'Marcinelle',NULL,NULL),(830,6044,'Roux',NULL,NULL),(831,6120,'Nalinnes',NULL,NULL),(832,6140,'Fontaine-L\'evque',NULL,NULL),(833,6220,'Heppignies',NULL,NULL),(834,6240,'Pironchamps',NULL,NULL),(835,6250,'Aiseau-Presles',NULL,NULL),(836,6250,'Roselies',NULL,NULL),(837,6280,'Gerpinnes',NULL,NULL),(838,6464,'Baileux',NULL,NULL),(839,6470,'Grandrieu',NULL,NULL),(840,6470,'Rance',NULL,NULL),(841,6500,'Renlies',NULL,NULL),(842,6532,'Ragnies',NULL,NULL),(843,6540,'Lobbes',NULL,NULL),(844,6560,'Hantes-Wihries',NULL,NULL),(845,6560,'Solre-Sur-Sambre',NULL,NULL),(846,6567,'Fontaine-Valmont',NULL,NULL),(847,6567,'Labuissire',NULL,NULL),(848,6567,'Merbes-Sainte-Marie',NULL,NULL),(849,6600,'Bastogne',NULL,NULL),(850,6600,'Longvilly',NULL,NULL),(851,6640,'Hompr',NULL,NULL),(852,6640,'Morhet',NULL,NULL),(853,6640,'Nives',NULL,NULL),(854,6642,'Juseret',NULL,NULL),(855,6663,'Mabompr',NULL,NULL),(856,6670,'Gouvy',NULL,NULL),(857,6680,'Tillet',NULL,NULL),(858,6688,'Longchamps',NULL,NULL),(859,6690,'Vielsalm',NULL,NULL),(860,6706,'Autelbas',NULL,NULL),(861,6720,'Habay-La-Neuve',NULL,NULL),(862,6721,'Anlier',NULL,NULL),(863,6730,'Rossignol',NULL,NULL),(864,6730,'Saint-Vincent',NULL,NULL),(865,6740,'Sainte-Marie-Sur-Semois',NULL,NULL),(866,6741,'Vance',NULL,NULL),(867,6747,'Chtillon',NULL,NULL),(868,6747,'Saint-Lger',NULL,NULL),(869,6750,'Signeulx',NULL,NULL),(870,6760,'Virton',NULL,NULL),(871,6767,'Dampicourt',NULL,NULL),(872,6767,'Harnoncourt',NULL,NULL),(873,6780,'Hondelange',NULL,NULL),(874,6790,'Aubange',NULL,NULL),(875,6792,'Rachecourt',NULL,NULL),(876,6810,'Chiny',NULL,NULL),(877,6810,'Jamoigne',NULL,NULL),(878,6820,'Sainte-Ccile',NULL,NULL),(879,6832,'Sensenruth',NULL,NULL),(880,6834,'Bellevaux',NULL,NULL),(881,6850,'Carlsbourg',NULL,NULL),(882,6850,'Offagne',NULL,NULL),(883,6852,'Opont',NULL,NULL),(884,6860,'Assenois',NULL,NULL),(885,6860,'Ebly',NULL,NULL),(886,6870,'Vesqueville',NULL,NULL),(887,6880,'Bertrix',NULL,NULL),(888,6900,'Aye',NULL,NULL),(889,6900,'Marche-En-Famenne',NULL,NULL),(890,6900,'Roy',NULL,NULL),(891,6929,'Daverdisse',NULL,NULL),(892,6929,'Porcheresse',NULL,NULL),(893,6941,'Bomal-Sur-Ourthe',NULL,NULL),(894,6941,'Borlon',NULL,NULL),(895,6941,'Villers-Sainte-Gertrude',NULL,NULL),(896,6960,'Grandmenil',NULL,NULL),(897,6960,'Harre',NULL,NULL),(898,6984,'Hives',NULL,NULL),(899,6997,'Ereze',NULL,NULL),(900,7012,'Jemappes',NULL,NULL),(901,7022,'Mesvin',NULL,NULL),(902,7030,'Saint-Symphorien',NULL,NULL),(903,7032,'Spiennes',NULL,NULL),(904,7034,'Obourg',NULL,NULL),(905,7040,'Genly',NULL,NULL),(906,7040,'Quvy-Le-Petit',NULL,NULL),(907,7050,'Erbaut',NULL,NULL),(908,7050,'Erbisoeul',NULL,NULL),(909,7050,'Masnuy-Saint-Pierre',NULL,NULL),(910,7090,'Henripont',NULL,NULL),(911,7100,'Saint-Vaast',NULL,NULL),(912,7120,'Estinnes',NULL,NULL),(913,7120,'Rouveroy',NULL,NULL),(914,7120,'Vellereille-Le-Sec',NULL,NULL),(915,7130,'Bray',NULL,NULL),(916,7140,'Morlanwelz',NULL,NULL),(917,7140,'Morlanwelz-Mariemont',NULL,NULL),(918,7170,'La Hestre',NULL,NULL),(919,7181,'Familleureux',NULL,NULL),(920,7320,'Bernissart',NULL,NULL),(921,7340,'Colfontaine',NULL,NULL),(922,7350,'Montroeul-Sur-Haine',NULL,NULL),(923,7370,'Blaugies',NULL,NULL),(924,7370,'Elouges',NULL,NULL),(925,7370,'Wihries',NULL,NULL),(926,7382,'Audregnies',NULL,NULL),(927,7387,'Athis',NULL,NULL),(928,7387,'Autreppe',NULL,NULL),(929,7500,'Tournai',NULL,NULL),(930,7504,'Froidmont',NULL,NULL),(931,7532,'Beclers',NULL,NULL),(932,7534,'Maulde',NULL,NULL),(933,7540,'Quartes',NULL,NULL),(934,7542,'Mont-Saint-Aubert',NULL,NULL),(935,7602,'Bury',NULL,NULL),(936,7603,'Bon-Secours',NULL,NULL),(937,7604,'Baugnies',NULL,NULL),(938,7604,'Braffe',NULL,NULL),(939,7604,'Callenelle',NULL,NULL),(940,7620,'Guignies',NULL,NULL),(941,7620,'Hollain',NULL,NULL),(942,7620,'Wez-Velvain',NULL,NULL),(943,7624,'Howardries',NULL,NULL),(944,7641,'Bruyelle',NULL,NULL),(945,7730,'Estaimbourg',NULL,NULL),(946,7730,'Estaimpuis',NULL,NULL),(947,7730,'Leers-Nord',NULL,NULL),(948,7740,'Pecq',NULL,NULL),(949,7742,'Hrinnes-Lez-Pecq',NULL,NULL),(950,7750,'Orroir',NULL,NULL),(951,7780,'Comines',NULL,NULL),(952,7780,'Comines-Warneton',NULL,NULL),(953,7801,'Irchonwelz',NULL,NULL),(954,7804,'Ostiches',NULL,NULL),(955,7830,'Hoves',NULL,NULL),(956,7830,'Silly',NULL,NULL),(957,7830,'Thoricourt',NULL,NULL),(958,7850,'Petit-Enghien',NULL,NULL),(959,7866,'Bois-De-Lessines',NULL,NULL),(960,7870,'Lombise',NULL,NULL),(961,7870,'Montignies-Lez-Lens',NULL,NULL),(962,7890,'Wodecq',NULL,NULL),(963,7900,'Leuze-En-Hainaut',NULL,NULL),(964,7903,'Chapelle--Wattines',NULL,NULL),(965,7904,'Willaupuis',NULL,NULL),(966,7910,'Arc-Wattripont',NULL,NULL),(967,7910,'Ellignies-Lez-Frasnes',NULL,NULL),(968,7910,'Forest',NULL,NULL),(969,7910,'Frasnes-Lez-Anvaing',NULL,NULL),(970,7950,'Huissignies',NULL,NULL),(971,7970,'Beloeil',NULL,NULL),(972,7971,'Bascles',NULL,NULL),(973,8200,'Sint-Andries',NULL,NULL),(974,8210,'Loppem',NULL,NULL),(975,8211,'Aartrijke',NULL,NULL),(976,8300,'Knokke',NULL,NULL),(977,8301,'Ramskapelle',NULL,NULL),(978,8310,'Assebroek',NULL,NULL),(979,8380,'Zeebrugge',NULL,NULL),(980,8400,'Zandvoorde',NULL,NULL),(981,8431,'Wilskerke',NULL,NULL),(982,8433,'Slijpe',NULL,NULL),(983,8470,'Zevekote',NULL,NULL),(984,8480,'Bekegem',NULL,NULL),(985,8490,'Jabbeke',NULL,NULL),(986,8490,'Stalhille',NULL,NULL),(987,8490,'Zerkegem',NULL,NULL),(988,8500,'Kortrijk',NULL,NULL),(989,8501,'Heule',NULL,NULL),(990,8511,'Aalbeke',NULL,NULL),(991,8551,'Heestert',NULL,NULL),(992,8554,'Sint-Denijs',NULL,NULL),(993,8570,'Gijzelbrechtegem',NULL,NULL),(994,8581,'Kerkhove',NULL,NULL),(995,8587,'Helchin',NULL,NULL),(996,8600,'Kaaskerke',NULL,NULL),(997,8600,'Oudekapelle',NULL,NULL),(998,8600,'Woumen',NULL,NULL),(999,8610,'Handzame',NULL,NULL),(1000,8630,'Booitshoeke',NULL,NULL),(1001,8630,'Steenkerke',NULL,NULL),(1002,8630,'Veurne',NULL,NULL),(1003,8630,'Vinkem',NULL,NULL),(1004,8640,'Woesten',NULL,NULL),(1005,8647,'Reninge',NULL,NULL),(1006,8680,'Bovekerke',NULL,NULL),(1007,8690,'Oeren',NULL,NULL),(1008,8691,'Leisele',NULL,NULL),(1009,8720,'Dentergem',NULL,NULL),(1010,8730,'Oedelem',NULL,NULL),(1011,8790,'Waregem',NULL,NULL),(1012,8800,'Oekene',NULL,NULL),(1013,8800,'Roeselare',NULL,NULL),(1014,8820,'Torhout',NULL,NULL),(1015,8851,'Koolskamp',NULL,NULL),(1016,8860,'Lendelede',NULL,NULL),(1017,8900,'Brielen',NULL,NULL),(1018,8900,'Dikkebus',NULL,NULL),(1019,8900,'Ieper',NULL,NULL),(1020,8902,'Hollebeke',NULL,NULL),(1021,8902,'Voormezele',NULL,NULL),(1022,8920,'Bikschote',NULL,NULL),(1023,8951,'Dranouter',NULL,NULL),(1024,8952,'Wulvergem',NULL,NULL),(1025,8953,'Wijtschate',NULL,NULL),(1026,9000,'Gent',NULL,NULL),(1027,9031,'Drongen',NULL,NULL),(1028,9032,'Wondelgem',NULL,NULL),(1029,9050,'Ledeberg',NULL,NULL),(1030,9080,'Beervelde',NULL,NULL),(1031,9130,'Doel',NULL,NULL),(1032,9130,'Kallo',NULL,NULL),(1033,9160,'Eksaarde',NULL,NULL),(1034,9170,'Sint-Gillis-Waas',NULL,NULL),(1035,9170,'Sint-Pauwels',NULL,NULL),(1036,9180,'Moerbeke-Waas',NULL,NULL),(1037,9200,'Grembergen',NULL,NULL),(1038,9200,'Oudegem',NULL,NULL),(1039,9230,'Massemen',NULL,NULL),(1040,9240,'Zele',NULL,NULL),(1041,9270,'Laarne',NULL,NULL),(1042,9280,'Lebbeke',NULL,NULL),(1043,9290,'Berlare',NULL,NULL),(1044,9290,'Overmere',NULL,NULL),(1045,9310,'Moorsel',NULL,NULL),(1046,9320,'Erembodegem',NULL,NULL),(1047,9340,'Impe',NULL,NULL),(1048,9400,'Nederhasselt',NULL,NULL),(1049,9400,'Voorde',NULL,NULL),(1050,9406,'Outer',NULL,NULL),(1051,9420,'Burst',NULL,NULL),(1052,9500,'Ophasselt',NULL,NULL),(1053,9506,'Waarbeke',NULL,NULL),(1054,9506,'Zandbergen',NULL,NULL),(1055,9550,'Woubrechtegem',NULL,NULL),(1056,9570,'Lierde',NULL,NULL),(1057,9600,'Renaix',NULL,NULL),(1058,9620,'Elene',NULL,NULL),(1059,9630,'Munkzwalm',NULL,NULL),(1060,9630,'Rozebeke',NULL,NULL),(1061,9660,'Brakel',NULL,NULL),(1062,9660,'Michelbeke',NULL,NULL),(1063,9660,'Sint-Maria-Oudenhove',NULL,NULL),(1064,9660,'Zegelsem',NULL,NULL),(1065,9680,'Maarke-Kerkem',NULL,NULL),(1066,9681,'Nukerke',NULL,NULL),(1067,9690,'Berchem',NULL,NULL),(1068,9700,'Nederename',NULL,NULL),(1069,9700,'Ooike',NULL,NULL),(1070,9772,'Wannegem-Lede',NULL,NULL),(1071,9800,'Meigem',NULL,NULL),(1072,9800,'Sint-Martens-Leerne',NULL,NULL),(1073,9810,'Nazareth',NULL,NULL),(1074,9820,'Merelbeke',NULL,NULL),(1075,9840,'De Pinte',NULL,NULL),(1076,9840,'Zevergem',NULL,NULL),(1077,9850,'Merendree',NULL,NULL),(1078,9860,'Moortsele',NULL,NULL),(1079,9870,'Machelen',NULL,NULL),(1080,9881,'Bellem',NULL,NULL),(1081,9890,'Vurste',NULL,NULL),(1082,9900,'Eeklo',NULL,NULL),(1083,9910,'Ursel',NULL,NULL),(1084,9940,'Evergem',NULL,NULL),(1085,9968,'Bassevelde',NULL,NULL),(1086,9968,'Oosteeklo',NULL,NULL),(1087,9988,'Watervliet',NULL,NULL),(1088,1060,'Saint-Gilles',NULL,NULL),(1089,1080,'Molenbeek-Saint-Jean',NULL,NULL),(1090,1083,'Ganshoren',NULL,NULL),(1091,1120,'Neder-Over-Heembeek',NULL,NULL),(1092,1300,'Wavre',NULL,NULL),(1093,1301,'Bierges',NULL,NULL),(1094,1320,'L\'ecluse',NULL,NULL),(1095,1340,'Ottignies',NULL,NULL),(1096,1348,'Louvain-La-Neuve',NULL,NULL),(1097,1350,'Orp-Le-Grand',NULL,NULL),(1098,1357,'Hlcine',NULL,NULL),(1099,1357,'Linsmeau',NULL,NULL),(1100,1367,'Autre-Eglise',NULL,NULL),(1101,1390,'Grez-Doiceau',NULL,NULL),(1102,1420,'Braine-L\'alleud',NULL,NULL),(1103,1440,'Wauthier-Braine',NULL,NULL),(1104,1450,'Saint-Gry',NULL,NULL),(1105,1457,'Nil-Saint-Vincent-Saint-Martin',NULL,NULL),(1106,1457,'Walhain',NULL,NULL),(1107,1457,'Walhain-Saint-Paul',NULL,NULL),(1108,1460,'Ittre',NULL,NULL),(1109,1471,'Loupoigne',NULL,NULL),(1110,1480,'Tubize',NULL,NULL),(1111,1570,'Galmaarden',NULL,NULL),(1112,1601,'Ruisbroek',NULL,NULL),(1113,1652,'Alsemberg',NULL,NULL),(1114,1673,'Beert',NULL,NULL),(1115,1730,'Asse',NULL,NULL),(1116,1730,'Kobbegem',NULL,NULL),(1117,1731,'Zellik',NULL,NULL),(1118,1750,'Sint-Kwintens-Lennik',NULL,NULL),(1119,1755,'Kester',NULL,NULL),(1120,1755,'Oetingen',NULL,NULL),(1121,1760,'Pamel',NULL,NULL),(1122,1760,'Strijtem',NULL,NULL),(1123,1770,'Liedekerke',NULL,NULL),(1124,1831,'Diegem',NULL,NULL),(1125,1860,'Meise',NULL,NULL),(1126,1880,'Nieuwenrode',NULL,NULL),(1127,1910,'Nederokkerzeel',NULL,NULL),(1128,1930,'Nossegem',NULL,NULL),(1129,1930,'Zaventem',NULL,NULL),(1130,1933,'Sterrebeek',NULL,NULL),(1131,1982,'Elewijt',NULL,NULL),(1132,2000,'Antwerpen',NULL,NULL),(1133,2050,'Antwerpen',NULL,NULL),(1134,2180,'Ekeren',NULL,NULL),(1135,2200,'Herentals',NULL,NULL),(1136,2242,'Pulderbos',NULL,NULL),(1137,2243,'Pulle',NULL,NULL),(1138,2275,'Gierle',NULL,NULL),(1139,2275,'Lille',NULL,NULL),(1140,2322,'Minderhout',NULL,NULL),(1141,2330,'Merksplas',NULL,NULL),(1142,2370,'Arendonk',NULL,NULL),(1143,2380,'Ravels',NULL,NULL),(1144,2430,'Vorst',NULL,NULL),(1145,2431,'Varendonk',NULL,NULL),(1146,2450,'Meerhout',NULL,NULL),(1147,2470,'Retie',NULL,NULL),(1148,2491,'Olmen',NULL,NULL),(1149,2500,'Lier',NULL,NULL),(1150,2560,'Kessel',NULL,NULL),(1151,2560,'Nijlen',NULL,NULL),(1152,2590,'Berlaar',NULL,NULL),(1153,2620,'Hemiksem',NULL,NULL),(1154,2800,'Mechelen',NULL,NULL),(1155,2811,'Hombeek',NULL,NULL),(1156,2820,'Bonheiden',NULL,NULL),(1157,2820,'Rijmenam',NULL,NULL),(1158,2830,'Blaasveld',NULL,NULL),(1159,2830,'Heindonk',NULL,NULL),(1160,2830,'Tisselt',NULL,NULL),(1161,2830,'Willebroek',NULL,NULL),(1162,2840,'Reet',NULL,NULL),(1163,2850,'Boom',NULL,NULL),(1164,2861,'Onze-Lieve-Vrouw-Waver',NULL,NULL),(1165,2870,'Breendonk',NULL,NULL),(1166,2920,'Kalmthout',NULL,NULL),(1167,2940,'Hoevenen',NULL,NULL),(1168,2970,'\'s Gravenwezel',NULL,NULL),(1169,3010,'Kessel Lo',NULL,NULL),(1170,3020,'Herent',NULL,NULL),(1171,3040,'Neerijse',NULL,NULL),(1172,3070,'Kortenberg',NULL,NULL),(1173,3078,'Meerbeek',NULL,NULL),(1174,3080,'Tervuren',NULL,NULL),(1175,3150,'Tildonk',NULL,NULL),(1176,3200,'Gelrode',NULL,NULL),(1177,3220,'Sint-Pieters-Rode',NULL,NULL),(1178,3300,'Bost',NULL,NULL),(1179,3300,'Oorbeek',NULL,NULL),(1180,3300,'Vissenaken',NULL,NULL),(1181,3350,'Linter',NULL,NULL),(1182,3350,'Melkwezer',NULL,NULL),(1183,3360,'Korbeek-Lo',NULL,NULL),(1184,3380,'Bunsbeek',NULL,NULL),(1185,3384,'Attenrode',NULL,NULL),(1186,3391,'Meensel-Kiezegem',NULL,NULL),(1187,3400,'Ezemaal',NULL,NULL),(1188,3400,'Rumsdorp',NULL,NULL),(1189,3440,'Helen-Bos',NULL,NULL),(1190,3471,'Hoeleden',NULL,NULL),(1191,3510,'Kermt',NULL,NULL),(1192,3530,'Houthalen-Helchteren',NULL,NULL),(1193,3540,'Herk-De-Stad',NULL,NULL),(1194,3540,'Schulen',NULL,NULL),(1195,3580,'Beringen',NULL,NULL),(1196,3620,'Gellik',NULL,NULL),(1197,3620,'Neerharen',NULL,NULL),(1198,3630,'Mechelen-Aan-De-Maas',NULL,NULL),(1199,3631,'Boorsem',NULL,NULL),(1200,3640,'Kinrooi',NULL,NULL),(1201,3670,'Ellikom',NULL,NULL),(1202,3670,'Neerglabbeek',NULL,NULL),(1203,3690,'Zutendaal',NULL,NULL),(1204,3700,'Lauw',NULL,NULL),(1205,3700,'Neerrepen',NULL,NULL),(1206,3700,'Piringen',NULL,NULL),(1207,3700,'Vreren',NULL,NULL),(1208,3700,'Widooie',NULL,NULL),(1209,3717,'Herstappe',NULL,NULL),(1210,3723,'Guigoven',NULL,NULL),(1211,3724,'Vliermaal',NULL,NULL),(1212,3730,'Werm',NULL,NULL),(1213,3740,'Grote-Spouwen',NULL,NULL),(1214,3770,'Membruggen',NULL,NULL),(1215,3770,'Vlijtingen',NULL,NULL),(1216,3790,'Fouron-Saint-Martin',NULL,NULL),(1217,3790,'Fourons',NULL,NULL),(1218,3792,'Fouron-Saint-Pierre',NULL,NULL),(1219,3793,'Teuven',NULL,NULL),(1220,3800,'Zepperen',NULL,NULL),(1221,3831,'Herten',NULL,NULL),(1222,3840,'Broekom',NULL,NULL),(1223,3840,'Kolmont',NULL,NULL),(1224,3840,'Kuttekoven',NULL,NULL),(1225,3850,'Binderveld',NULL,NULL),(1226,3850,'Kozen',NULL,NULL),(1227,3850,'Nieuwerkerken',NULL,NULL),(1228,3870,'Mettekoven',NULL,NULL),(1229,3890,'Gingelom',NULL,NULL),(1230,3890,'Kortijs',NULL,NULL),(1231,3890,'Montenaken',NULL,NULL),(1232,3891,'Borlo',NULL,NULL),(1233,3920,'Lommel',NULL,NULL),(1234,3940,'Hechtel-Eksel',NULL,NULL),(1235,3945,'Ham',NULL,NULL),(1236,3960,'Bree',NULL,NULL),(1237,3971,'Heppen',NULL,NULL),(1238,4031,'Angleur',NULL,NULL),(1239,4041,'Milmort',NULL,NULL),(1240,4102,'Ougre',NULL,NULL),(1241,4120,'Neupr',NULL,NULL),(1242,4120,'Rotheux-Rimire',NULL,NULL),(1243,4162,'Hody',NULL,NULL),(1244,4170,'Comblain-Au-Pont',NULL,NULL),(1245,4190,'Ferrires',NULL,NULL),(1246,4217,'Hron',NULL,NULL),(1247,4217,'Waret-L\'evque',NULL,NULL),(1248,4250,'Bolhe',NULL,NULL),(1249,4250,'Lens-Saint-Servais',NULL,NULL),(1250,4260,'Fumal',NULL,NULL),(1251,4280,'Abolens',NULL,NULL),(1252,4280,'Avin',NULL,NULL),(1253,4280,'Blehen',NULL,NULL),(1254,4280,'Grand-Hallet',NULL,NULL),(1255,4280,'Villers-Le-Peuplier',NULL,NULL),(1256,4300,'Grand-Axhe',NULL,NULL),(1257,4300,'Lantremange',NULL,NULL),(1258,4300,'Oleye',NULL,NULL),(1259,4317,'Faimes',NULL,NULL),(1260,4340,'Fooz',NULL,NULL),(1261,4340,'Villers-L\'evque',NULL,NULL),(1262,4342,'Hognoul',NULL,NULL),(1263,4347,'Fexhe-Le-Haut-Clocher',NULL,NULL),(1264,4347,'Freloux',NULL,NULL),(1265,4350,'Pousset',NULL,NULL),(1266,4357,'Limont',NULL,NULL),(1267,4360,'Bergilers',NULL,NULL),(1268,4367,'Fize-Le-Marsal',NULL,NULL),(1269,4400,'Awirs',NULL,NULL),(1270,4400,'Flmalle-Grande',NULL,NULL),(1271,4420,'Montegne',NULL,NULL),(1272,4450,'Juprelle',NULL,NULL),(1273,4450,'Slins',NULL,NULL),(1274,4453,'Villers-Saint-Simon',NULL,NULL),(1275,4460,'Bierset',NULL,NULL),(1276,4500,'Ben-Ahin',NULL,NULL),(1277,4500,'Huy',NULL,NULL),(1278,4520,'Huccorgne',NULL,NULL),(1279,4520,'Moha',NULL,NULL),(1280,4530,'Vaux-Et-Borset',NULL,NULL),(1281,4530,'Villers-Le-Bouillet',NULL,NULL),(1282,4537,'Chapon-Seraing',NULL,NULL),(1283,4540,'Flne',NULL,NULL),(1284,4540,'Ombret',NULL,NULL),(1285,4550,'Nandrin',NULL,NULL),(1286,4557,'Fraiture',NULL,NULL),(1287,4557,'Ramelot',NULL,NULL),(1288,4557,'Soheit-Tinlot',NULL,NULL),(1289,4560,'Clavier',NULL,NULL),(1290,4560,'Terwagne',NULL,NULL),(1291,4570,'Vyle-Et-Tharoul',NULL,NULL),(1292,4590,'Ellemelle',NULL,NULL),(1293,4600,'Richelle',NULL,NULL),(1294,4607,'Bombaye',NULL,NULL),(1295,4610,'Beyne-Heusay',NULL,NULL),(1296,4630,'Micheroux',NULL,NULL),(1297,4651,'Battice',NULL,NULL),(1298,4653,'Bolland',NULL,NULL),(1299,4670,'Blgny',NULL,NULL),(1300,4670,'Mortier',NULL,NULL),(1301,4671,'Housse',NULL,NULL),(1302,4680,'Herme',NULL,NULL),(1303,4682,'Houtain-Saint-Simon',NULL,NULL),(1304,4690,'Boirs',NULL,NULL),(1305,4690,'Eben-Emael',NULL,NULL),(1306,4690,'Glons',NULL,NULL),(1307,4690,'Roclenge-Sur-Geer',NULL,NULL),(1308,4710,'Lontzen',NULL,NULL),(1309,4711,'Walhorn',NULL,NULL),(1310,4730,'Raeren',NULL,NULL),(1311,4750,'Butgenbach',NULL,NULL),(1312,4770,'Meyerode',NULL,NULL),(1313,4791,'Thommen',NULL,NULL),(1314,4800,'Lambermont',NULL,NULL),(1315,4801,'Stembert',NULL,NULL),(1316,4831,'Bilstain',NULL,NULL),(1317,4840,'Welkenraedt',NULL,NULL),(1318,4850,'Plombires',NULL,NULL),(1319,4860,'Pepinster',NULL,NULL),(1320,4870,'Nessonvaux',NULL,NULL),(1321,4870,'Trooz',NULL,NULL),(1322,4877,'Olne',NULL,NULL),(1323,4890,'Thimister',NULL,NULL),(1324,4890,'Thimister-Clermont',NULL,NULL),(1325,4920,'Ernonheid',NULL,NULL),(1326,4950,'Waimes',NULL,NULL),(1327,4960,'Beverc',NULL,NULL),(1328,4970,'Stavelot',NULL,NULL),(1329,4987,'Chevron',NULL,NULL),(1330,4987,'La Gleize',NULL,NULL),(1331,4987,'Rahier',NULL,NULL),(1332,5000,'Namur',NULL,NULL),(1333,5002,'Saint-Servais',NULL,NULL),(1334,5003,'Saint-Marc',NULL,NULL),(1335,5020,'Daussoulx',NULL,NULL),(1336,5030,'Ernage',NULL,NULL),(1337,5030,'Sauvenire',NULL,NULL),(1338,5032,'Bothey',NULL,NULL),(1339,5060,'Falisolle',NULL,NULL),(1340,5070,'Aisemont',NULL,NULL),(1341,5070,'Fosses-La-Ville',NULL,NULL),(1342,5080,'Villers-Lez-Heest',NULL,NULL),(1343,5081,'Bovesse',NULL,NULL),(1344,5100,'Naninne',NULL,NULL),(1345,5100,'Wpion',NULL,NULL),(1346,5101,'Lives-Sur-Meuse',NULL,NULL),(1347,5101,'Loyers',NULL,NULL),(1348,5140,'Tongrinne',NULL,NULL),(1349,5150,'Franire',NULL,NULL),(1350,5190,'Baltre',NULL,NULL),(1351,5300,'Bonneville',NULL,NULL),(1352,5300,'Sclayn',NULL,NULL),(1353,5310,'Aische-En-Refail',NULL,NULL),(1354,5310,'Branchon',NULL,NULL),(1355,5310,'Noville-Sur-Mhaigne',NULL,NULL),(1356,5310,'Waret-La-Chausse',NULL,NULL),(1357,5330,'Maillen',NULL,NULL),(1358,5333,'Sorinne-La-Longue',NULL,NULL),(1359,5340,'Gesves',NULL,NULL),(1360,5340,'Haltinne',NULL,NULL),(1361,5350,'Ohey',NULL,NULL),(1362,5361,'Mohiville',NULL,NULL),(1363,5370,'Barvaux-Condroz',NULL,NULL),(1364,5370,'Flostoy',NULL,NULL),(1365,5377,'Heure',NULL,NULL),(1366,5380,'Fernelmont',NULL,NULL),(1367,5380,'Hemptinne',NULL,NULL),(1368,5380,'Marchovelette',NULL,NULL),(1369,5380,'Noville-Les-Bois',NULL,NULL),(1370,5380,'Pontillas',NULL,NULL),(1371,5503,'Sorinnes',NULL,NULL),(1372,5530,'Dorinne',NULL,NULL),(1373,5530,'Houx',NULL,NULL),(1374,5537,'Dene',NULL,NULL),(1375,5540,'Hastire',NULL,NULL),(1376,5540,'Waulsort',NULL,NULL),(1377,5550,'Bagimont',NULL,NULL),(1378,5550,'Pussemange',NULL,NULL),(1379,5550,'Sugny',NULL,NULL),(1380,5555,'Bivre',NULL,NULL),(1381,5555,'Monceau-En-Ardenne',NULL,NULL),(1382,5560,'Hulsonniaux',NULL,NULL),(1383,5561,'Celles',NULL,NULL),(1384,5562,'Custinne',NULL,NULL),(1385,5570,'Feschaux',NULL,NULL),(1386,5571,'Wiesme',NULL,NULL),(1387,5573,'Martouzin-Neuville',NULL,NULL),(1388,5574,'Pondrme',NULL,NULL),(1389,5580,'Han-Sur-Lesse',NULL,NULL),(1390,5580,'Villers-Sur-Lesse',NULL,NULL),(1391,5590,'Leignon',NULL,NULL),(1392,5590,'Pessoux',NULL,NULL),(1393,5600,'Jamagne',NULL,NULL),(1394,5600,'Jamiolle',NULL,NULL),(1395,5600,'Neuville',NULL,NULL),(1396,5620,'Rose',NULL,NULL),(1397,5630,'Daussois',NULL,NULL),(1398,5630,'Villers-Deux-Eglises',NULL,NULL),(1399,5640,'Graux',NULL,NULL),(1400,5640,'Saint-Grard',NULL,NULL),(1401,5644,'Ermeton-Sur-Biert',NULL,NULL),(1402,5651,'Berze',NULL,NULL),(1403,5660,'Couvin',NULL,NULL),(1404,5660,'Mariembourg',NULL,NULL),(1405,5660,'Petite-Chapelle',NULL,NULL),(1406,5670,'Le Mesnil',NULL,NULL),(1407,6010,'Couillet',NULL,NULL),(1408,6043,'Ransart',NULL,NULL),(1409,6060,'Gilly',NULL,NULL),(1410,6061,'Montignies-Sur-Sambre',NULL,NULL),(1411,6141,'Forchies-La-Marche',NULL,NULL),(1412,6182,'Souvret',NULL,NULL),(1413,6183,'Trazegnies',NULL,NULL),(1414,6210,'Les Bons Villers',NULL,NULL),(1415,6210,'Rves',NULL,NULL),(1416,6210,'Villers-Perwin',NULL,NULL),(1417,6223,'Wagnele',NULL,NULL),(1418,6230,'Buzet',NULL,NULL),(1419,6230,'Obaix',NULL,NULL),(1420,6230,'Viesville',NULL,NULL),(1421,6240,'Farciennes',NULL,NULL),(1422,6250,'Aiseau',NULL,NULL),(1423,6440,'Fourbechies',NULL,NULL),(1424,6460,'Bailivre',NULL,NULL),(1425,6460,'Robechies',NULL,NULL),(1426,6460,'Villers-La-Tour',NULL,NULL),(1427,6464,'Bourlers',NULL,NULL),(1428,6464,'L\'escaillre',NULL,NULL),(1429,6500,'Leugnies',NULL,NULL),(1430,6536,'Donstiennes',NULL,NULL),(1431,6540,'Mont-Sainte-Genevive',NULL,NULL),(1432,6560,'Erquelinnes',NULL,NULL),(1433,6567,'Merbes-Le-Chteau',NULL,NULL),(1434,6593,'Macquenoise',NULL,NULL),(1435,6594,'Beauwelz',NULL,NULL),(1436,6596,'Forge-Philippe',NULL,NULL),(1437,6596,'Seloignes',NULL,NULL),(1438,6600,'Villers-La-Bonne-Eau',NULL,NULL),(1439,6637,'Tintange',NULL,NULL),(1440,6640,'Sibret',NULL,NULL),(1441,6662,'Tavigny',NULL,NULL),(1442,6673,'Cherain',NULL,NULL),(1443,6690,'Bihain',NULL,NULL),(1444,6700,'Bonnert',NULL,NULL),(1445,6700,'Heinsch',NULL,NULL),(1446,6704,'Guirsch',NULL,NULL),(1447,6730,'Tintigny',NULL,NULL),(1448,6742,'Chantemelle',NULL,NULL),(1449,6747,'Meix-Le-Tige',NULL,NULL),(1450,6760,'Ethe',NULL,NULL),(1451,6761,'Latour',NULL,NULL),(1452,6767,'Torgny',NULL,NULL),(1453,6769,'Villers-La-Loue',NULL,NULL),(1454,6780,'Messancy',NULL,NULL),(1455,6780,'Wolkrange',NULL,NULL),(1456,6812,'Suxy',NULL,NULL),(1457,6820,'Florenville',NULL,NULL),(1458,6820,'Fontenoille',NULL,NULL),(1459,6821,'Lacuisine',NULL,NULL),(1460,6823,'Villers-Devant-Orval',NULL,NULL),(1461,6824,'Chassepierre',NULL,NULL),(1462,6836,'Dohan',NULL,NULL),(1463,6840,'Grandvoir',NULL,NULL),(1464,6840,'Tournay',NULL,NULL),(1465,6856,'Fays-Les-Veneurs',NULL,NULL),(1466,6860,'Mellier',NULL,NULL),(1467,6860,'Witry',NULL,NULL),(1468,6870,'Arville',NULL,NULL),(1469,6870,'Awenne',NULL,NULL),(1470,6870,'Hatrival',NULL,NULL),(1471,6870,'Saint-Hubert',NULL,NULL),(1472,6880,'Cugnon',NULL,NULL),(1473,6887,'Herbeumont',NULL,NULL),(1474,6887,'Straimont',NULL,NULL),(1475,6890,'Anloy',NULL,NULL),(1476,6920,'Wellin',NULL,NULL),(1477,6927,'Bure',NULL,NULL),(1478,6927,'Grupont',NULL,NULL),(1479,6929,'Gembes',NULL,NULL),(1480,6940,'Grandhan',NULL,NULL),(1481,6940,'Septon',NULL,NULL),(1482,6941,'Heyd',NULL,NULL),(1483,6941,'Izier',NULL,NULL),(1484,6951,'Bande',NULL,NULL),(1485,6953,'Ambly',NULL,NULL),(1486,6953,'Lesterny',NULL,NULL),(1487,6960,'Malempr',NULL,NULL),(1488,6960,'Vaux-Chavanne',NULL,NULL),(1489,6972,'Erneuville',NULL,NULL),(1490,6980,'La Roche-En-Ardenne',NULL,NULL),(1491,6990,'Hampteau',NULL,NULL),(1492,6990,'Marenne',NULL,NULL),(1493,7020,'Maisires',NULL,NULL),(1494,7021,'Havre',NULL,NULL),(1495,7024,'Ciply',NULL,NULL),(1496,7033,'Cuesmes',NULL,NULL),(1497,7050,'Herchies',NULL,NULL),(1498,7060,'Horrues',NULL,NULL),(1499,7070,'Gottignies',NULL,NULL),(1500,7070,'Mignault',NULL,NULL),(1501,7080,'Frameries',NULL,NULL),(1502,7080,'La Bouverie',NULL,NULL),(1503,7090,'Braine-Le-Comte',NULL,NULL),(1504,7090,'Steenkerque',NULL,NULL),(1505,7100,'Haine-Saint-Paul',NULL,NULL),(1506,7110,'Houdeng-Aimeries',NULL,NULL),(1507,7133,'Buvrinnes',NULL,NULL),(1508,7134,'Epinois',NULL,NULL),(1509,7134,'Leval-Trahegnies',NULL,NULL),(1510,7180,'Seneffe',NULL,NULL),(1511,7190,'Ecaussinnes-D\'enghien',NULL,NULL),(1512,7190,'Marche-Lez-Ecaussinnes',NULL,NULL),(1513,7301,'Hornu',NULL,NULL),(1514,7321,'Blaton',NULL,NULL),(1515,7321,'Harchies',NULL,NULL),(1516,7330,'Saint-Ghislain',NULL,NULL),(1517,7340,'Warquignies',NULL,NULL),(1518,7350,'Hensies',NULL,NULL),(1519,7387,'Angre',NULL,NULL),(1520,7387,'Angreau',NULL,NULL),(1521,7387,'Montignies-Sur-Roc',NULL,NULL),(1522,7522,'Hertain',NULL,NULL),(1523,7533,'Thimougies',NULL,NULL),(1524,7536,'Vaulx',NULL,NULL),(1525,7538,'Vezon',NULL,NULL),(1526,7540,'Melles',NULL,NULL),(1527,7540,'Rumillies',NULL,NULL),(1528,7543,'Mourcourt',NULL,NULL),(1529,7600,'Pruwelz',NULL,NULL),(1530,7604,'Wasmes-Audemez-Briffoeil',NULL,NULL),(1531,7608,'Wiers',NULL,NULL),(1532,7620,'Blharies',NULL,NULL),(1533,7621,'Lesdain',NULL,NULL),(1534,7623,'Rongy',NULL,NULL),(1535,7640,'Antoing',NULL,NULL),(1536,7712,'Herseaux',NULL,NULL),(1537,7730,'Nchin',NULL,NULL),(1538,7740,'Warcoing',NULL,NULL),(1539,7743,'Obigies',NULL,NULL),(1540,7784,'Bas-Warneton',NULL,NULL),(1541,7784,'Warneton',NULL,NULL),(1542,7800,'Lanquesaint',NULL,NULL),(1543,7802,'Ormeignies',NULL,NULL),(1544,7804,'Rebaix',NULL,NULL),(1545,7812,'Ligne',NULL,NULL),(1546,7812,'Moulbaix',NULL,NULL),(1547,7812,'Villers-Notre-Dame',NULL,NULL),(1548,7822,'Meslin-L\'evque',NULL,NULL),(1549,7830,'Graty',NULL,NULL),(1550,7830,'Hellebecq',NULL,NULL),(1551,7850,'Enghien',NULL,NULL),(1552,7860,'Lessines',NULL,NULL),(1553,7861,'Papignies',NULL,NULL),(1554,7864,'Deux-Acren',NULL,NULL),(1555,7870,'Bauffe',NULL,NULL),(1556,7870,'Cambron-Saint-Vincent',NULL,NULL),(1557,7904,'Pipaix',NULL,NULL),(1558,7904,'Tourpes',NULL,NULL),(1559,7910,'Anvaing',NULL,NULL),(1560,7911,'Buissenal',NULL,NULL),(1561,7911,'Moustier',NULL,NULL),(1562,7912,'Saint-Sauveur',NULL,NULL),(1563,7940,'Brugelette',NULL,NULL),(1564,7940,'Cambron-Casteau',NULL,NULL),(1565,7941,'Attre',NULL,NULL),(1566,7943,'Gages',NULL,NULL),(1567,7950,'Tongre-Saint-Martin',NULL,NULL),(1568,7972,'Aubechies',NULL,NULL),(1569,8210,'Veldegem',NULL,NULL),(1570,8370,'Uitkerke',NULL,NULL),(1571,8377,'Meetkerke',NULL,NULL),(1572,8380,'Lissewege',NULL,NULL),(1573,8433,'Schore',NULL,NULL),(1574,8434,'Lombardsijde',NULL,NULL),(1575,8460,'Oudenburg',NULL,NULL),(1576,8460,'Roksem',NULL,NULL),(1577,8470,'Gistel',NULL,NULL),(1578,8470,'Snaaskerke',NULL,NULL),(1579,8510,'Marke',NULL,NULL),(1580,8520,'Kuurne',NULL,NULL),(1581,8530,'Harelbeke',NULL,NULL),(1582,8540,'Deerlijk',NULL,NULL),(1583,8553,'Otegem',NULL,NULL),(1584,8560,'Moorsele',NULL,NULL),(1585,8587,'Espierres',NULL,NULL),(1586,8600,'Beerst',NULL,NULL),(1587,8600,'Driekapellen',NULL,NULL),(1588,8600,'Esen',NULL,NULL),(1589,8600,'Lampernisse',NULL,NULL),(1590,8620,'Nieuwpoort',NULL,NULL),(1591,8620,'Ramskapelle',NULL,NULL),(1592,8630,'Bulskamp',NULL,NULL),(1593,8650,'Houthulst',NULL,NULL),(1594,8670,'Wulpen',NULL,NULL),(1595,8690,'Alveringem',NULL,NULL),(1596,8700,'Kanegem',NULL,NULL),(1597,8720,'Oeselgem',NULL,NULL),(1598,8740,'Pittem',NULL,NULL),(1599,8800,'Beveren',NULL,NULL),(1600,8810,'Lichtervelde',NULL,NULL),(1601,8840,'Staden',NULL,NULL),(1602,8850,'Ardooie',NULL,NULL),(1603,8870,'Izegem',NULL,NULL),(1604,8880,'Sint-Eloois-Winkel',NULL,NULL),(1605,8890,'Dadizele',NULL,NULL),(1606,8890,'Moorslede',NULL,NULL),(1607,8900,'Sint-Jan',NULL,NULL),(1608,8904,'Boezinge',NULL,NULL),(1609,8940,'Geluwe',NULL,NULL),(1610,8940,'Wervik',NULL,NULL),(1611,8950,'Nieuwkerke',NULL,NULL),(1612,8970,'Poperinge',NULL,NULL),(1613,8972,'Roesbrugge-Haringe',NULL,NULL),(1614,8980,'Beselare',NULL,NULL),(1615,8980,'Geluveld',NULL,NULL),(1616,9070,'Destelbergen',NULL,NULL),(1617,9080,'Zaffelare',NULL,NULL),(1618,9090,'Gontrode',NULL,NULL),(1619,9090,'Melle',NULL,NULL),(1620,9100,'Nieuwkerken-Waas',NULL,NULL),(1621,9100,'Sint-Niklaas',NULL,NULL),(1622,9120,'Haasdonk',NULL,NULL),(1623,9120,'Melsele',NULL,NULL),(1624,9140,'Steendorp',NULL,NULL),(1625,9140,'Temse',NULL,NULL),(1626,9150,'Rupelmonde',NULL,NULL),(1627,9200,'Mespelare',NULL,NULL),(1628,9220,'Moerzeke',NULL,NULL),(1629,9230,'Wetteren',NULL,NULL),(1630,9255,'Opdorp',NULL,NULL),(1631,9260,'Wichelen',NULL,NULL),(1632,9308,'Gijzegem',NULL,NULL),(1633,9320,'Nieuwerkerken',NULL,NULL),(1634,9340,'Oordegem',NULL,NULL),(1635,9400,'Appelterre-Eichem',NULL,NULL),(1636,9400,'Denderwindeke',NULL,NULL),(1637,9400,'Lieferinge',NULL,NULL),(1638,9403,'Neigem',NULL,NULL),(1639,9420,'Ottergem',NULL,NULL),(1640,9500,'Geraardsbergen',NULL,NULL),(1641,9500,'Overboelare',NULL,NULL),(1642,9521,'Letterhoutem',NULL,NULL),(1643,9551,'Ressegem',NULL,NULL),(1644,9552,'Borsbeke',NULL,NULL),(1645,9570,'Deftinge',NULL,NULL),(1646,9570,'Sint-Maria-Lierde',NULL,NULL),(1647,9620,'Grotenberge',NULL,NULL),(1648,9620,'Leeuwergem',NULL,NULL),(1649,9620,'Velzeke-Ruddershove',NULL,NULL),(1650,9630,'Meilegem',NULL,NULL),(1651,9630,'Paulatem',NULL,NULL),(1652,9630,'Sint-Maria-Latem',NULL,NULL),(1653,9660,'Opbrakel',NULL,NULL),(1654,9667,'Sint-Maria-Horebeke',NULL,NULL),(1655,9680,'Maarkedal',NULL,NULL),(1656,9700,'Eine',NULL,NULL),(1657,9700,'Melden',NULL,NULL),(1658,9700,'Mullem',NULL,NULL),(1659,9700,'Volkegem',NULL,NULL),(1660,9750,'Zingem',NULL,NULL),(1661,9790,'Elsegem',NULL,NULL),(1662,9790,'Petegem-Aan-De-Schelde',NULL,NULL),(1663,9800,'Bachte-Maria-Leerne',NULL,NULL),(1664,9800,'Deinze',NULL,NULL),(1665,9800,'Gottem',NULL,NULL),(1666,9800,'Wontergem',NULL,NULL),(1667,9800,'Zeveren',NULL,NULL),(1668,9810,'Eke',NULL,NULL),(1669,9820,'Melsen',NULL,NULL),(1670,9831,'Deurle',NULL,NULL),(1671,9850,'Landegem',NULL,NULL),(1672,9850,'Nevele',NULL,NULL),(1673,9880,'Aalter',NULL,NULL),(1674,9880,'Poeke',NULL,NULL),(1675,9910,'Knesselare',NULL,NULL),(1676,9932,'Ronsele',NULL,NULL),(1677,9940,'Sleidinge',NULL,NULL),(1678,9980,'Sint-Laureins',NULL,NULL),(1679,1040,'Etterbeek',NULL,NULL),(1680,1070,'Anderlecht',NULL,NULL),(1681,1160,'Auderghem',NULL,NULL),(1682,1180,'Uccle',NULL,NULL),(1683,1190,'Forest',NULL,NULL),(1684,1300,'Limal',NULL,NULL),(1685,1320,'Tourinnes-La-Grosse',NULL,NULL),(1686,1325,'Dion-Valmont',NULL,NULL),(1687,1325,'Longueville',NULL,NULL),(1688,1367,'Ramillies',NULL,NULL),(1689,1370,'Jauchelette',NULL,NULL),(1690,1380,'Ohain',NULL,NULL),(1691,1390,'Archennes',NULL,NULL),(1692,1400,'Nivelles',NULL,NULL),(1693,1402,'Thines',NULL,NULL),(1694,1430,'Quenast',NULL,NULL),(1695,1430,'Rebecq',NULL,NULL),(1696,1435,'Corbais',NULL,NULL),(1697,1435,'Hvillers',NULL,NULL),(1698,1473,'Glabais',NULL,NULL),(1699,1476,'Houtain-Le-Val',NULL,NULL),(1700,1547,'Bivne',NULL,NULL),(1701,1630,'Linkebeek',NULL,NULL),(1702,1640,'Rhode-Saint-Gense',NULL,NULL),(1703,1650,'Beersel',NULL,NULL),(1704,1654,'Huizingen',NULL,NULL),(1705,1670,'Pepingen',NULL,NULL),(1706,1741,'Wambeek',NULL,NULL),(1707,1745,'Opwijk',NULL,NULL),(1708,1760,'Roosdaal',NULL,NULL),(1709,1761,'Borchtlombeek',NULL,NULL),(1710,1785,'Merchtem',NULL,NULL),(1711,1790,'Affligem',NULL,NULL),(1712,1790,'Hekelgem',NULL,NULL),(1713,1800,'Peutie',NULL,NULL),(1714,1820,'Melsbroek',NULL,NULL),(1715,1820,'Steenokkerzeel',NULL,NULL),(1716,1851,'Humbeek',NULL,NULL),(1717,1910,'Berg',NULL,NULL),(1718,1932,'Sint-Stevens-Woluwe',NULL,NULL),(1719,1980,'Zemst',NULL,NULL),(1720,2018,'Antwerpen',NULL,NULL),(1721,2030,'Antwerpen',NULL,NULL),(1722,2040,'Berendrecht',NULL,NULL),(1723,2040,'Lillo',NULL,NULL),(1724,2060,'Antwerpen',NULL,NULL),(1725,2150,'Borsbeek',NULL,NULL),(1726,2170,'Merksem',NULL,NULL),(1727,2223,'Schriek',NULL,NULL),(1728,2235,'Westmeerbeek',NULL,NULL),(1729,2260,'Westerlo',NULL,NULL),(1730,2288,'Bouwel',NULL,NULL),(1731,2300,'Turnhout',NULL,NULL),(1732,2310,'Rijkevorsel',NULL,NULL),(1733,2340,'Beerse',NULL,NULL),(1734,2360,'Oud-Turnhout',NULL,NULL),(1735,2382,'Poppel',NULL,NULL),(1736,2390,'Westmalle',NULL,NULL),(1737,2431,'Veerle',NULL,NULL),(1738,2440,'Geel',NULL,NULL),(1739,2480,'Dessel',NULL,NULL),(1740,2490,'Balen',NULL,NULL),(1741,2520,'Emblem',NULL,NULL),(1742,2547,'Lint',NULL,NULL),(1743,2550,'Kontich',NULL,NULL),(1744,2560,'Bevel',NULL,NULL),(1745,2590,'Gestel',NULL,NULL),(1746,2610,'Wilrijk',NULL,NULL),(1747,2811,'Leest',NULL,NULL),(1748,2812,'Muizen',NULL,NULL),(1749,2840,'Rumst',NULL,NULL),(1750,2870,'Puurs',NULL,NULL),(1751,2880,'Weert',NULL,NULL),(1752,2890,'Oppuurs',NULL,NULL),(1753,2930,'Brasschaat',NULL,NULL),(1754,2940,'Stabroek',NULL,NULL),(1755,2960,'Sint-Lenaarts',NULL,NULL),(1756,3000,'Leuven',NULL,NULL),(1757,3040,'Sint-Agatha-Rode',NULL,NULL),(1758,3051,'Sint-Joris-Weert',NULL,NULL),(1759,3053,'Haasrode',NULL,NULL),(1760,3090,'Overijse',NULL,NULL),(1761,3110,'Rotselaar',NULL,NULL),(1762,3111,'Wezemaal',NULL,NULL),(1763,3118,'Werchter',NULL,NULL),(1764,3130,'Betekom',NULL,NULL),(1765,3150,'Wespelaar',NULL,NULL),(1766,3200,'Aarschot',NULL,NULL),(1767,3210,'Lubbeek',NULL,NULL),(1768,3220,'Kortrijk-Dutsel',NULL,NULL),(1769,3272,'Messelbroek',NULL,NULL),(1770,3360,'Lovenjoel',NULL,NULL),(1771,3370,'Neervelp',NULL,NULL),(1772,3370,'Vertrijk',NULL,NULL),(1773,3400,'Landen',NULL,NULL),(1774,3401,'Walshoutem',NULL,NULL),(1775,3401,'Wezeren',NULL,NULL),(1776,3460,'Assent',NULL,NULL),(1777,3461,'Molenbeek-Wersbeek',NULL,NULL),(1778,3470,'Ransberg',NULL,NULL),(1779,3472,'Kersbeek-Miskom',NULL,NULL),(1780,3501,'Wimmertingen',NULL,NULL),(1781,3510,'Spalbeek',NULL,NULL),(1782,3511,'Kuringen',NULL,NULL),(1783,3512,'Stevoort',NULL,NULL),(1784,3530,'Helchteren',NULL,NULL),(1785,3545,'Halen',NULL,NULL),(1786,3545,'Zelem',NULL,NULL),(1787,3550,'Heusden',NULL,NULL),(1788,3560,'Meldert',NULL,NULL),(1789,3583,'Paal',NULL,NULL),(1790,3590,'Diepenbeek',NULL,NULL),(1791,3620,'Lanaken',NULL,NULL),(1792,3620,'Veldwezelt',NULL,NULL),(1793,3621,'Rekem',NULL,NULL),(1794,3630,'Eisden',NULL,NULL),(1795,3630,'Meeswijk',NULL,NULL),(1796,3630,'Opgrimbie',NULL,NULL),(1797,3630,'Vucht',NULL,NULL),(1798,3650,'Elen',NULL,NULL),(1799,3665,'As',NULL,NULL),(1800,3680,'Maaseik',NULL,NULL),(1801,3680,'Opoeteren',NULL,NULL),(1802,3700,'Diets-Heur',NULL,NULL),(1803,3730,'Romershoven',NULL,NULL),(1804,3730,'Sint-Huibrechts-Hern',NULL,NULL),(1805,3740,'Rijkhoven',NULL,NULL),(1806,3770,'Val-Meer',NULL,NULL),(1807,3790,'Mouland',NULL,NULL),(1808,3800,'Aalst',NULL,NULL),(1809,3800,'Groot-Gelmen',NULL,NULL),(1810,3800,'Halmaal',NULL,NULL),(1811,3803,'Gorsem',NULL,NULL),(1812,3830,'Wellen',NULL,NULL),(1813,3840,'Haren',NULL,NULL),(1814,3840,'Hendrieken',NULL,NULL),(1815,3840,'Voort',NULL,NULL),(1816,3870,'Heers',NULL,NULL),(1817,3870,'Vechmaal',NULL,NULL),(1818,3891,'Buvingen',NULL,NULL),(1819,3891,'Mielen-Boven-Aalst',NULL,NULL),(1820,3891,'Muizen',NULL,NULL),(1821,3900,'Overpelt',NULL,NULL),(1822,3945,'Kwaadmechelen',NULL,NULL),(1823,3950,'Bocholt',NULL,NULL),(1824,3950,'Reppel',NULL,NULL),(1825,3960,'Opitter',NULL,NULL),(1826,3990,'Grote-Brogel',NULL,NULL),(1827,4030,'Grivegnee',NULL,NULL),(1828,4053,'Embourg',NULL,NULL),(1829,4120,'Ehein',NULL,NULL),(1830,4140,'Dolembreux',NULL,NULL),(1831,4140,'Rouvreux',NULL,NULL),(1832,4161,'Villers-Aux-Tours',NULL,NULL),(1833,4163,'Tavier',NULL,NULL),(1834,4190,'Xhoris',NULL,NULL),(1835,4210,'Oteppe',NULL,NULL),(1836,4219,'Ambresin',NULL,NULL),(1837,4219,'Meeffe',NULL,NULL),(1838,4219,'Wasseiges',NULL,NULL),(1839,4252,'Omal',NULL,NULL),(1840,4260,'Ciplet',NULL,NULL),(1841,4280,'Avernas-Le-Bauduin',NULL,NULL),(1842,4280,'Petit-Hallet',NULL,NULL),(1843,4280,'Poucet',NULL,NULL),(1844,4280,'Trogne',NULL,NULL),(1845,4287,'Lincent',NULL,NULL),(1846,4300,'Bettincourt',NULL,NULL),(1847,4317,'Borlez',NULL,NULL),(1848,4317,'Celles',NULL,NULL),(1849,4317,'Les Waleffes',NULL,NULL),(1850,4340,'Awans',NULL,NULL),(1851,4350,'Lamine',NULL,NULL),(1852,4350,'Momalle',NULL,NULL),(1853,4351,'Hodeige',NULL,NULL),(1854,4360,'Grandville',NULL,NULL),(1855,4360,'Otrange',NULL,NULL),(1856,4400,'Ivoz-Ramet',NULL,NULL),(1857,4400,'Mons-Lez-Lige',NULL,NULL),(1858,4430,'Ans',NULL,NULL),(1859,4432,'Alleur',NULL,NULL),(1860,4460,'Hollogne-Aux-Pierres',NULL,NULL),(1861,4460,'Velroux',NULL,NULL),(1862,4520,'Antheit',NULL,NULL),(1863,4520,'Vinalmont',NULL,NULL),(1864,4540,'Amay',NULL,NULL),(1865,4550,'Saint-Sverin',NULL,NULL),(1866,4560,'Les Avins',NULL,NULL),(1867,4560,'Pailhe',NULL,NULL),(1868,4570,'Marchin',NULL,NULL),(1869,4607,'Berneau',NULL,NULL),(1870,4608,'Neufchteau',NULL,NULL),(1871,4608,'Warsage',NULL,NULL),(1872,4610,'Bellaire',NULL,NULL),(1873,4621,'Retinne',NULL,NULL),(1874,4623,'Magne',NULL,NULL),(1875,4630,'Ayeneux',NULL,NULL),(1876,4632,'Crexhe-Heuseux',NULL,NULL),(1877,4654,'Charneux',NULL,NULL),(1878,4671,'Saive',NULL,NULL),(1879,4681,'Hermalle-Sous-Argenteau',NULL,NULL),(1880,4684,'Haccourt',NULL,NULL),(1881,4690,'Bassenge',NULL,NULL),(1882,4700,'Eupen',NULL,NULL),(1883,4770,'Amblve',NULL,NULL),(1884,4780,'Saint-Vith',NULL,NULL),(1885,4782,'Schoenberg',NULL,NULL),(1886,4800,'Ensival',NULL,NULL),(1887,4800,'Petit-Rechain',NULL,NULL),(1888,4800,'Polleur',NULL,NULL),(1889,4830,'Limbourg',NULL,NULL),(1890,4851,'Sippenaeken',NULL,NULL),(1891,4852,'Hombourg',NULL,NULL),(1892,4890,'Clermont',NULL,NULL),(1893,4920,'Aywaille',NULL,NULL),(1894,4920,'Louveign',NULL,NULL),(1895,4950,'Robertville',NULL,NULL),(1896,4960,'Malmedy',NULL,NULL),(1897,4990,'Arbrefontaine',NULL,NULL),(1898,5024,'Marche-Les-Dames',NULL,NULL),(1899,5030,'Beuzet',NULL,NULL),(1900,5060,'Moignele',NULL,NULL),(1901,5060,'Velaine-Sur-Sambre',NULL,NULL),(1902,5070,'Le Roux',NULL,NULL),(1903,5070,'Sart-Eustache',NULL,NULL),(1904,5170,'Lesve',NULL,NULL),(1905,5170,'Lustin',NULL,NULL),(1906,5190,'Ham-Sur-Sambre',NULL,NULL),(1907,5190,'Mornimont',NULL,NULL),(1908,5190,'Spy',NULL,NULL),(1909,5300,'Coutisse',NULL,NULL),(1910,5300,'Maizeret',NULL,NULL),(1911,5300,'Namche',NULL,NULL),(1912,5300,'Thon',NULL,NULL),(1913,5310,'Boneffe',NULL,NULL),(1914,5310,'Upigny',NULL,NULL),(1915,5330,'Assesse',NULL,NULL),(1916,5340,'Mozet',NULL,NULL),(1917,5350,'Evelette',NULL,NULL),(1918,5353,'Goesnes',NULL,NULL),(1919,5354,'Jallet',NULL,NULL),(1920,5362,'Achet',NULL,NULL),(1921,5363,'Emptinne',NULL,NULL),(1922,5370,'Jeneffe',NULL,NULL),(1923,5372,'Man',NULL,NULL),(1924,5377,'Sinsin',NULL,NULL),(1925,5377,'Somme-Leuze',NULL,NULL),(1926,5380,'Tillier',NULL,NULL),(1927,5500,'Bouvignes-Sur-Meuse',NULL,NULL),(1928,5500,'Dinant',NULL,NULL),(1929,5500,'Furfooz',NULL,NULL),(1930,5501,'Lisogne',NULL,NULL),(1931,5520,'Anthe',NULL,NULL),(1932,5521,'Serville',NULL,NULL),(1933,5522,'Falaen',NULL,NULL),(1934,5530,'Godinne',NULL,NULL),(1935,5530,'Purnode',NULL,NULL),(1936,5550,'Alle',NULL,NULL),(1937,5550,'Bohan',NULL,NULL),(1938,5550,'Laforet',NULL,NULL),(1939,5550,'Vresse-Sur-Semois',NULL,NULL),(1940,5555,'Gros-Fays',NULL,NULL),(1941,5555,'Oizy',NULL,NULL),(1942,5560,'Finnevaux',NULL,NULL),(1943,5560,'Mesnil-Saint-Blaise',NULL,NULL),(1944,5570,'Baronville',NULL,NULL),(1945,5575,'Bourseigne-Vieille',NULL,NULL),(1946,5575,'Louette-Saint-Denis',NULL,NULL),(1947,5575,'Louette-Saint-Pierre',NULL,NULL),(1948,5580,'Buissonville',NULL,NULL),(1949,5580,'Lessive',NULL,NULL),(1950,5590,'Achne',NULL,NULL),(1951,5590,'Conneux',NULL,NULL),(1952,5590,'Haversin',NULL,NULL),(1953,5590,'Serinchamps',NULL,NULL),(1954,5590,'Sovet',NULL,NULL),(1955,5600,'Philippeville',NULL,NULL),(1956,5600,'Romedenne',NULL,NULL),(1957,5600,'Surice',NULL,NULL),(1958,5620,'Hemptinne-Lez-Florennes',NULL,NULL),(1959,5620,'Saint-Aubin',NULL,NULL),(1960,5630,'Silenrieux',NULL,NULL),(1961,5650,'Castillon',NULL,NULL),(1962,5650,'Clermont',NULL,NULL),(1963,5650,'Fontenelle',NULL,NULL),(1964,5650,'Vogene',NULL,NULL),(1965,5651,'Gourdinne',NULL,NULL),(1966,5651,'Somze',NULL,NULL),(1967,5651,'Thy-Le-Chteau',NULL,NULL),(1968,5660,'Aublain',NULL,NULL),(1969,5660,'Brly',NULL,NULL),(1970,5660,'Frasnes',NULL,NULL),(1971,5660,'Gonrieux',NULL,NULL),(1972,5660,'Pesche',NULL,NULL),(1973,5660,'Petigny',NULL,NULL),(1974,5670,'Maze',NULL,NULL),(1975,5680,'Soulme',NULL,NULL),(1976,6020,'Dampremy',NULL,NULL),(1977,6032,'Mont-Sur-Marchienne',NULL,NULL),(1978,6111,'Landelies',NULL,NULL),(1979,6120,'Jamioulx',NULL,NULL),(1980,6200,'Bouffioulx',NULL,NULL),(1981,6200,'Chtelet',NULL,NULL),(1982,6200,'Chtelineau',NULL,NULL),(1983,6220,'Fleurus',NULL,NULL),(1984,6220,'Lambusart',NULL,NULL),(1985,6221,'Saint-Amand',NULL,NULL),(1986,6224,'Wanferce-Baulet',NULL,NULL),(1987,6230,'Thimon',NULL,NULL),(1988,6280,'Acoz',NULL,NULL),(1989,6280,'Gougnies',NULL,NULL),(1990,6440,'Boussu-Lez-Walcourt',NULL,NULL),(1991,6440,'Froidchapelle',NULL,NULL),(1992,6462,'Vaulx-Lez-Chimay',NULL,NULL),(1993,6463,'Lompret',NULL,NULL),(1994,6470,'Montbliart',NULL,NULL),(1995,6511,'Stre',NULL,NULL),(1996,6530,'Leers-Et-Fosteau',NULL,NULL),(1997,6543,'Bienne-Lez-Happart',NULL,NULL),(1998,6560,'Bersillies-L\'abbaye',NULL,NULL),(1999,6560,'Grand-Reng',NULL,NULL),(2000,6592,'Monceau-Imbrechies',NULL,NULL),(2001,6600,'Noville',NULL,NULL),(2002,6640,'Vaux-Lez-Rosires',NULL,NULL),(2003,6661,'Mont',NULL,NULL),(2004,6661,'Tailles',NULL,NULL),(2005,6666,'Wibrin',NULL,NULL),(2006,6670,'Limerl',NULL,NULL),(2007,6671,'Bovigny',NULL,NULL),(2008,6672,'Beho',NULL,NULL),(2009,6674,'Montleban',NULL,NULL),(2010,6686,'Flamierge',NULL,NULL),(2011,6687,'Bertogne',NULL,NULL),(2012,6700,'Arlon',NULL,NULL),(2013,6720,'Habay',NULL,NULL),(2014,6723,'Habay-La-Vieille',NULL,NULL),(2015,6724,'Rulles',NULL,NULL),(2016,6740,'Etalle',NULL,NULL),(2017,6767,'Lamorteau',NULL,NULL),(2018,6767,'Rouvroy',NULL,NULL),(2019,6769,'Meix-Devant-Virton',NULL,NULL),(2020,6769,'Sommethonne',NULL,NULL),(2021,6782,'Habergy',NULL,NULL),(2022,6791,'Athus',NULL,NULL),(2023,6792,'Halanzy',NULL,NULL),(2024,6800,'Freux',NULL,NULL),(2025,6811,'Les Bulles',NULL,NULL),(2026,6813,'Termes',NULL,NULL),(2027,6830,'Poupehan',NULL,NULL),(2028,6830,'Rochehaut',NULL,NULL),(2029,6831,'Noirfontaine',NULL,NULL),(2030,6833,'Ucimont',NULL,NULL),(2031,6838,'Corbion',NULL,NULL),(2032,6840,'Grapfontaine',NULL,NULL),(2033,6840,'Neufchteau',NULL,NULL),(2034,6880,'Jehonville',NULL,NULL),(2035,6887,'Saint-Mdard',NULL,NULL),(2036,6890,'Libin',NULL,NULL),(2037,6900,'Hargimont',NULL,NULL),(2038,6920,'Sohier',NULL,NULL),(2039,6921,'Chanly',NULL,NULL),(2040,6922,'Halma',NULL,NULL),(2041,6929,'Haut-Fays',NULL,NULL),(2042,6953,'Forrires',NULL,NULL),(2043,6960,'Manhay',NULL,NULL),(2044,6971,'Champlon',NULL,NULL),(2045,6982,'Samre',NULL,NULL),(2046,6983,'Ortho',NULL,NULL),(2047,6986,'Halleux',NULL,NULL),(2048,6987,'Hodister',NULL,NULL),(2049,6990,'Fronville',NULL,NULL),(2050,6997,'Mormont',NULL,NULL),(2051,7011,'Ghlin',NULL,NULL),(2052,7012,'Flnu',NULL,NULL),(2053,7020,'Nimy',NULL,NULL),(2054,7022,'Harmignies',NULL,NULL),(2055,7022,'Harveng',NULL,NULL),(2056,7031,'Villers-Saint-Ghislain',NULL,NULL),(2057,7040,'Quvy',NULL,NULL),(2058,7041,'Givry',NULL,NULL),(2059,7050,'Masnuy-Saint-Jean',NULL,NULL),(2060,7060,'Soignies',NULL,NULL),(2061,7061,'Casteau',NULL,NULL),(2062,7061,'Thieusies',NULL,NULL),(2063,7070,'Le Roeulx',NULL,NULL),(2064,7080,'Noirchain',NULL,NULL),(2065,7080,'Sars-La-Bruyre',NULL,NULL),(2066,7090,'Petit-Roeulx-Lez-Braine',NULL,NULL),(2067,7110,'Strpy-Bracquegnies',NULL,NULL),(2068,7120,'Estinnes-Au-Mont',NULL,NULL),(2069,7120,'Estinnes-Au-Val',NULL,NULL),(2070,7130,'Battignies',NULL,NULL),(2071,7141,'Carnires',NULL,NULL),(2072,7141,'Mont-Sainte-Aldegonde',NULL,NULL),(2073,7160,'Chapelle-Lez-Herlaimont',NULL,NULL),(2074,7160,'Godarville',NULL,NULL),(2075,7170,'Bellecourt',NULL,NULL),(2076,7322,'Pommeroeul',NULL,NULL),(2077,7334,'Hautrage',NULL,NULL),(2078,7334,'Villerot',NULL,NULL),(2079,7340,'Paturages',NULL,NULL),(2080,7380,'Baisieux',NULL,NULL),(2081,7387,'Fayt-Le-Franc',NULL,NULL),(2082,7387,'Roisin',NULL,NULL),(2083,7390,'Quaregnon',NULL,NULL),(2084,7500,'Saint-Maur',NULL,NULL),(2085,7503,'Froyennes',NULL,NULL),(2086,7521,'Chercq',NULL,NULL),(2087,7522,'Blandain',NULL,NULL),(2088,7540,'Kain',NULL,NULL),(2089,7548,'Warchin',NULL,NULL),(2090,7601,'Roucourt',NULL,NULL),(2091,7618,'Taintignies',NULL,NULL),(2092,7620,'Brunehaut',NULL,NULL),(2093,7620,'Jollain-Merlin',NULL,NULL),(2094,7640,'Maubray',NULL,NULL),(2095,7711,'Dottignies',NULL,NULL),(2096,7730,'Bailleul',NULL,NULL),(2097,7730,'Evregnies',NULL,NULL),(2098,7730,'Saint-Lger',NULL,NULL),(2099,7743,'Esquelmes',NULL,NULL),(2100,7760,'Celles',NULL,NULL),(2101,7760,'Escanaffles',NULL,NULL),(2102,7760,'Pottes',NULL,NULL),(2103,7803,'Bouvignies',NULL,NULL),(2104,7812,'Houtaing',NULL,NULL),(2105,7822,'Ghislenghien',NULL,NULL),(2106,7822,'Isires',NULL,NULL),(2107,7866,'Ollignies',NULL,NULL),(2108,7870,'Lens',NULL,NULL),(2109,7880,'Flobecq',NULL,NULL),(2110,7890,'Ellezelles',NULL,NULL),(2111,7900,'Grandmetz',NULL,NULL),(2112,7903,'Chapelle--Oie',NULL,NULL),(2113,7910,'Wattripont',NULL,NULL),(2114,7911,'Frasnes-Lez-Buissenal',NULL,NULL),(2115,7950,'Grosage',NULL,NULL),(2116,7973,'Grandglise',NULL,NULL),(2117,7973,'Stambruges',NULL,NULL),(2118,8000,'Brugge',NULL,NULL),(2119,8000,'Koolkerke',NULL,NULL),(2120,8020,'Oostkamp',NULL,NULL),(2121,8200,'Sint-Michiels',NULL,NULL),(2122,8300,'Knokke-Heist',NULL,NULL),(2123,8377,'Houtave',NULL,NULL),(2124,8420,'Klemskerke',NULL,NULL),(2125,8420,'Wenduine',NULL,NULL),(2126,8421,'Vlissegem',NULL,NULL),(2127,8432,'Leffinge',NULL,NULL),(2128,8434,'Westende',NULL,NULL),(2129,8480,'Ichtegem',NULL,NULL),(2130,8510,'Rollegem',NULL,NULL),(2131,8560,'Wevelgem',NULL,NULL),(2132,8570,'Anzegem',NULL,NULL),(2133,8570,'Vichte',NULL,NULL),(2134,8573,'Tiegem',NULL,NULL),(2135,8600,'Diksmuide',NULL,NULL),(2136,8600,'Pervijze',NULL,NULL),(2137,8610,'Kortemark',NULL,NULL),(2138,8620,'Sint-Joris',NULL,NULL),(2139,8630,'Avekapelle',NULL,NULL),(2140,8640,'Vleteren',NULL,NULL),(2141,8647,'Lo-Reninge',NULL,NULL),(2142,8647,'Pollinkhove',NULL,NULL),(2143,8650,'Klerken',NULL,NULL),(2144,8650,'Merkem',NULL,NULL),(2145,8691,'Izenberge',NULL,NULL),(2146,8700,'Tielt',NULL,NULL),(2147,8710,'Ooigem',NULL,NULL),(2148,8710,'Wielsbeke',NULL,NULL),(2149,8750,'Zwevezele',NULL,NULL),(2150,8755,'Ruiselede',NULL,NULL),(2151,8760,'Meulebeke',NULL,NULL),(2152,8791,'Beveren',NULL,NULL),(2153,8870,'Emelgem',NULL,NULL),(2154,8870,'Kachtem',NULL,NULL),(2155,8904,'Zuidschote',NULL,NULL),(2156,8920,'Langemark',NULL,NULL),(2157,8920,'Langemark-Poelkapelle',NULL,NULL),(2158,8930,'Rekkem',NULL,NULL),(2159,8950,'Heuvelland',NULL,NULL),(2160,8972,'Proven',NULL,NULL),(2161,8978,'Watou',NULL,NULL),(2162,9030,'Mariakerke',NULL,NULL),(2163,9041,'Oostakker',NULL,NULL),(2164,9042,'Desteldonk',NULL,NULL),(2165,9042,'Mendonk',NULL,NULL),(2166,9051,'Sint-Denijs-Westrem',NULL,NULL),(2167,9070,'Heusden',NULL,NULL),(2168,9112,'Sinaai-Waas',NULL,NULL),(2169,9120,'Vrasene',NULL,NULL),(2170,9150,'Kruibeke',NULL,NULL),(2171,9185,'Wachtebeke',NULL,NULL),(2172,9190,'Stekene',NULL,NULL),(2173,9200,'Baasrode',NULL,NULL),(2174,9220,'Hamme',NULL,NULL),(2175,9250,'Waasmunster',NULL,NULL),(2176,9260,'Schellebelle',NULL,NULL),(2177,9260,'Serskamp',NULL,NULL),(2178,9280,'Denderbelle',NULL,NULL),(2179,9280,'Wieze',NULL,NULL),(2180,9310,'Herdersem',NULL,NULL),(2181,9400,'Okegem',NULL,NULL),(2182,9420,'Erpe',NULL,NULL),(2183,9420,'Erpe-Mere',NULL,NULL),(2184,9420,'Mere',NULL,NULL),(2185,9450,'Heldergem',NULL,NULL),(2186,9472,'Iddergem',NULL,NULL),(2187,9500,'Goeferdinge',NULL,NULL),(2188,9500,'Moerbeke',NULL,NULL),(2189,9506,'Grimminge',NULL,NULL),(2190,9506,'Nieuwenhove',NULL,NULL),(2191,9506,'Schendelbeke',NULL,NULL),(2192,9520,'Bavegem',NULL,NULL),(2193,9520,'Sint-Lievens-Houtem',NULL,NULL),(2194,9550,'Hillegem',NULL,NULL),(2195,9550,'Sint-Antelinks',NULL,NULL),(2196,9550,'Steenhuize-Wijnhuize',NULL,NULL),(2197,9620,'Strijpen',NULL,NULL),(2198,9630,'Sint-Blasius-Boekel',NULL,NULL),(2199,9688,'Schorisse',NULL,NULL),(2200,9690,'Kwaremont',NULL,NULL),(2201,9700,'Edelare',NULL,NULL),(2202,9700,'Heurne',NULL,NULL),(2203,9700,'Leupegem',NULL,NULL),(2204,9700,'Mater',NULL,NULL),(2205,9700,'Oudenaarde',NULL,NULL),(2206,9700,'Welden',NULL,NULL),(2207,9750,'Huise',NULL,NULL),(2208,9750,'Ouwegem',NULL,NULL),(2209,9800,'Astene',NULL,NULL),(2210,9800,'Petegem-Aan-De-Leie',NULL,NULL),(2211,9850,'Hansbeke',NULL,NULL),(2212,9850,'Poesele',NULL,NULL),(2213,9860,'Balegem',NULL,NULL),(2214,9860,'Landskouter',NULL,NULL),(2215,9890,'Baaigem',NULL,NULL),(2216,9921,'Vinderhoute',NULL,NULL),(2217,9940,'Ertvelde',NULL,NULL),(2218,9961,'Boekhoute',NULL,NULL),(2219,9982,'Sint-Jan-In-Eremo',NULL,NULL),(2220,9988,'Waterland-Oudeman',NULL,NULL),(2221,9990,'Maldegem',NULL,NULL),(2222,1000,'Bruxelles',NULL,NULL),(2223,1082,'Berchem-Sainte-Agathe',NULL,NULL),(2224,1310,'La Hulpe',NULL,NULL),(2225,1315,'Glimes',NULL,NULL),(2226,1315,'Pitrebais',NULL,NULL),(2227,1320,'Beauvechain',NULL,NULL),(2228,1320,'Hamme-Mille',NULL,NULL),(2229,1320,'Nodebais',NULL,NULL),(2230,1325,'Chaumont-Gistoux',NULL,NULL),(2231,1330,'Rixensart',NULL,NULL),(2232,1332,'Genval',NULL,NULL),(2233,1342,'Limelette',NULL,NULL),(2234,1350,'Jandrain-Jandrenouille',NULL,NULL),(2235,1350,'Orp-Jauche',NULL,NULL),(2236,1360,'Malves-Sainte-Marie-Wastines',NULL,NULL),(2237,1360,'Thorembais-Saint-Trond',NULL,NULL),(2238,1367,'Grompont',NULL,NULL),(2239,1370,'Mlin',NULL,NULL),(2240,1370,'Pitrain',NULL,NULL),(2241,1370,'Ztrud-Lumay',NULL,NULL),(2242,1380,'Lasne-Chapelle-Saint-Lambert',NULL,NULL),(2243,1390,'Bossut-Gottechain',NULL,NULL),(2244,1400,'Monstreux',NULL,NULL),(2245,1404,'Bornival',NULL,NULL),(2246,1410,'Waterloo',NULL,NULL),(2247,1421,'Ophain-Bois-Seigneur-Isaac',NULL,NULL),(2248,1428,'Lillois-Witterze',NULL,NULL),(2249,1450,'Chastre-Villeroux-Blanmont',NULL,NULL),(2250,1450,'Cortil-Noirmont',NULL,NULL),(2251,1457,'Tourinnes-Saint-Lambert',NULL,NULL),(2252,1460,'Virginal-Samme',NULL,NULL),(2253,1461,'Haut-Ittre',NULL,NULL),(2254,1470,'Baisy-Thy',NULL,NULL),(2255,1470,'Genappe',NULL,NULL),(2256,1480,'Clabecq',NULL,NULL),(2257,1480,'Oisquercq',NULL,NULL),(2258,1480,'Saintes',NULL,NULL),(2259,1490,'Court-Saint-Etienne',NULL,NULL),(2260,1502,'Lembeek',NULL,NULL),(2261,1560,'Hoeilaart',NULL,NULL),(2262,1570,'Tollembeek',NULL,NULL),(2263,1653,'Dworp',NULL,NULL),(2264,1670,'Bogaarden',NULL,NULL),(2265,1703,'Schepdaal',NULL,NULL),(2266,1730,'Bekkerzeel',NULL,NULL),(2267,1730,'Mollem',NULL,NULL),(2268,1731,'Relegem',NULL,NULL),(2269,1750,'Gaasbeek',NULL,NULL),(2270,1755,'Gooik',NULL,NULL),(2271,1760,'Onze-Lieve-Vrouw-Lombeek',NULL,NULL),(2272,1790,'Essene',NULL,NULL),(2273,1800,'Vilvoorde',NULL,NULL),(2274,1830,'Machelen',NULL,NULL),(2275,1840,'Londerzeel',NULL,NULL),(2276,1853,'Strombeek-Bever',NULL,NULL),(2277,1861,'Wolvertem',NULL,NULL),(2278,1880,'Ramsdonk',NULL,NULL),(2279,1970,'Wezembeek-Oppem',NULL,NULL),(2280,2020,'Antwerpen',NULL,NULL),(2281,2070,'Burcht',NULL,NULL),(2282,2070,'Zwijndrecht',NULL,NULL),(2283,2110,'Wijnegem',NULL,NULL),(2284,2160,'Wommelgem',NULL,NULL),(2285,2222,'Itegem',NULL,NULL),(2286,2230,'Herselt',NULL,NULL),(2287,2240,'Viersel',NULL,NULL),(2288,2250,'Olen',NULL,NULL),(2289,2260,'Oevel',NULL,NULL),(2290,2270,'Herenthout',NULL,NULL),(2291,2275,'Poederlee',NULL,NULL),(2292,2275,'Wechelderzande',NULL,NULL),(2293,2290,'Vorselaar',NULL,NULL),(2294,2321,'Meer',NULL,NULL),(2295,2328,'Meerle',NULL,NULL),(2296,2350,'Vosselaar',NULL,NULL),(2297,2430,'Laakdal',NULL,NULL),(2298,2460,'Tielen',NULL,NULL),(2299,2500,'Koningshooikt',NULL,NULL),(2300,2520,'Ranst',NULL,NULL),(2301,2530,'Boechout',NULL,NULL),(2302,2531,'Vremde',NULL,NULL),(2303,2580,'Putte',NULL,NULL),(2304,2600,'Berchem',NULL,NULL),(2305,2640,'Mortsel',NULL,NULL),(2306,2840,'Terhagen',NULL,NULL),(2307,2845,'Niel',NULL,NULL),(2308,2890,'Sint-Amands',NULL,NULL),(2309,2900,'Schoten',NULL,NULL),(2310,3018,'Wijgmaal',NULL,NULL),(2311,3061,'Leefdaal',NULL,NULL),(2312,3078,'Everberg',NULL,NULL),(2313,3080,'Duisburg',NULL,NULL),(2314,3120,'Tremelo',NULL,NULL),(2315,3140,'Keerbergen',NULL,NULL),(2316,3190,'Boortmeerbeek',NULL,NULL),(2317,3210,'Linden',NULL,NULL),(2318,3211,'Binkom',NULL,NULL),(2319,3221,'Nieuwrode',NULL,NULL),(2320,3290,'Schaffen',NULL,NULL),(2321,3290,'Webbekom',NULL,NULL),(2322,3293,'Kaggevinne',NULL,NULL),(2323,3300,'Goetsenhoven',NULL,NULL),(2324,3300,'Kumtich',NULL,NULL),(2325,3300,'Sint-Margriete-Houtem',NULL,NULL),(2326,3300,'Tienen',NULL,NULL),(2327,3320,'Meldert',NULL,NULL),(2328,3350,'Orsmaal-Gussenhoven',NULL,NULL),(2329,3360,'Bierbeek',NULL,NULL),(2330,3370,'Willebringen',NULL,NULL),(2331,3390,'Houwaart',NULL,NULL),(2332,3390,'Sint-Joris-Winge',NULL,NULL),(2333,3400,'Wange',NULL,NULL),(2334,3440,'Budingen',NULL,NULL),(2335,3440,'Dormaal',NULL,NULL),(2336,3440,'Zoutleeuw',NULL,NULL),(2337,3460,'Bekkevoort',NULL,NULL),(2338,3473,'Waanrode',NULL,NULL),(2339,3500,'Sint-Lambrechts-Herk',NULL,NULL),(2340,3511,'Stokrooie',NULL,NULL),(2341,3530,'Houthalen',NULL,NULL),(2342,3540,'Donk',NULL,NULL),(2343,3545,'Loksbergen',NULL,NULL),(2344,3550,'Heusden-Zolder',NULL,NULL),(2345,3550,'Zolder',NULL,NULL),(2346,3560,'Linkhout',NULL,NULL),(2347,3631,'Uikhoven',NULL,NULL),(2348,3640,'Ophoven',NULL,NULL),(2349,3650,'Lanklaar',NULL,NULL),(2350,3668,'Niel-Bij-As',NULL,NULL),(2351,3680,'Neeroeteren',NULL,NULL),(2352,3700,'Overrepen',NULL,NULL),(2353,3700,'Riksingen',NULL,NULL),(2354,3700,'Rutten',NULL,NULL),(2355,3700,'Tongeren',NULL,NULL),(2356,3721,'Vliermaalroot',NULL,NULL),(2357,3722,'Wintershoven',NULL,NULL),(2358,3730,'Hoeselt',NULL,NULL),(2359,3740,'Kleine-Spouwen',NULL,NULL),(2360,3740,'Mopertingen',NULL,NULL),(2361,3740,'Munsterbilzen',NULL,NULL),(2362,3742,'Martenslinde',NULL,NULL),(2363,3770,'Kanne',NULL,NULL),(2364,3770,'Riemst',NULL,NULL),(2365,3770,'Vroenhoven',NULL,NULL),(2366,3770,'Zichen-Zussen-Bolder',NULL,NULL),(2367,3803,'Runkelen',NULL,NULL),(2368,3803,'Wilderen',NULL,NULL),(2369,3840,'Bommershoven',NULL,NULL),(2370,3840,'Borgloon',NULL,NULL),(2371,3840,'Hoepertingen',NULL,NULL),(2372,3840,'Jesseren',NULL,NULL),(2373,3870,'Batsheers',NULL,NULL),(2374,3890,'Boekhout',NULL,NULL),(2375,3890,'Jeuk',NULL,NULL),(2376,3890,'Niel-Bij-Sint-Truiden',NULL,NULL),(2377,3890,'Vorsen',NULL,NULL),(2378,3910,'Neerpelt',NULL,NULL),(2379,3930,'Hamont-Achel',NULL,NULL),(2380,3945,'Oostham',NULL,NULL),(2381,3950,'Kaulille',NULL,NULL),(2382,3960,'Gerdingen',NULL,NULL),(2383,3960,'Tongerlo',NULL,NULL),(2384,3970,'Leopoldsburg',NULL,NULL),(2385,3990,'Kleine-Brogel',NULL,NULL),(2386,3990,'Peer',NULL,NULL),(2387,4000,'Rocourt',NULL,NULL),(2388,4020,'Bressoux',NULL,NULL),(2389,4020,'Jupille-Sur-Meuse',NULL,NULL),(2390,4020,'Wandre',NULL,NULL),(2391,4051,'Vaux-Sous-Chvremont',NULL,NULL),(2392,4100,'Boncelles',NULL,NULL),(2393,4100,'Seraing',NULL,NULL),(2394,4101,'Jemeppe-Sur-Meuse',NULL,NULL),(2395,4130,'Esneux',NULL,NULL),(2396,4130,'Tilff',NULL,NULL),(2397,4140,'Gomz-Andoumont',NULL,NULL),(2398,4160,'Anthisnes',NULL,NULL),(2399,4180,'Comblain-La-Tour',NULL,NULL),(2400,4190,'My',NULL,NULL),(2401,4210,'Burdinne',NULL,NULL),(2402,4219,'Acosse',NULL,NULL),(2403,4250,'Geer',NULL,NULL),(2404,4250,'Hollogne-Sur-Geer',NULL,NULL),(2405,4280,'Cras-Avernas',NULL,NULL),(2406,4287,'Pellaines',NULL,NULL),(2407,4287,'Racour',NULL,NULL),(2408,4300,'Waremme',NULL,NULL),(2409,4347,'Noville',NULL,NULL),(2410,4347,'Roloux',NULL,NULL),(2411,4357,'Jeneffe',NULL,NULL),(2412,4400,'Chokier',NULL,NULL),(2413,4432,'Xhendremael',NULL,NULL),(2414,4451,'Voroux-Lez-Liers',NULL,NULL),(2415,4460,'Grce-Berleur',NULL,NULL),(2416,4460,'Horion-Hozmont',NULL,NULL),(2417,4470,'Saint-Georges-Sur-Meuse',NULL,NULL),(2418,4480,'Engis',NULL,NULL),(2419,4540,'Ampsin',NULL,NULL),(2420,4550,'Yerne-Fraineux',NULL,NULL),(2421,4557,'Tinlot',NULL,NULL),(2422,4560,'Bois-Et-Borsu',NULL,NULL),(2423,4560,'Ocquier',NULL,NULL),(2424,4577,'Modave',NULL,NULL),(2425,4590,'Ouffet',NULL,NULL),(2426,4600,'Lixhe',NULL,NULL),(2427,4601,'Argenteau',NULL,NULL),(2428,4607,'Dalhem',NULL,NULL),(2429,4620,'Flron',NULL,NULL),(2430,4624,'Romse',NULL,NULL),(2431,4633,'Melen',NULL,NULL),(2432,4650,'Julmont',NULL,NULL),(2433,4680,'Oupeye',NULL,NULL),(2434,4683,'Vivegnis',NULL,NULL),(2435,4690,'Wonck',NULL,NULL),(2436,4730,'Hauset',NULL,NULL),(2437,4731,'Eynatten',NULL,NULL),(2438,4760,'Manderfeld',NULL,NULL),(2439,4780,'Recht',NULL,NULL),(2440,4783,'Lommersweiler',NULL,NULL),(2441,4802,'Heusy',NULL,NULL),(2442,4834,'Go',NULL,NULL),(2443,4841,'Henri-Chapelle',NULL,NULL),(2444,4845,'Sart-Lez-Spa',NULL,NULL),(2445,4850,'Moresnet',NULL,NULL),(2446,4860,'Wegnez',NULL,NULL),(2447,4870,'Fort',NULL,NULL),(2448,4910,'Theux',NULL,NULL),(2449,4980,'Trois-Ponts',NULL,NULL),(2450,4990,'Bra',NULL,NULL),(2451,4990,'Lierneux',NULL,NULL),(2452,5001,'Belgrade',NULL,NULL),(2453,5020,'Champion',NULL,NULL),(2454,5020,'Suarle',NULL,NULL),(2455,5020,'Temploux',NULL,NULL),(2456,5030,'Grand-Manil',NULL,NULL),(2457,5032,'Bossire',NULL,NULL),(2458,5060,'Auvelais',NULL,NULL),(2459,5070,'Vitrival',NULL,NULL),(2460,5100,'Dave',NULL,NULL),(2461,5100,'Wierde',NULL,NULL),(2462,5101,'Erpent',NULL,NULL),(2463,5140,'Sombreffe',NULL,NULL),(2464,5150,'Floriffoux',NULL,NULL),(2465,5150,'Soye',NULL,NULL),(2466,5170,'Arbre',NULL,NULL),(2467,5170,'Bois-De-Villers',NULL,NULL),(2468,5170,'Rivire',NULL,NULL),(2469,5190,'Jemeppe-Sur-Sambre',NULL,NULL),(2470,5300,'Seilles',NULL,NULL),(2471,5300,'Vezin',NULL,NULL),(2472,5310,'Egheze',NULL,NULL),(2473,5310,'Liernu',NULL,NULL),(2474,5310,'Longchamps',NULL,NULL),(2475,5310,'Mehaigne',NULL,NULL),(2476,5310,'Taviers',NULL,NULL),(2477,5340,'Faulx-Les-Tombes',NULL,NULL),(2478,5340,'Sore',NULL,NULL),(2479,5351,'Haillot',NULL,NULL),(2480,5370,'Porcheresse',NULL,NULL),(2481,5376,'Micret',NULL,NULL),(2482,5377,'Waillet',NULL,NULL),(2483,5500,'Anseremme',NULL,NULL),(2484,5500,'Drhance',NULL,NULL),(2485,5504,'Foy-Notre-Dame',NULL,NULL),(2486,5530,'Durnal',NULL,NULL),(2487,5530,'Mont',NULL,NULL),(2488,5537,'Warnant',NULL,NULL),(2489,5544,'Agimont',NULL,NULL),(2490,5555,'Naom',NULL,NULL),(2491,5560,'Ciergnon',NULL,NULL),(2492,5570,'Beauraing',NULL,NULL),(2493,5570,'Wancennes',NULL,NULL),(2494,5575,'Malvoisin',NULL,NULL),(2495,5575,'Vencimont',NULL,NULL),(2496,5576,'Froidfontaine',NULL,NULL),(2497,5580,'Ave-Et-Auffe',NULL,NULL),(2498,5580,'Jemelle',NULL,NULL),(2499,5580,'Wavreille',NULL,NULL),(2500,5590,'Braibant',NULL,NULL),(2501,5590,'Ciney',NULL,NULL),(2502,5600,'Fagnolle',NULL,NULL),(2503,5600,'Merlemont',NULL,NULL),(2504,5600,'Omeze',NULL,NULL),(2505,5600,'Roly',NULL,NULL),(2506,5600,'Sart-En-Fagne',NULL,NULL),(2507,5600,'Sautour',NULL,NULL),(2508,5600,'Vodece',NULL,NULL),(2509,5620,'Corenne',NULL,NULL),(2510,5620,'Morville',NULL,NULL),(2511,5621,'Hanzinelle',NULL,NULL),(2512,5621,'Hanzinne',NULL,NULL),(2513,5621,'Morialm',NULL,NULL),(2514,5630,'Cerfontaine',NULL,NULL),(2515,5630,'Senzeille',NULL,NULL),(2516,5640,'Oret',NULL,NULL),(2517,5641,'Furnaux',NULL,NULL),(2518,5646,'Stave',NULL,NULL),(2519,5650,'Fraire',NULL,NULL),(2520,5660,'Boussu-En-Fagne',NULL,NULL),(2521,5670,'Treignes',NULL,NULL),(2522,5670,'Vierves-Sur-Viroin',NULL,NULL),(2523,5670,'Viroinval',NULL,NULL),(2524,5680,'Doische',NULL,NULL),(2525,5680,'Gimne',NULL,NULL),(2526,5680,'Matagne-La-Grande',NULL,NULL),(2527,5680,'Matagne-La-Petite',NULL,NULL),(2528,5680,'Niverle',NULL,NULL),(2529,5680,'Vodele',NULL,NULL),(2530,6030,'Goutroux',NULL,NULL),(2531,6030,'Marchienne-Au-Pont',NULL,NULL),(2532,6040,'Jumet',NULL,NULL),(2533,6110,'Montigny-Le-Tilleul',NULL,NULL),(2534,6120,'Cour-Sur-Heure',NULL,NULL),(2535,6120,'Ham-Sur-Heure',NULL,NULL),(2536,6142,'Leernes',NULL,NULL),(2537,6150,'Anderlues',NULL,NULL),(2538,6180,'Courcelles',NULL,NULL),(2539,6210,'Frasnes-Lez-Gosselies',NULL,NULL),(2540,6210,'Wayaux',NULL,NULL),(2541,6211,'Mellet',NULL,NULL),(2542,6220,'Wangenies',NULL,NULL),(2543,6222,'Brye',NULL,NULL),(2544,6280,'Joncret',NULL,NULL),(2545,6280,'Loverval',NULL,NULL),(2546,6441,'Erpion',NULL,NULL),(2547,6460,'Salles',NULL,NULL),(2548,6461,'Virelles',NULL,NULL),(2549,6464,'Forges',NULL,NULL),(2550,6470,'Sautin',NULL,NULL),(2551,6500,'Barbenon',NULL,NULL),(2552,6500,'Thirimont',NULL,NULL),(2553,6534,'Goze',NULL,NULL),(2554,6536,'Thuillies',NULL,NULL),(2555,6560,'Montignies-Saint-Christophe',NULL,NULL),(2556,6591,'Macon',NULL,NULL),(2557,6637,'Fauvillers',NULL,NULL),(2558,6660,'Houffalize',NULL,NULL),(2559,6660,'Nadrin',NULL,NULL),(2560,6680,'Amberloup',NULL,NULL),(2561,6680,'Sainte-Ode',NULL,NULL),(2562,6692,'Petit-Thier',NULL,NULL),(2563,6698,'Grand-Halleux',NULL,NULL),(2564,6717,'Nobressart',NULL,NULL),(2565,6717,'Tontelange',NULL,NULL),(2566,6720,'Hachy',NULL,NULL),(2567,6730,'Bellefontaine',NULL,NULL),(2568,6743,'Buzenol',NULL,NULL),(2569,6750,'Mussy-La-Ville',NULL,NULL),(2570,6760,'Ruette',NULL,NULL),(2571,6781,'Slange',NULL,NULL),(2572,6800,'Remagne',NULL,NULL),(2573,6800,'Saint-Pierre',NULL,NULL),(2574,6851,'Nollevaux',NULL,NULL),(2575,6870,'Mirwart',NULL,NULL),(2576,6890,'Ochamps',NULL,NULL),(2577,6890,'Transinne',NULL,NULL),(2578,6890,'Villance',NULL,NULL),(2579,6900,'Waha',NULL,NULL),(2580,6940,'Durbuy',NULL,NULL),(2581,6953,'Masbourg',NULL,NULL),(2582,6960,'Dochamps',NULL,NULL),(2583,6960,'Odeigne',NULL,NULL),(2584,6980,'Beausaint',NULL,NULL),(2585,6987,'Beffe',NULL,NULL),(2586,6987,'Rendeux',NULL,NULL),(2587,6990,'Hotton',NULL,NULL),(2588,7000,'Mons',NULL,NULL),(2589,7022,'Nouvelles',NULL,NULL),(2590,7040,'Aulnois',NULL,NULL),(2591,7040,'Blaregnies',NULL,NULL),(2592,7040,'Goegnies-Chausse',NULL,NULL),(2593,7040,'Quvy-Le-Grand',NULL,NULL),(2594,7062,'Naast',NULL,NULL),(2595,7063,'Chausse-Notre-Dame-Louvignies',NULL,NULL),(2596,7080,'Eugies',NULL,NULL),(2597,7090,'Hennuyres',NULL,NULL),(2598,7110,'Boussoit',NULL,NULL),(2599,7110,'Maurage',NULL,NULL),(2600,7120,'Haulchin',NULL,NULL),(2601,7120,'Peissant',NULL,NULL),(2602,7120,'Vellereille-Les-Brayeux',NULL,NULL),(2603,7131,'Waudrez',NULL,NULL),(2604,7300,'Boussu',NULL,NULL),(2605,7322,'Ville-Pommeroeul',NULL,NULL),(2606,7331,'Baudour',NULL,NULL),(2607,7332,'Neufmaison',NULL,NULL),(2608,7333,'Tertre',NULL,NULL),(2609,7350,'Hainin',NULL,NULL),(2610,7387,'Marchipont',NULL,NULL),(2611,7500,'Ere',NULL,NULL),(2612,7501,'Orcq',NULL,NULL),(2613,7520,'Templeuve',NULL,NULL),(2614,7530,'Gaurain-Ramecroix',NULL,NULL),(2615,7531,'Havinnes',NULL,NULL),(2616,7610,'Rumes',NULL,NULL),(2617,7611,'La Glanerie',NULL,NULL),(2618,7622,'Laplaigne',NULL,NULL),(2619,7643,'Fontenoy',NULL,NULL),(2620,7700,'Luingne',NULL,NULL),(2621,7700,'Mouscron',NULL,NULL),(2622,7750,'Amougies',NULL,NULL),(2623,7760,'Popuelles',NULL,NULL),(2624,7810,'Maffle',NULL,NULL),(2625,7812,'Mainvault',NULL,NULL),(2626,7812,'Villers-Saint-Amand',NULL,NULL),(2627,7863,'Ghoy',NULL,NULL),(2628,7901,'Thieulain',NULL,NULL),(2629,7903,'Blicquy',NULL,NULL),(2630,7906,'Gallaix',NULL,NULL),(2631,7910,'Cordes',NULL,NULL),(2632,7911,'Hacquegnies',NULL,NULL),(2633,7911,'Montroeul-Au-Bois',NULL,NULL),(2634,7911,'Oeudeghien',NULL,NULL),(2635,7912,'Dergneau',NULL,NULL),(2636,7942,'Mvergnies-Lez-Lens',NULL,NULL),(2637,7950,'Ladeuze',NULL,NULL),(2638,7951,'Tongre-Notre-Dame',NULL,NULL),(2639,7971,'Wadelincourt',NULL,NULL),(2640,7972,'Quevaucamps',NULL,NULL),(2641,8020,'Ruddervoorde',NULL,NULL),(2642,8020,'Waardamme',NULL,NULL),(2643,8210,'Zedelgem',NULL,NULL),(2644,8300,'Westkapelle',NULL,NULL),(2645,8310,'Sint-Kruis',NULL,NULL),(2646,8340,'Damme',NULL,NULL),(2647,8340,'Hoeke',NULL,NULL),(2648,8370,'Blankenberge',NULL,NULL),(2649,8377,'Nieuwmunster',NULL,NULL),(2650,8380,'Dudzele',NULL,NULL),(2651,8420,'De Haan',NULL,NULL),(2652,8433,'Sint-Pieters-Kapelle',NULL,NULL),(2653,8450,'Bredene',NULL,NULL),(2654,8460,'Westkerke',NULL,NULL),(2655,8470,'Moere',NULL,NULL),(2656,8490,'Snellegem',NULL,NULL),(2657,8490,'Varsenare',NULL,NULL),(2658,8501,'Bissegem',NULL,NULL),(2659,8531,'Bavikhove',NULL,NULL),(2660,8531,'Hulste',NULL,NULL),(2661,8552,'Moen',NULL,NULL),(2662,8581,'Waarmaarde',NULL,NULL),(2663,8583,'Bossuit',NULL,NULL),(2664,8587,'Espierres-Helchin',NULL,NULL),(2665,8600,'Leke',NULL,NULL),(2666,8600,'Stuivekenskerke',NULL,NULL),(2667,8610,'Zarren',NULL,NULL),(2668,8630,'De Moeren',NULL,NULL),(2669,8630,'Eggewaartskapelle',NULL,NULL),(2670,8630,'Houtem',NULL,NULL),(2671,8647,'Lo',NULL,NULL),(2672,8660,'Adinkerke',NULL,NULL),(2673,8670,'Oostduinkerke',NULL,NULL),(2674,8690,'Hoogstade',NULL,NULL),(2675,8690,'Sint-Rijkers',NULL,NULL),(2676,8691,'Gijverinkhove',NULL,NULL),(2677,8700,'Aarsele',NULL,NULL),(2678,8720,'Wakken',NULL,NULL),(2679,8730,'Beernem',NULL,NULL),(2680,8792,'Desselgem',NULL,NULL),(2681,8830,'Gits',NULL,NULL),(2682,8840,'Oostnieuwkerke',NULL,NULL),(2683,8840,'Westrozebeke',NULL,NULL),(2684,8880,'Ledegem',NULL,NULL),(2685,8880,'Rollegem-Kapelle',NULL,NULL),(2686,8906,'Elverdinge',NULL,NULL),(2687,8920,'Poelkapelle',NULL,NULL),(2688,8930,'Lauwe',NULL,NULL),(2689,8954,'Westouter',NULL,NULL),(2690,8957,'Messines',NULL,NULL),(2691,8958,'Loker',NULL,NULL),(2692,8972,'Krombeke',NULL,NULL),(2693,8980,'Zonnebeke',NULL,NULL),(2694,9040,'Sint-Amandsberg',NULL,NULL),(2695,9042,'Sint-Kruis-Winkel',NULL,NULL),(2696,9052,'Zwijnaarde',NULL,NULL),(2697,9080,'Lochristi',NULL,NULL),(2698,9111,'Belsele',NULL,NULL),(2699,9130,'Kieldrecht',NULL,NULL),(2700,9130,'Verrebroek',NULL,NULL),(2701,9140,'Tielrode',NULL,NULL),(2702,9160,'Daknam',NULL,NULL),(2703,9160,'Lokeren',NULL,NULL),(2704,9190,'Kemzeke',NULL,NULL),(2705,9200,'Appels',NULL,NULL),(2706,9230,'Westrem',NULL,NULL),(2707,9255,'Buggenhout',NULL,NULL),(2708,9270,'Kalken',NULL,NULL),(2709,9290,'Uitbergen',NULL,NULL),(2710,9300,'Aalst',NULL,NULL),(2711,9308,'Hofstade',NULL,NULL),(2712,9340,'Smetlede',NULL,NULL),(2713,9401,'Pollare',NULL,NULL),(2714,9420,'Aaigem',NULL,NULL),(2715,9450,'Denderhoutem',NULL,NULL),(2716,9451,'Kerksken',NULL,NULL),(2717,9473,'Welle',NULL,NULL),(2718,9506,'Idegem',NULL,NULL),(2719,9506,'Smeerebbe-Vloerzegem',NULL,NULL),(2720,9520,'Oombergen',NULL,NULL),(2721,9520,'Zonnegem',NULL,NULL),(2722,9550,'Herzele',NULL,NULL),(2723,9550,'Sint-Lievens-Esse',NULL,NULL),(2724,9571,'Hemelveerdegem',NULL,NULL),(2725,9572,'Sint-Martens-Lierde',NULL,NULL),(2726,9620,'Erwetegem',NULL,NULL),(2727,9620,'Godveerdegem',NULL,NULL),(2728,9620,'Sint-Maria-Oudenhove',NULL,NULL),(2729,9620,'Zottegem',NULL,NULL),(2730,9630,'Beerlegem',NULL,NULL),(2731,9630,'Dikkele',NULL,NULL),(2732,9630,'Hundelgem',NULL,NULL),(2733,9630,'Zwalm',NULL,NULL),(2734,9667,'Horebeke',NULL,NULL),(2735,9667,'Sint-Kornelis-Horebeke',NULL,NULL),(2736,9680,'Etikhove',NULL,NULL),(2737,9690,'Kluisbergen',NULL,NULL),(2738,9690,'Ruien',NULL,NULL),(2739,9690,'Zulzeke',NULL,NULL),(2740,9700,'Bevere',NULL,NULL),(2741,9770,'Kruishoutem',NULL,NULL),(2742,9790,'Moregem',NULL,NULL),(2743,9800,'Grammene',NULL,NULL),(2744,9820,'Bottelare',NULL,NULL),(2745,9820,'Munte',NULL,NULL),(2746,9820,'Schelderode',NULL,NULL),(2747,9830,'Sint-Martens-Latem',NULL,NULL),(2748,9860,'Gijzenzele',NULL,NULL),(2749,9870,'Olsene',NULL,NULL),(2750,9890,'Gavere',NULL,NULL),(2751,9931,'Oostwinkel',NULL,NULL),(2752,9940,'Kluizen',NULL,NULL),(2753,9970,'Kaprijke',NULL,NULL),(2754,9971,'Lembeke',NULL,NULL),(2755,9981,'Sint-Margriete',NULL,NULL),(2756,9991,'Adegem',NULL,NULL),(2757,9992,'Middelburg',NULL,NULL);
/*!40000 ALTER TABLE `zipcodes` ENABLE KEYS */;
UNLOCK TABLES;

--
-- Dumping routines for database 'fassi_cms_03'
--

--
-- Final view structure for view `view_clocking_extended`
--

/*!50001 DROP TABLE IF EXISTS `view_clocking_extended`*/;
/*!50001 DROP VIEW IF EXISTS `view_clocking_extended`*/;
/*!50001 SET @saved_cs_client          = @@character_set_client */;
/*!50001 SET @saved_cs_results         = @@character_set_results */;
/*!50001 SET @saved_col_connection     = @@collation_connection */;
/*!50001 SET character_set_client      = utf8mb4 */;
/*!50001 SET character_set_results     = utf8mb4 */;
/*!50001 SET collation_connection      = utf8mb4_general_ci */;
/*!50001 CREATE ALGORITHM=UNDEFINED */
/*!50013  SQL SECURITY DEFINER */
/*!50001 VIEW `view_clocking_extended` AS select `technicians`.`lastname` AS `lastname`,`technicians`.`firstname` AS `firstname`,concat(`technicians`.`firstname`,' ',`technicians`.`lastname`) AS `fullname`,`clockings`.`id` AS `id`,`clockings`.`date` AS `date`,`clockings`.`start_date` AS `start_date`,`clockings`.`stop_date` AS `stop_date`,`clockings`.`technician_id` AS `technician_id`,`clockings`.`user_id` AS `user_id`,`clockings`.`created_at` AS `created_at`,`clockings`.`updated_at` AS `updated_at`,`clockings`.`worksheet_id` AS `worksheet_id`,date_format(`clockings`.`start_date`,'%d-%m-%Y') AS `start_date_d`,date_format(`clockings`.`start_date`,'%d-%m-%Y') AS `stop_date_d`,date_format(`clockings`.`start_date`,'%H:%i') AS `start_time`,date_format(`clockings`.`stop_date`,'%H:%i') AS `stop_time`,sec_to_time(timestampdiff(SECOND,`clockings`.`start_date`,`clockings`.`stop_date`)) AS `diff` from (`clockings` left join `technicians` on(`clockings`.`technician_id` = `technicians`.`id`)) */;
/*!50001 SET character_set_client      = @saved_cs_client */;
/*!50001 SET character_set_results     = @saved_cs_results */;
/*!50001 SET collation_connection      = @saved_col_connection */;

--
-- Final view structure for view `view_clockings_by_day`
--

/*!50001 DROP TABLE IF EXISTS `view_clockings_by_day`*/;
/*!50001 DROP VIEW IF EXISTS `view_clockings_by_day`*/;
/*!50001 SET @saved_cs_client          = @@character_set_client */;
/*!50001 SET @saved_cs_results         = @@character_set_results */;
/*!50001 SET @saved_col_connection     = @@collation_connection */;
/*!50001 SET character_set_client      = utf8mb4 */;
/*!50001 SET character_set_results     = utf8mb4 */;
/*!50001 SET collation_connection      = utf8mb4_general_ci */;
/*!50001 CREATE ALGORITHM=UNDEFINED */
/*!50013  SQL SECURITY DEFINER */
/*!50001 VIEW `view_clockings_by_day` AS select `vce`.`worksheet_id` AS `worksheet_id`,`vce`.`date` AS `date`,sec_to_time(sum(time_to_sec(`vce`.`diff`))) AS `time` from `view_clocking_extended` `vce` group by `vce`.`worksheet_id`,`vce`.`date` */;
/*!50001 SET character_set_client      = @saved_cs_client */;
/*!50001 SET character_set_results     = @saved_cs_results */;
/*!50001 SET collation_connection      = @saved_col_connection */;

--
-- Final view structure for view `view_clockings_details_correct`
--

/*!50001 DROP TABLE IF EXISTS `view_clockings_details_correct`*/;
/*!50001 DROP VIEW IF EXISTS `view_clockings_details_correct`*/;
/*!50001 SET @saved_cs_client          = @@character_set_client */;
/*!50001 SET @saved_cs_results         = @@character_set_results */;
/*!50001 SET @saved_col_connection     = @@collation_connection */;
/*!50001 SET character_set_client      = utf8mb4 */;
/*!50001 SET character_set_results     = utf8mb4 */;
/*!50001 SET collation_connection      = utf8mb4_general_ci */;
/*!50001 CREATE ALGORITHM=UNDEFINED */
/*!50013  SQL SECURITY DEFINER */
/*!50001 VIEW `view_clockings_details_correct` AS select `cd`.`id` AS `id`,cast(`cd`.`date_time` as date) AS `date`,cast(`cd`.`date_time` as time) AS `time`,`cd`.`action` AS `action`,`cd`.`status` AS `status`,`cd`.`worksheet_id` AS `worksheet_id`,`cd`.`technician_id` AS `technician_id`,`cd`.`user_id` AS `user_id`,`cd`.`created_at` AS `created_at`,`cd`.`updated_at` AS `updated_at`,`w`.`number` AS `w_number`,`t`.`number` AS `t_number`,concat_ws(' ',`t`.`firstname`,`t`.`lastname`) AS `technician` from ((`clockings_details` `cd` left join `worksheets` `w` on(`cd`.`worksheet_id` = `w`.`id`)) left join `technicians` `t` on(`cd`.`technician_id` = `t`.`id`)) where `cd`.`date_time` < curdate() */;
/*!50001 SET character_set_client      = @saved_cs_client */;
/*!50001 SET character_set_results     = @saved_cs_results */;
/*!50001 SET collation_connection      = @saved_col_connection */;

--
-- Final view structure for view `view_partmetadatas_reassort`
--

/*!50001 DROP TABLE IF EXISTS `view_partmetadatas_reassort`*/;
/*!50001 DROP VIEW IF EXISTS `view_partmetadatas_reassort`*/;
/*!50001 SET @saved_cs_client          = @@character_set_client */;
/*!50001 SET @saved_cs_results         = @@character_set_results */;
/*!50001 SET @saved_col_connection     = @@collation_connection */;
/*!50001 SET character_set_client      = utf8mb4 */;
/*!50001 SET character_set_results     = utf8mb4 */;
/*!50001 SET collation_connection      = utf8mb4_general_ci */;
/*!50001 CREATE ALGORITHM=UNDEFINED */
/*!50013  SQL SECURITY DEFINER */
/*!50001 VIEW `view_partmetadatas_reassort` AS select `PM`.`id` AS `id`,`PM`.`part_number` AS `part_number`,`PM`.`description` AS `description`,`PM`.`enabled` AS `enabled`,`PM`.`electrical_part` AS `electrical_part`,`PM`.`bar_code` AS `bar_code`,`PM`.`created_at` AS `created_at`,`PM`.`updated_at` AS `updated_at`,`PM`.`reassort_level` AS `reassort_level`,`PM`.`user_id` AS `user_id`,`ST`.`qty` AS `qty` from (`fassi_cms_03`.`partmetadatas` `PM` left join (select `fassi_cms_03`.`stores`.`partmetadata_id` AS `partmetadata_id`,sum(`fassi_cms_03`.`stores`.`qty`) AS `qty` from `fassi_cms_03`.`stores` group by `fassi_cms_03`.`stores`.`partmetadata_id`) `ST` on(`PM`.`id` = `ST`.`partmetadata_id`)) where `PM`.`reassort_level` >= `ST`.`qty` and `PM`.`enabled` = 1 */;
/*!50001 SET character_set_client      = @saved_cs_client */;
/*!50001 SET character_set_results     = @saved_cs_results */;
/*!50001 SET collation_connection      = @saved_col_connection */;

--
-- Final view structure for view `view_parts_signed_values`
--

/*!50001 DROP TABLE IF EXISTS `view_parts_signed_values`*/;
/*!50001 DROP VIEW IF EXISTS `view_parts_signed_values`*/;
/*!50001 SET @saved_cs_client          = @@character_set_client */;
/*!50001 SET @saved_cs_results         = @@character_set_results */;
/*!50001 SET @saved_col_connection     = @@collation_connection */;
/*!50001 SET character_set_client      = utf8mb4 */;
/*!50001 SET character_set_results     = utf8mb4 */;
/*!50001 SET collation_connection      = utf8mb4_general_ci */;
/*!50001 CREATE ALGORITHM=UNDEFINED */
/*!50013  SQL SECURITY DEFINER */
/*!50001 VIEW `view_parts_signed_values` AS select `parts`.`id` AS `id`,`parts`.`part_number` AS `part_number`,`parts`.`description` AS `description`,`parts`.`qty` AS `qty`,`parts`.`price` AS `price`,`parts`.`year` AS `year`,`parts`.`user_id` AS `user_id`,`parts`.`created_at` AS `created_at`,`parts`.`updated_at` AS `updated_at`,`parts`.`worksheet_id` AS `worksheet_id`,`parts`.`bar_code` AS `bar_code`,`parts`.`type` AS `type`,if(`parts`.`type` = 'O',`parts`.`qty`,`parts`.`qty` * -1) AS `qty_signed`,`parts`.`price` AS `unit_price_signed`,if(`parts`.`type` = 'O',`parts`.`qty` * `parts`.`price`,`parts`.`qty` * `parts`.`price` * -1) AS `total_price_signed` from `parts` */;
/*!50001 SET character_set_client      = @saved_cs_client */;
/*!50001 SET character_set_results     = @saved_cs_results */;
/*!50001 SET collation_connection      = @saved_col_connection */;

--
-- Final view structure for view `view_parts_sum_outs`
--

/*!50001 DROP TABLE IF EXISTS `view_parts_sum_outs`*/;
/*!50001 DROP VIEW IF EXISTS `view_parts_sum_outs`*/;
/*!50001 SET @saved_cs_client          = @@character_set_client */;
/*!50001 SET @saved_cs_results         = @@character_set_results */;
/*!50001 SET @saved_col_connection     = @@collation_connection */;
/*!50001 SET character_set_client      = utf8mb4 */;
/*!50001 SET character_set_results     = utf8mb4 */;
/*!50001 SET collation_connection      = utf8mb4_general_ci */;
/*!50001 CREATE ALGORITHM=UNDEFINED */
/*!50013  SQL SECURITY DEFINER */
/*!50001 VIEW `view_parts_sum_outs` AS select `parts`.`worksheet_id` AS `worksheet_id`,`parts`.`part_number` AS `part_number`,`parts`.`bar_code` AS `bar_code`,sum(`parts`.`qty`) AS `o_qty`,sum(`parts`.`qty`) * -1 AS `r_qty`,sum(`parts`.`price`) AS `o_price`,sum(`parts`.`price`) * -1 AS `r_price` from `parts` where `parts`.`type` = 'O' group by `parts`.`worksheet_id`,`parts`.`part_number`,`parts`.`bar_code` */;
/*!50001 SET character_set_client      = @saved_cs_client */;
/*!50001 SET character_set_results     = @saved_cs_results */;
/*!50001 SET collation_connection      = @saved_col_connection */;

--
-- Final view structure for view `view_parts_sum_reassortements`
--

/*!50001 DROP TABLE IF EXISTS `view_parts_sum_reassortements`*/;
/*!50001 DROP VIEW IF EXISTS `view_parts_sum_reassortements`*/;
/*!50001 SET @saved_cs_client          = @@character_set_client */;
/*!50001 SET @saved_cs_results         = @@character_set_results */;
/*!50001 SET @saved_col_connection     = @@collation_connection */;
/*!50001 SET character_set_client      = utf8mb4 */;
/*!50001 SET character_set_results     = utf8mb4 */;
/*!50001 SET collation_connection      = utf8mb4_general_ci */;
/*!50001 CREATE ALGORITHM=UNDEFINED */
/*!50013  SQL SECURITY DEFINER */
/*!50001 VIEW `view_parts_sum_reassortements` AS select `parts`.`worksheet_id` AS `worksheet_id`,`parts`.`part_number` AS `part_number`,`parts`.`bar_code` AS `bar_code`,sum(`parts`.`qty`) * -1 AS `o_qty`,sum(`parts`.`qty`) AS `r_qty`,sum(`parts`.`price`) * -1 AS `o_price`,sum(`parts`.`price`) AS `r_price` from `parts` where `parts`.`type` = 'R' group by `parts`.`worksheet_id`,`parts`.`part_number`,`parts`.`bar_code` */;
/*!50001 SET character_set_client      = @saved_cs_client */;
/*!50001 SET character_set_results     = @saved_cs_results */;
/*!50001 SET collation_connection      = @saved_col_connection */;

--
-- Final view structure for view `view_parts_total`
--

/*!50001 DROP TABLE IF EXISTS `view_parts_total`*/;
/*!50001 DROP VIEW IF EXISTS `view_parts_total`*/;
/*!50001 SET @saved_cs_client          = @@character_set_client */;
/*!50001 SET @saved_cs_results         = @@character_set_results */;
/*!50001 SET @saved_col_connection     = @@collation_connection */;
/*!50001 SET character_set_client      = utf8mb4 */;
/*!50001 SET character_set_results     = utf8mb4 */;
/*!50001 SET collation_connection      = utf8mb4_general_ci */;
/*!50001 CREATE ALGORITHM=UNDEFINED */
/*!50013  SQL SECURITY DEFINER */
/*!50001 VIEW `view_parts_total` AS select `view_parts_signed_values`.`worksheet_id` AS `worksheet_id`,`view_parts_signed_values`.`part_number` AS `part_number`,`view_parts_signed_values`.`bar_code` AS `bar_code`,sum(`view_parts_signed_values`.`qty_signed`) AS `qty_total`,`view_parts_signed_values`.`price` AS `price`,sum(`view_parts_signed_values`.`total_price_signed`) AS `price_total` from `view_parts_signed_values` group by `view_parts_signed_values`.`worksheet_id`,`view_parts_signed_values`.`part_number`,`view_parts_signed_values`.`bar_code` */;
/*!50001 SET character_set_client      = @saved_cs_client */;
/*!50001 SET character_set_results     = @saved_cs_results */;
/*!50001 SET collation_connection      = @saved_col_connection */;

--
-- Final view structure for view `view_worksheets_customers_cranes`
--

/*!50001 DROP TABLE IF EXISTS `view_worksheets_customers_cranes`*/;
/*!50001 DROP VIEW IF EXISTS `view_worksheets_customers_cranes`*/;
/*!50001 SET @saved_cs_client          = @@character_set_client */;
/*!50001 SET @saved_cs_results         = @@character_set_results */;
/*!50001 SET @saved_col_connection     = @@collation_connection */;
/*!50001 SET character_set_client      = utf8mb4 */;
/*!50001 SET character_set_results     = utf8mb4 */;
/*!50001 SET collation_connection      = utf8mb4_general_ci */;
/*!50001 CREATE ALGORITHM=UNDEFINED */
/*!50013  SQL SECURITY DEFINER */
/*!50001 VIEW `view_worksheets_customers_cranes` AS select `w`.`id` AS `id`,`w`.`number` AS `number`,`w`.`date` AS `date`,year(`w`.`date`) AS `year`,`w`.`validated` AS `validated`,`w`.`validated_date` AS `validated_date`,`w`.`warranty` AS `warranty`,`tc`.`serial` AS `serial`,`tc`.`plate` AS `plate`,`c`.`name` AS `name`,`w`.`truckscrane_id` AS `truckscrane_id` from ((`worksheets` `w` left join `truckscranes` `tc` on(`w`.`truckscrane_id` = `tc`.`id`)) left join `customers` `c` on(`tc`.`customer_id` = `c`.`id`)) */;
/*!50001 SET character_set_client      = @saved_cs_client */;
/*!50001 SET character_set_results     = @saved_cs_results */;
/*!50001 SET collation_connection      = @saved_col_connection */;
/*!40103 SET TIME_ZONE=@OLD_TIME_ZONE */;

/*!40101 SET SQL_MODE=@OLD_SQL_MODE */;
/*!40014 SET FOREIGN_KEY_CHECKS=@OLD_FOREIGN_KEY_CHECKS */;
/*!40014 SET UNIQUE_CHECKS=@OLD_UNIQUE_CHECKS */;
/*!40101 SET CHARACTER_SET_CLIENT=@OLD_CHARACTER_SET_CLIENT */;
/*!40101 SET CHARACTER_SET_RESULTS=@OLD_CHARACTER_SET_RESULTS */;
/*!40101 SET COLLATION_CONNECTION=@OLD_COLLATION_CONNECTION */;
/*!40111 SET SQL_NOTES=@OLD_SQL_NOTES */;

-- Dump completed on 2022-08-21 14:41:11
